Periodo;Nombre completo;Id. del estudiante;Correo electrónico;Fecha de inscripción;Título de la clase;Curso de ALEKS;Fecha inicial de la verificación de conocimientos;Icfes nuevo;Icfes Matemáticas;Tiempo empleado en la verificación de conocimientos;Dominados (cantidad de temas);Primera verificación de conocimientos - Cantidad total de temas disponibles;Progreso (cantidad de temas);Mejor progreso en el gráfico circular - Cantidad total de temas disponibles;Tiempo Total Tiempo;Tiempo total - Practicados;Tiempo total - Aprendidos/hora;Tiempo total dedicado a esta clase;programa en matricula;division en matricula;Asignatura Relacionada;Mat Curso Asignatura Relacionada;Categoria temas final;avance precalculo aleks;Categoria temas inicial;nota primer parcial;pidm en matricula;avance cuartiles;cumplimiento temas;nota final
202410;N;1;N;15/01/2024 9:36:55 a. m.;202410 Pre-Cálculo ANEC;Precálculo;15/01/2024 9:47:04 a. m.;304;64;0,333333333;0;79;21;79;19,01666667;23;1,104730174;19,01666667;Negocios Internacionales;Escuela de Negocios;CALCULO I (ANEC);MAT1100;2 Ecuaciones y desigualdades;21;0 No dominó temas;4,4;1;1 Avance entre [ 18 - 37 temas];No alcanzo meta;3,4
202410;N;2;N;11/01/2024 2:16:57 p. m.;202410 Pre-Cálculo ANEC;Precálculo;11/01/2024 2:22:50 p. m.;340;74;0,283333333;0;79;49;79;37,65;58;1,460607849;37,65;Negocios Internacionales;Escuela de Negocios;CALCULO I (ANEC);MAT1100;3 Temas Parcial 1 Cálculo I;49;0 No dominó temas;5;2;2 Avance entre [ 37 - 55 temas];Cumplimiento meta;4,7
202410;N;3;N;11/01/2024 2:10:38 p. m.;202410 Pre-Cálculo ANEC;Precálculo;11/01/2024 2:16:32 p. m.;297;78;0,283333333;0;79;11;79;19,96666667;15;0,550941191;19,96666667;Economía;Div Humanidades, Artes y Cs. S;CALCULO I (ANEC);MAT1100;2 Ecuaciones y desigualdades;11;0 No dominó temas;4,1;3;0 Avance menor a 18 temas;No alcanzo meta;3,3
202410;N;4;N;15/01/2024 9:08:42 a. m.;202410 Pre-Cálculo ANEC;Precálculo;15/01/2024 9:12:30 a. m.;331;69;0,833333333;0;79;9;79;10,21666667;12;0,880817747;10,21666667;Administración de Empresas;Escuela de Negocios;CALCULO I (ANEC);MAT1100;1 Repaso de Álgebra y Geometría;9;0 No dominó temas;2,6;4;0 Avance menor a 18 temas;No alcanzo meta;3,1
202410;N;5;N;18/01/2024 8:44:18 a. m.;202410 Pre-Cálculo ANEC;Precálculo;18/01/2024 8:58:53 a. m.;345;71;0,1;0;79;7;79;3,916666667;7;1,789264414;3,916666667;Básico Negoc Internacionales;Centro de Educ. Continuada;CALCULO I (ANEC);MAT1100;1 Repaso de Álgebra y Geometría;7;0 No dominó temas;;5;0 Avance menor a 18 temas;No alcanzo meta;1,5
202410;N;6;N;11/01/2024 2:13:05 p. m.;202410 Pre-Cálculo ANEC;Precálculo;11/01/2024 2:17:58 p. m.;319;71;0,483333333;0;79;31;79;48,11666667;28;0,498845266;48,11666667;Administración de Empresas;Escuela de Negocios;CALCULO I (ANEC);MAT1100;3 Temas Parcial 1 Cálculo I;31;0 No dominó temas;4,2;6;1 Avance entre [ 18 - 37 temas];Cumplimiento meta;3,5
202410;N;7;N;11/01/2024 2:11:15 p. m.;202410 Pre-Cálculo ANEC;Precálculo;11/01/2024 2:15:57 p. m.;353;73;0,466666667;0;79;39;79;36,18333333;38;0,884507302;36,18333333;Administración de Empresas;Escuela de Negocios;CALCULO I (ANEC);MAT1100;3 Temas Parcial 1 Cálculo I;39;0 No dominó temas;4,1;7;2 Avance entre [ 37 - 55 temas];Cumplimiento meta;3,6
202410;N;8;N;11/01/2024 2:12:14 p. m.;202410 Pre-Cálculo ANEC;Precálculo;11/01/2024 2:17:00 p. m.;288;67;0,133333333;0;79;45;79;30,18333333;48;1,523641282;30,18333333;Negocios Internacionales;Escuela de Negocios;CALCULO I (ANEC);MAT1100;3 Temas Parcial 1 Cálculo I;45;0 No dominó temas;4,5;8;2 Avance entre [ 37 - 55 temas];Cumplimiento meta;3,8
202410;N;9;N;15/01/2024 9:37:56 a. m.;202410 Pre-Cálculo ANEC;Precálculo;15/01/2024 9:52:15 a. m.;307;73;0,216666667;0;79;26;79;19;28;1,368001052;19;Negocios Internacionales;Escuela de Negocios;CALCULO I (ANEC);MAT1100;2 Ecuaciones y desigualdades;26;0 No dominó temas;1,9;9;1 Avance entre [ 18 - 37 temas];No alcanzo meta;1,5
202410;N;10;N;15/01/2024 9:46:05 a. m.;202410 Pre-Cálculo ANEC;Precálculo;15/01/2024 9:50:38 a. m.;345;71;0,65;0;79;28;79;20,63333333;34;1,550867651;20,63333333;Negocios Internacionales;Escuela de Negocios;CALCULO I (ANEC);MAT1100;2 Ecuaciones y desigualdades;28;0 No dominó temas;2,4;10;1 Avance entre [ 18 - 37 temas];No alcanzo meta;2,5
202410;N;11;N;11/01/2024 2:09:59 p. m.;202410 Pre-Cálculo ANEC;Precálculo;11/01/2024 2:13:28 p. m.;302;63;0,233333333;0;79;10;79;10,13333333;14;0,986950324;10,13333333;Administración de Empresas;Escuela de Negocios;CALCULO I (ANEC);MAT1100;1 Repaso de Álgebra y Geometría;10;0 No dominó temas;4;11;0 Avance menor a 18 temas;No alcanzo meta;3,4
202410;N;12;N;15/01/2024 9:30:11 a. m.;202410 Pre-Cálculo ANEC;Precálculo;15/01/2024 9:46:45 a. m.;261;71;0,3;0;79;0;79;3,833333333;2;0;3,833333333;Negocios Internacionales;Escuela de Negocios;CALCULO I (ANEC);MAT1100;0 No dominó temas;0;0 No dominó temas;2,3;12;0 Avance menor a 18 temas;No alcanzo meta;3,7
202410;N;13;N;11/01/2024 2:10:07 p. m.;202410 Pre-Cálculo ANEC;Precálculo;11/01/2024 2:19:12 p. m.;325;77;0,166666667;0;79;37;79;31,66666667;44;1,042297265;31,66666667;Negocios Internacionales;Escuela de Negocios;CALCULO I (ANEC);MAT1100;3 Temas Parcial 1 Cálculo I;37;0 No dominó temas;3,9;13;2 Avance entre [ 37 - 55 temas];Cumplimiento meta;1,5
202410;N;14;N;11/01/2024 2:08:47 p. m.;202410 Pre-Cálculo ANEC;Precálculo;11/01/2024 2:16:28 p. m.;316;57;0,35;0;79;29;79;25,1;31;0,916050803;25,1;Administración de Empresas;Escuela de Negocios;CALCULO I (ANEC);MAT1100;2 Ecuaciones y desigualdades;29;0 No dominó temas;3,5;14;1 Avance entre [ 18 - 37 temas];No alcanzo meta;3
202410;N;15;N;15/01/2024 9:03:11 a. m.;202410 Pre-Cálculo ANEC;Precálculo;15/01/2024 9:08:12 a. m.;317;68;0,216666667;0;79;8;79;21,01666667;14;0,380544655;21,01666667;Administración de Empresas;Escuela de Negocios;CALCULO I (ANEC);MAT1100;1 Repaso de Álgebra y Geometría;8;0 No dominó temas;3,1;15;0 Avance menor a 18 temas;No alcanzo meta;3
202410;N;16;N;15/01/2024 9:06:10 a. m.;202410 Pre-Cálculo ANEC;Precálculo;15/01/2024 9:10:36 a. m.;335;64;0,083333333;0;79;23;79;17,3;26;1,271370094;17,3;Administración de Empresas;Escuela de Negocios;CALCULO I (ANEC);MAT1100;2 Ecuaciones y desigualdades;23;0 No dominó temas;2,3;16;1 Avance entre [ 18 - 37 temas];No alcanzo meta;1,5
202410;N;17;N;16/01/2024 9:02:40 a. m.;202410 Pre-Cálculo ANEC;Precálculo;16/01/2024 9:11:29 a. m.;254;53;0,633333333;0;79;15;79;16,11666667;16;0,930665426;16,11666667;Contaduría Pública;Escuela de Negocios;CALCULO I (ANEC);MAT1100;2 Ecuaciones y desigualdades;15;0 No dominó temas;2,4;17;0 Avance menor a 18 temas;No alcanzo meta;3
202410;N;18;N;11/01/2024 2:13:37 p. m.;202410 Pre-Cálculo ANEC;Precálculo;11/01/2024 2:18:47 p. m.;247;54;0,1;0;79;27;79;25;33;1,15978093;25;Contaduría Pública;Escuela de Negocios;CALCULO I (ANEC);MAT1100;2 Ecuaciones y desigualdades;27;0 No dominó temas;4,4;18;1 Avance entre [ 18 - 37 temas];No alcanzo meta;4,1
202410;N;19;N;11/01/2024 2:13:28 p. m.;202410 Pre-Cálculo ANEC;Precálculo;11/01/2024 2:19:26 p. m.;337;68;0,366666667;0;79;45;79;35,35;45;1,131399478;35,35;Administración de Empresas;Escuela de Negocios;CALCULO I (ANEC);MAT1100;3 Temas Parcial 1 Cálculo I;45;0 No dominó temas;4,3;19;2 Avance entre [ 37 - 55 temas];Cumplimiento meta;3,2
202410;N;20;N;18/01/2024 6:33:57 p. m.;202410 Pre-Cálculo ANEC;Precálculo;27/01/2024 2:53:56 p. m.;381;73;0,15;0;79;0;79;0,516666667;1;0;0,516666667;Negocios Internacionales;Escuela de Negocios;CALCULO I (ANEC);MAT1100;0 No dominó temas;0;0 No dominó temas;5;20;0 Avance menor a 18 temas;No alcanzo meta;4,6
202410;N;21;N;16/01/2024 8:42:52 a. m.;202410 Pre-Cálculo ANEC;Precálculo;16/01/2024 8:48:01 a. m.;345;71;0,516666667;0;79;11;79;8,733333333;13;1,260624582;8,733333333;Negocios Internacionales;Escuela de Negocios;CALCULO I (ANEC);MAT1100;2 Ecuaciones y desigualdades;11;0 No dominó temas;2,4;21;0 Avance menor a 18 temas;No alcanzo meta;3,1
202410;N;22;N;16/01/2024 1:45:17 p. m.;202410 Pre-Cálculo ANEC;Precálculo;16/01/2024 1:48:13 p. m.;308;58;0,183333333;0;79;42;79;18,13333333;33;1,654589187;18,13333333;Administración de Empresas;Escuela de Negocios;CALCULO I (ANEC);MAT1100;3 Temas Parcial 1 Cálculo I;42;0 No dominó temas;4,7;22;2 Avance entre [ 37 - 55 temas];Cumplimiento meta;4,5
202410;N;23;N;15/01/2024 9:37:06 a. m.;202410 Pre-Cálculo ANEC;Precálculo;15/01/2024 9:48:09 a. m.;325;58;0,566666667;0;79;27;79;19,76666667;31;1,365475388;19,76666667;Negocios Internacionales;Escuela de Negocios;CALCULO I (ANEC);MAT1100;2 Ecuaciones y desigualdades;27;0 No dominó temas;4,3;23;1 Avance entre [ 18 - 37 temas];No alcanzo meta;3
202410;N;24;N;11/01/2024 2:12:12 p. m.;202410 Pre-Cálculo ANEC;Precálculo;11/01/2024 2:19:09 p. m.;362;78;0,133333333;0;79;43;79;44,08333333;47;1,020845411;44,08333333;Negocios Internacionales;Escuela de Negocios;CALCULO I (ANEC);MAT1100;3 Temas Parcial 1 Cálculo I;43;0 No dominó temas;3,9;24;2 Avance entre [ 37 - 55 temas];Cumplimiento meta;3,7
202410;N;25;N;19/01/2024 11:00:54 a. m.;202410 Pre-Cálculo ANEC;Precálculo;-;409;76;;0;79;0;0;;;;0;Negocios Internacionales;Escuela de Negocios;CALCULO I (ANEC);MAT1100;0 No dominó temas;0;0 No dominó temas;3,8;25;0 Avance menor a 18 temas;No alcanzo meta;4,3
202410;N;26;N;15/01/2024 9:03:06 a. m.;202410 Pre-Cálculo ANEC;Precálculo;15/01/2024 9:09:35 a. m.;274;61;1,266666667;0;79;23;79;21,01666667;25;1,094167085;21,01666667;Contaduría Pública;Escuela de Negocios;CALCULO I (ANEC);MAT1100;2 Ecuaciones y desigualdades;23;0 No dominó temas;4,7;26;1 Avance entre [ 18 - 37 temas];No alcanzo meta;3,9
202410;N;27;N;15/01/2024 9:49:38 a. m.;202410 Pre-Cálculo ANEC;Precálculo;15/01/2024 9:53:32 a. m.;323;67;0,333333333;0;79;24;79;22,73333333;34;1,231250305;22,73333333;Negocios Internacionales;Escuela de Negocios;CALCULO I (ANEC);MAT1100;2 Ecuaciones y desigualdades;24;0 No dominó temas;2,5;27;1 Avance entre [ 18 - 37 temas];No alcanzo meta;3,2
202410;N;28;N;15/01/2024 9:48:52 a. m.;202410 Pre-Cálculo ANEC;Precálculo;15/01/2024 9:53:53 a. m.;303;62;0,516666667;0;79;59;79;26,7;49;1,835416038;26,7;Negocios Internacionales;Escuela de Negocios;CALCULO I (ANEC);MAT1100;4 Temas Parcial 2 Cálculo I;59;0 No dominó temas;3,5;28;3 Avance superior a 55 temas;Cumplimiento meta;3
202410;N;29;N;11/01/2024 2:10:37 p. m.;202410 Pre-Cálculo ANEC;Precálculo;11/01/2024 2:13:26 p. m.;307;63;0,266666667;0;79;30;79;19,51666667;47;1,64002107;19,51666667;Administración de Empresas;Escuela de Negocios;CALCULO I (ANEC);MAT1100;2 Ecuaciones y desigualdades;30;0 No dominó temas;3,1;29;1 Avance entre [ 18 - 37 temas];No alcanzo meta;3,1
202410;N;30;N;15/01/2024 9:46:10 a. m.;202410 Pre-Cálculo ANEC;Precálculo;15/01/2024 9:55:44 a. m.;275;56;0,266666667;0;79;11;79;12,66666667;15;0,868497237;12,66666667;Negocios Internacionales;Escuela de Negocios;CALCULO I (ANEC);MAT1100;2 Ecuaciones y desigualdades;11;0 No dominó temas;2,2;30;0 Avance menor a 18 temas;No alcanzo meta;2,7
202410;N;31;N;15/01/2024 9:54:55 a. m.;202410 Pre-Cálculo ANEC;Precálculo;15/01/2024 9:57:03 a. m.;335;67;0,183333333;0;79;44;79;18,86666667;31;1,53730618;18,86666667;Negocios Internacionales;Escuela de Negocios;CALCULO I (ANEC);MAT1100;3 Temas Parcial 1 Cálculo I;44;0 No dominó temas;2,6;31;2 Avance entre [ 37 - 55 temas];Cumplimiento meta;3
202410;N;32;N;15/01/2024 9:03:09 a. m.;202410 Pre-Cálculo ANEC;Precálculo;15/01/2024 9:09:32 a. m.;351;66;0,716666667;0;79;35;79;20,41666667;33;1,468808225;20,41666667;Administración de Empresas;Escuela de Negocios;CALCULO I (ANEC);MAT1100;3 Temas Parcial 1 Cálculo I;35;0 No dominó temas;4,2;32;1 Avance entre [ 18 - 37 temas];Cumplimiento meta;4
202410;N;33;N;11/01/2024 2:07:27 p. m.;202410 Pre-Cálculo ANEC;Precálculo;11/01/2024 2:18:13 p. m.;308;66;0,233333333;0;79;34;79;40,18333333;38;0,821349558;40,18333333;Negocios Internacionales;Escuela de Negocios;CALCULO I (ANEC);MAT1100;3 Temas Parcial 1 Cálculo I;34;0 No dominó temas;1,5;33;1 Avance entre [ 18 - 37 temas];Cumplimiento meta;2,8
202410;N;34;N;15/01/2024 9:09:33 a. m.;202410 Pre-Cálculo ING-GEO;Precálculo;-;267;51;;0;79;0;0;;;;0;Ingeniería Industrial;División de Ingenierías;CALCULO I;MAT1101;0 No dominó temas;0;0 No dominó temas;3,1;34;0 Avance menor a 19 temas;No alcanzo meta;1,5
202410;N;35;N;11/01/2024 1:54:30 p. m.;202410 Pre-Cálculo ING-GEO;Precálculo;11/01/2024 1:58:22 p. m.;313;68;0,416666667;0;79;52;79;62,06666667;74;1,047125105;62,06666667;Ingeniería Industrial;División de Ingenierías;CALCULO I;MAT1101;3 Temas Parcial 1 Cálculo I;52;0 No dominó temas;3;35;2 Avance entre [ 40 - 60 temas];Cumplimiento meta;3
202410;N;36;N;11/01/2024 8:42:11 a. m.;202410 Pre-Cálculo ING-GEO;Precálculo;11/01/2024 9:04:01 a. m.;259;44;0,266666667;0;79;30;79;54,96666667;53;0,618550449;54,96666667;Ingeniería Sistemas Y Computac;División de Ingenierías;CALCULO I;MAT1101;2 Ecuaciones y desigualdades;30;0 No dominó temas;2;36;1 Avance entre [ 19 - 40 temas];No alcanzo meta;2,3
202410;N;37;N;15/01/2024 8:45:19 a. m.;202410 Pre-Cálculo ING-GEO;Precálculo;15/01/2024 8:50:50 a. m.;285;62;0,566666667;0;79;28;79;36,83333333;38;0,923042118;36,83333333;Ingeniería Civil;División de Ingenierías;CALCULO I;MAT1101;2 Ecuaciones y desigualdades;28;0 No dominó temas;2;37;1 Avance entre [ 19 - 40 temas];No alcanzo meta;1,5
202410;N;38;N;15/01/2024 9:07:54 a. m.;202410 Pre-Cálculo ING-GEO;Precálculo;15/01/2024 9:15:15 a. m.;322;68;0,8;0;79;33;79;26,73333333;34;1,047610139;26,73333333;Ingeniería Sistemas Y Computac;División de Ingenierías;CALCULO I;MAT1101;3 Temas Parcial 1 Cálculo I;33;0 No dominó temas;3;38;1 Avance entre [ 19 - 40 temas];Cumplimiento meta;3,4
202410;N;39;N;15/01/2024 8:58:54 a. m.;202410 Pre-Cálculo ING-GEO;Precálculo;15/01/2024 9:04:03 a. m.;314;61;0,35;0;79;34;79;36,43333333;37;0,74116436;36,43333333;Ingeniería Mecánica;División de Ingenierías;CALCULO I;MAT1101;3 Temas Parcial 1 Cálculo I;34;0 No dominó temas;2,2;39;1 Avance entre [ 19 - 40 temas];Cumplimiento meta;1,5
202410;N;40;N;15/01/2024 9:05:02 a. m.;202410 Pre-Cálculo ING-GEO;Precálculo;15/01/2024 9:10:44 a. m.;296;66;0,033333333;0;79;5;79;17,86666667;10;0,279724627;17,86666667;Ingeniería Sistemas Y Computac;División de Ingenierías;CALCULO I;MAT1101;1 Repaso de Álgebra y Geometría;5;0 No dominó temas;2;40;0 Avance menor a 19 temas;No alcanzo meta;1,5
202410;N;41;N;17/01/2024 8:27:24 a. m.;202410 Pre-Cálculo ING-GEO;Precálculo;17/01/2024 8:31:43 a. m.;325;63;0,166666667;0;79;30;79;14,3;20;1,398927489;14,3;Ingeniería Industrial;División de Ingenierías;CALCULO I;MAT1101;2 Ecuaciones y desigualdades;30;0 No dominó temas;3,2;41;1 Avance entre [ 19 - 40 temas];No alcanzo meta;3,6
202410;N;42;N;15/01/2024 8:45:21 a. m.;202410 Pre-Cálculo ING-GEO;Precálculo;15/01/2024 8:49:52 a. m.;304;57;0,633333333;0;79;8;79;11,15;10;0,717202909;11,15;Ingeniería Civil;División de Ingenierías;CALCULO I;MAT1101;1 Repaso de Álgebra y Geometría;8;0 No dominó temas;2;42;0 Avance menor a 19 temas;No alcanzo meta;1,5
202410;N;43;N;15/01/2024 8:56:37 a. m.;202410 Pre-Cálculo ING-GEO;Precálculo;15/01/2024 9:01:42 a. m.;342;70;0,45;0;79;62;79;55,08333333;68;1,1075694;55,08333333;Ingeniería Mecánica;División de Ingenierías;CALCULO I;MAT1101;4 Temas Parcial 2 Cálculo I;62;0 No dominó temas;3,4;43;3 Avance superior a 60 temas;Cumplimiento meta;3,2
202410;N;44;N;15/01/2024 9:06:13 a. m.;202410 Pre-Cálculo ING-GEO;Precálculo;15/01/2024 9:09:49 a. m.;353;68;0,516666667;0;79;35;79;22,6;31;1,239181747;22,6;Ingeniería Industrial;División de Ingenierías;CALCULO I;MAT1101;3 Temas Parcial 1 Cálculo I;35;0 No dominó temas;3,1;44;1 Avance entre [ 19 - 40 temas];Cumplimiento meta;3,3
202410;N;45;N;15/01/2024 8:50:40 a. m.;202410 Pre-Cálculo ING-GEO;Precálculo;15/01/2024 8:54:59 a. m.;443;100;0,05;0;79;37;79;58,46666667;43;0,615814457;58,46666667;Ingeniería Electrónica;División de Ingenierías;CALCULO I;MAT1101;3 Temas Parcial 1 Cálculo I;37;0 No dominó temas;2,14;45;1 Avance entre [ 19 - 40 temas];Cumplimiento meta;1,5
202410;N;46;N;15/01/2024 8:58:38 a. m.;202410 Pre-Cálculo ING-GEO;Precálculo;15/01/2024 9:03:16 a. m.;305;59;0,1;0;79;4;79;13,03333333;8;0,307036247;13,03333333;Ingeniería Mecánica;División de Ingenierías;CALCULO I;MAT1101;1 Repaso de Álgebra y Geometría;4;0 No dominó temas;2;46;0 Avance menor a 19 temas;No alcanzo meta;2,8
202410;N;47;N;15/01/2024 1:55:57 p. m.;202410 Pre-Cálculo ING-GEO;Precálculo;15/01/2024 2:01:57 p. m.;336;66;0,483333333;0;79;21;79;20,98333333;31;1,238865432;20,98333333;Ingeniería Sistemas Y Computac;División de Ingenierías;CALCULO I;MAT1101;2 Ecuaciones y desigualdades;21;0 No dominó temas;2,8;47;1 Avance entre [ 19 - 40 temas];No alcanzo meta;3
202410;N;48;N;16/01/2024 8:48:03 a. m.;202410 Pre-Cálculo ING-GEO;Precálculo;16/01/2024 9:05:32 a. m.;335;63;0,266666667;0;79;13;79;6,783333333;15;1,914345318;6,783333333;Ingeniería Industrial;División de Ingenierías;CALCULO I;MAT1101;2 Ecuaciones y desigualdades;13;0 No dominó temas;3,8;48;0 Avance menor a 19 temas;No alcanzo meta;3,6
202410;N;49;N;11/01/2024 8:46:31 a. m.;202410 Pre-Cálculo ING-GEO;Precálculo;11/01/2024 9:05:18 a. m.;288;57;0,2;0;79;38;79;28,9;43;1,315017928;28,9;Ingeniería Sistemas Y Computac;División de Ingenierías;CALCULO I;MAT1101;3 Temas Parcial 1 Cálculo I;38;0 No dominó temas;2;49;1 Avance entre [ 19 - 40 temas];Cumplimiento meta;1,5
202410;N;50;N;15/01/2024 9:11:17 a. m.;202410 Pre-Cálculo ING-GEO;Precálculo;15/01/2024 9:25:10 a. m.;319;74;0,583333333;0;79;30;79;35,91666667;29;0,695953418;35,91666667;Ingeniería Industrial;División de Ingenierías;CALCULO I;MAT1101;2 Ecuaciones y desigualdades;30;0 No dominó temas;2,8;50;1 Avance entre [ 19 - 40 temas];No alcanzo meta;1,5
202410;N;51;N;15/01/2024 9:06:46 a. m.;202410 Pre-Cálculo ING-GEO;Precálculo;15/01/2024 9:11:45 a. m.;363;73;0,416666667;0;79;47;79;25,8;42;1,550070507;25,8;Ingeniería Sistemas Y Computac;División de Ingenierías;CALCULO I;MAT1101;3 Temas Parcial 1 Cálculo I;47;0 No dominó temas;2,5;51;2 Avance entre [ 40 - 60 temas];Cumplimiento meta;3,5
202410;N;52;N;15/01/2024 9:02:49 a. m.;202410 Pre-Cálculo ING-GEO;Precálculo;15/01/2024 9:11:59 a. m.;269;61;1,416666667;0;79;13;79;43,61666667;19;0,298005654;43,61666667;Geología;División de Ciencias Básicas;CALCULO I;MAT1101;2 Ecuaciones y desigualdades;13;0 No dominó temas;2,2;52;0 Avance menor a 19 temas;No alcanzo meta;2,4
202410;N;53;N;15/01/2024 8:54:08 a. m.;202410 Pre-Cálculo ING-GEO;Precálculo;15/01/2024 8:58:24 a. m.;372;74;0,116666667;0;79;40;79;20,31666667;41;1,870897155;20,31666667;Ingeniería Mecánica;División de Ingenierías;CALCULO I;MAT1101;3 Temas Parcial 1 Cálculo I;40;0 No dominó temas;3,7;53;2 Avance entre [ 40 - 60 temas];Cumplimiento meta;3,4
202410;N;54;N;15/01/2024 9:07:17 a. m.;202410 Pre-Cálculo ING-GEO;Precálculo;15/01/2024 9:10:21 a. m.;296;60;0,25;0;79;25;79;22,55;31;1,197619546;22,55;Ingeniería Sistemas Y Computac;División de Ingenierías;CALCULO I;MAT1101;2 Ecuaciones y desigualdades;25;0 No dominó temas;3;54;1 Avance entre [ 19 - 40 temas];No alcanzo meta;3
202410;N;55;N;15/01/2024 9:05:24 a. m.;202410 Pre-Cálculo ING-GEO;Precálculo;15/01/2024 9:07:50 a. m.;327;65;0,25;0;79;13;79;19,68333333;16;0,660503846;19,68333333;Ingeniería Sistemas Y Computac;División de Ingenierías;CALCULO I;MAT1101;2 Ecuaciones y desigualdades;13;0 No dominó temas;1,32;55;0 Avance menor a 19 temas;No alcanzo meta;1,5
202410;N;56;N;11/01/2024 9:06:42 a. m.;202410 Pre-Cálculo ING-GEO;Precálculo;11/01/2024 9:28:46 a. m.;310;66;0,5;0;79;21;79;22;25;0,954509299;22;Ingeniería Eléctrica;División de Ingenierías;CALCULO I;MAT1101;2 Ecuaciones y desigualdades;21;0 No dominó temas;1;56;1 Avance entre [ 19 - 40 temas];No alcanzo meta;1,5
202410;N;57;N;19/01/2024 8:33:24 a. m.;202410 Pre-Cálculo ING-GEO;Precálculo;19/01/2024 8:39:53 a. m.;356;61;0,583333333;0;79;4;79;5,366666667;6;0,745380196;5,366666667;Ingeniería Electrónica;División de Ingenierías;CALCULO I;MAT1101;1 Repaso de Álgebra y Geometría;4;0 No dominó temas;2,77;57;0 Avance menor a 19 temas;No alcanzo meta;3
202410;N;58;N;15/01/2024 9:02:19 a. m.;202410 Pre-Cálculo ING-GEO;Precálculo;15/01/2024 9:08:05 a. m.;310;66;0,066666667;0;79;25;79;24,93333333;23;0,802264168;24,93333333;Ingeniería Sistemas Y Computac;División de Ingenierías;CALCULO I;MAT1101;2 Ecuaciones y desigualdades;25;0 No dominó temas;1,2;58;1 Avance entre [ 19 - 40 temas];No alcanzo meta;1,5
202410;N;59;N;15/01/2024 9:06:39 a. m.;202410 Pre-Cálculo ING-GEO;Precálculo;15/01/2024 9:12:05 a. m.;347;65;0,833333333;0;79;46;79;33,26666667;47;1,292488039;33,26666667;Ingeniería Sistemas Y Computac;División de Ingenierías;CALCULO I;MAT1101;3 Temas Parcial 1 Cálculo I;46;0 No dominó temas;2;59;2 Avance entre [ 40 - 60 temas];Cumplimiento meta;2,3
202410;N;60;N;16/01/2024 1:38:45 p. m.;202410 Pre-Cálculo ING-GEO;Precálculo;-;279;50;;0;79;0;0;1,266666667;0;0;1,266666667;Ingeniería Industrial;División de Ingenierías;CALCULO I;MAT1101;0 No dominó temas;0;0 No dominó temas;2,5;60;0 Avance menor a 19 temas;No alcanzo meta;2,6
202410;N;61;N;11/01/2024 2:20:40 p. m.;202410 Pre-Cálculo ING-GEO;Precálculo;11/01/2024 2:25:13 p. m.;284;58;0,15;0;79;9;79;12,9;13;0,697824682;12,9;Ingeniería Industrial;División de Ingenierías;CALCULO I;MAT1101;1 Repaso de Álgebra y Geometría;9;0 No dominó temas;3;61;0 Avance menor a 19 temas;No alcanzo meta;3
202410;N;62;N;15/01/2024 8:54:36 a. m.;202410 Pre-Cálculo ING-GEO;Precálculo;15/01/2024 8:57:43 a. m.;287;59;0,366666667;0;79;37;79;33,15;47;1,236729872;33,15;Ingeniería Electrónica;División de Ingenierías;CALCULO I;MAT1101;3 Temas Parcial 1 Cálculo I;37;0 No dominó temas;1,75;62;1 Avance entre [ 19 - 40 temas];Cumplimiento meta;1,5
202410;N;63;N;16/01/2024 2:53:59 p. m.;202410 Pre-Cálculo ING-GEO;Precálculo;16/01/2024 2:57:04 p. m.;258;53;0,033333333;0;79;3;79;8,45;6;0,354971241;8,45;Ingeniería Sistemas Y Computac;División de Ingenierías;CALCULO I;MAT1101;1 Repaso de Álgebra y Geometría;3;0 No dominó temas;1;63;0 Avance menor a 19 temas;No alcanzo meta;1,5
202410;N;64;N;15/01/2024 9:09:50 a. m.;202410 Pre-Cálculo ING-GEO;Precálculo;15/01/2024 9:14:21 a. m.;339;68;0,666666667;0;79;27;79;21,96666667;29;1,183656436;21,96666667;Ingeniería Sistemas Y Computac;División de Ingenierías;CALCULO I;MAT1101;2 Ecuaciones y desigualdades;27;0 No dominó temas;2,4;64;1 Avance entre [ 19 - 40 temas];No alcanzo meta;2,7
202410;N;65;N;15/01/2024 9:09:38 a. m.;202410 Pre-Cálculo ING-GEO;Precálculo;15/01/2024 9:14:18 a. m.;334;67;0,25;0;79;26;79;17,85;27;1,4571949;17,85;Ingeniería Sistemas Y Computac;División de Ingenierías;CALCULO I;MAT1101;2 Ecuaciones y desigualdades;26;0 No dominó temas;2,2;65;1 Avance entre [ 19 - 40 temas];No alcanzo meta;3,3
202410;N;66;N;15/01/2024 9:09:21 a. m.;202410 Pre-Cálculo ING-GEO;Precálculo;15/01/2024 9:14:25 a. m.;239;56;0,25;0;79;0;79;11,6;15;0;11,6;Ingeniería Industrial;División de Ingenierías;CALCULO I;MAT1101;0 No dominó temas;0;0 No dominó temas;2,2;66;0 Avance menor a 19 temas;No alcanzo meta;1,5
202410;N;67;N;25/01/2024 3:18:52 p. m.;202410 Pre-Cálculo ING-GEO;Precálculo;-;417;78;;0;79;0;0;0,016666667;0;0;0,016666667;Ingeniería Sistemas Y Computac;División de Ingenierías;CALCULO I;MAT1101;0 No dominó temas;0;0 No dominó temas;4,1;67;0 Avance menor a 19 temas;No alcanzo meta;4,1
202410;N;68;N;11/01/2024 9:06:48 a. m.;202410 Pre-Cálculo ING-GEO;Precálculo;11/01/2024 9:28:53 a. m.;300;66;0,316666667;0;79;44;79;43,96666667;55;1,091556858;43,96666667;Ingeniería Eléctrica;División de Ingenierías;CALCULO I;MAT1101;3 Temas Parcial 1 Cálculo I;44;0 No dominó temas;1;68;2 Avance entre [ 40 - 60 temas];Cumplimiento meta;1,5
202410;N;69;N;15/01/2024 9:17:29 a. m.;202410 Pre-Cálculo ING-GEO;Precálculo;15/01/2024 9:23:33 a. m.;375;76;0,416666667;0;79;31;79;21,5;34;1,488602884;21,5;Ingeniería Sistemas Y Computac;División de Ingenierías;CALCULO I;MAT1101;3 Temas Parcial 1 Cálculo I;31;0 No dominó temas;3,1;69;1 Avance entre [ 19 - 40 temas];Cumplimiento meta;3
202410;N;70;N;15/01/2024 4:11:30 p. m.;202410 Pre-Cálculo ING-GEO;Precálculo;-;288;56;;0;79;0;0;0,416666667;0;0;0,416666667;Ingeniería Sistemas Y Computac;División de Ingenierías;CALCULO I;MAT1101;0 No dominó temas;0;0 No dominó temas;1,3;70;0 Avance menor a 19 temas;No alcanzo meta;2,6
202410;N;71;N;16/01/2024 8:53:00 a. m.;202410 Pre-Cálculo ING-GEO;Precálculo;16/01/2024 8:57:39 a. m.;307;66;1,016666667;0;79;13;79;22,35;17;0,581539838;22,35;Ingeniería Sistemas Y Computac;División de Ingenierías;CALCULO I;MAT1101;2 Ecuaciones y desigualdades;13;0 No dominó temas;1;71;0 Avance menor a 19 temas;No alcanzo meta;1,5
202410;N;72;N;11/01/2024 9:06:40 a. m.;202410 Pre-Cálculo ING-GEO;Precálculo;11/01/2024 9:29:10 a. m.;245;54;0,2;0;79;30;79;29,28333333;33;1,024502689;29,28333333;Ingeniería Eléctrica;División de Ingenierías;CALCULO I;MAT1101;2 Ecuaciones y desigualdades;30;0 No dominó temas;1;72;1 Avance entre [ 19 - 40 temas];No alcanzo meta;1,5
202410;N;73;N;15/01/2024 8:53:30 a. m.;202410 Pre-Cálculo ING-GEO;Precálculo;15/01/2024 8:59:02 a. m.;293;56;0,233333333;0;79;30;79;31,11666667;37;1,092515732;31,11666667;Ingeniería Electrónica;División de Ingenierías;CALCULO I;MAT1101;2 Ecuaciones y desigualdades;30;0 No dominó temas;2,28;73;1 Avance entre [ 19 - 40 temas];No alcanzo meta;3
202410;N;74;N;15/01/2024 9:07:28 a. m.;202410 Pre-Cálculo ING-GEO;Precálculo;15/01/2024 9:10:43 a. m.;311;62;0,233333333;0;79;34;79;27,26666667;51;1,540185393;27,26666667;Ingeniería Sistemas Y Computac;División de Ingenierías;CALCULO I;MAT1101;3 Temas Parcial 1 Cálculo I;34;0 No dominó temas;1,4;74;1 Avance entre [ 19 - 40 temas];Cumplimiento meta;2,4
202410;N;75;N;15/01/2024 9:07:52 a. m.;202410 Pre-Cálculo ING-GEO;Precálculo;15/01/2024 9:14:41 a. m.;313;61;0,583333333;0;79;56;79;53,76666667;61;1,078690693;53,76666667;Ingeniería Mecánica;División de Ingenierías;CALCULO I;MAT1101;3 Temas Parcial 1 Cálculo I;56;0 No dominó temas;1;75;2 Avance entre [ 40 - 60 temas];Cumplimiento meta;1,5
202410;N;76;N;15/01/2024 9:06:40 a. m.;202410 Pre-Cálculo ING-GEO;Precálculo;15/01/2024 9:10:16 a. m.;358;72;0,116666667;0;79;34;79;26,01666667;46;1,422089361;26,01666667;Ingeniería Eléctrica;División de Ingenierías;CALCULO I;MAT1101;3 Temas Parcial 1 Cálculo I;34;0 No dominó temas;1,4;76;1 Avance entre [ 19 - 40 temas];Cumplimiento meta;1,5
202410;N;77;N;15/01/2024 9:08:30 a. m.;202410 Pre-Cálculo ING-GEO;Precálculo;15/01/2024 9:13:21 a. m.;303;58;0,333333333;0;79;33;79;34,01666667;42;1,029117491;34,01666667;Ingeniería Industrial;División de Ingenierías;CALCULO I;MAT1101;3 Temas Parcial 1 Cálculo I;33;0 No dominó temas;2,2;77;1 Avance entre [ 19 - 40 temas];Cumplimiento meta;2,7
202410;N;78;N;11/01/2024 8:46:21 a. m.;202410 Pre-Cálculo ING-GEO;Precálculo;11/01/2024 9:05:04 a. m.;287;59;0,4;0;79;10;79;27,48333333;16;0,363934128;27,48333333;Ingeniería Sistemas Y Computac;División de Ingenierías;CALCULO I;MAT1101;1 Repaso de Álgebra y Geometría;10;0 No dominó temas;1;78;0 Avance menor a 19 temas;No alcanzo meta;1,5
202410;N;79;N;11/01/2024 8:49:15 a. m.;202410 Pre-Cálculo ING-GEO;Precálculo;11/01/2024 9:06:21 a. m.;325;65;0,233333333;0;79;49;79;29,6;63;1,926217967;29,6;Ingeniería Sistemas Y Computac;División de Ingenierías;CALCULO I;MAT1101;3 Temas Parcial 1 Cálculo I;49;0 No dominó temas;3;79;2 Avance entre [ 40 - 60 temas];Cumplimiento meta;3
202410;N;80;N;15/01/2024 9:04:59 a. m.;202410 Pre-Cálculo ING-GEO;Precálculo;15/01/2024 9:10:28 a. m.;320;67;0,233333333;0;79;14;79;29,5;21;0,474455647;29,5;Ingeniería Sistemas Y Computac;División de Ingenierías;CALCULO I;MAT1101;2 Ecuaciones y desigualdades;14;0 No dominó temas;1,5;80;0 Avance menor a 19 temas;No alcanzo meta;1,5
202410;N;81;N;15/01/2024 8:47:22 a. m.;202410 Pre-Cálculo ING-GEO;Precálculo;15/01/2024 8:50:23 a. m.;312;65;0,45;0;79;39;79;41,95;39;0,834243718;41,95;Ingeniería Eléctrica;División de Ingenierías;CALCULO I;MAT1101;3 Temas Parcial 1 Cálculo I;39;0 No dominó temas;1;81;1 Avance entre [ 19 - 40 temas];Cumplimiento meta;3
202410;N;82;N;16/01/2024 10:13:03 p. m.;202410 Pre-Cálculo ING-GEO;Precálculo;-;393;71;;0;79;0;0;0,183333333;0;0;0,183333333;Geología;División de Ciencias Básicas;CALCULO I;MAT1101;0 No dominó temas;0;0 No dominó temas;4,34;82;0 Avance menor a 19 temas;No alcanzo meta;3,3
202410;N;83;N;11/01/2024 8:44:59 a. m.;202410 Pre-Cálculo ING-GEO;Precálculo;11/01/2024 8:47:40 a. m.;328;68;0,45;0;79;25;79;26,96666667;30;0,963885199;26,96666667;Ingeniería Sistemas Y Computac;División de Ingenierías;CALCULO I;MAT1101;2 Ecuaciones y desigualdades;25;0 No dominó temas;1,8;83;1 Avance entre [ 19 - 40 temas];No alcanzo meta;1,5
202410;N;84;N;15/01/2024 8:50:03 a. m.;202410 Pre-Cálculo ING-GEO;Precálculo;15/01/2024 8:55:13 a. m.;340;74;0,55;0;79;20;79;21,38333333;22;0,935247126;21,38333333;Geología;División de Ciencias Básicas;CALCULO I;MAT1101;2 Ecuaciones y desigualdades;20;0 No dominó temas;4,64;84;1 Avance entre [ 19 - 40 temas];No alcanzo meta;3,7
202410;N;85;N;15/01/2024 9:04:02 a. m.;202410 Pre-Cálculo ING-GEO;Precálculo;15/01/2024 9:11:45 a. m.;262;56;0,316666667;0;79;26;79;32,6;35;1,042882582;32,6;Ingeniería Sistemas Y Computac;División de Ingenierías;CALCULO I;MAT1101;2 Ecuaciones y desigualdades;26;0 No dominó temas;2;85;1 Avance entre [ 19 - 40 temas];No alcanzo meta;2,5
202410;N;86;N;11/01/2024 9:05:44 a. m.;202410 Pre-Cálculo ING-GEO;Precálculo;11/01/2024 9:10:41 a. m.;262;58;0,8;0;79;14;79;20,7;22;0,676319427;20,7;Ingeniería Sistemas Y Computac;División de Ingenierías;CALCULO I;MAT1101;2 Ecuaciones y desigualdades;14;0 No dominó temas;2,3;86;0 Avance menor a 19 temas;No alcanzo meta;1,5
202410;N;87;N;15/01/2024 8:45:04 a. m.;202410 Pre-Cálculo ING-GEO;Precálculo;15/01/2024 8:50:44 a. m.;333;66;0,516666667;0;79;35;79;28,71666667;48;1,288101501;28,71666667;Ingeniería Civil;División de Ingenierías;CALCULO I;MAT1101;3 Temas Parcial 1 Cálculo I;35;0 No dominó temas;2,5;87;1 Avance entre [ 19 - 40 temas];Cumplimiento meta;1,5
202410;N;88;N;22/01/2024 11:47:42 a. m.;202410 Pre-Cálculo ING-GEO;Precálculo;22/01/2024 1:45:36 p. m.;344;70;0,283333333;0;79;13;79;13,73333333;16;0,946219167;13,73333333;Ingeniería Industrial;División de Ingenierías;CALCULO I;MAT1101;2 Ecuaciones y desigualdades;13;0 No dominó temas;2;88;0 Avance menor a 19 temas;No alcanzo meta;1,5
202410;N;89;N;11/01/2024 9:06:41 a. m.;202410 Pre-Cálculo ING-GEO;Precálculo;11/01/2024 9:28:23 a. m.;356;73;0,366666667;0;79;32;79;16,01666667;39;1,998577402;16,01666667;Ingeniería Electrónica;División de Ingenierías;CALCULO I;MAT1101;3 Temas Parcial 1 Cálculo I;32;0 No dominó temas;2,37;89;1 Avance entre [ 19 - 40 temas];Cumplimiento meta;3
202410;N;90;N;18/01/2024 11:24:23 a. m.;202410 Pre-Cálculo ING-GEO;Precálculo;18/01/2024 11:29:33 a. m.;306;61;0,55;0;79;2;79;2,283333333;2;0,879120879;2,283333333;Ingeniería Eléctrica;División de Ingenierías;CALCULO I;MAT1101;1 Repaso de Álgebra y Geometría;2;0 No dominó temas;1;90;0 Avance menor a 19 temas;No alcanzo meta;1,5
202410;N;90;N;19/01/2024 2:12:43 p. m.;202410 Pre-Cálculo ING-GEO;Precálculo;19/01/2024 2:16:42 p. m.;306;61;0,016666667;0;79;2;79;3,5;4;0,572064198;3,5;Ingeniería Eléctrica;División de Ingenierías;CALCULO I;MAT1101;1 Repaso de Álgebra y Geometría;2;0 No dominó temas;1;90;0 Avance menor a 19 temas;No alcanzo meta;1,5
202410;N;91;N;15/01/2024 8:54:15 a. m.;202410 Pre-Cálculo ING-GEO;Precálculo;15/01/2024 8:57:44 a. m.;341;72;0,05;0;79;24;79;23,31666667;23;0,857643149;23,31666667;Ingeniería Electrónica;División de Ingenierías;CALCULO I;MAT1101;2 Ecuaciones y desigualdades;24;0 No dominó temas;1,61;91;1 Avance entre [ 19 - 40 temas];No alcanzo meta;2,6
202410;N;92;N;15/01/2024 9:07:06 a. m.;202410 Pre-Cálculo ING-GEO;Precálculo;15/01/2024 9:11:45 a. m.;325;68;0,633333333;0;79;31;79;33,01666667;23;0,636176211;33,01666667;Ingeniería Industrial;División de Ingenierías;CALCULO I;MAT1101;3 Temas Parcial 1 Cálculo I;31;0 No dominó temas;2;92;1 Avance entre [ 19 - 40 temas];Cumplimiento meta;2,7
202410;N;93;N;15/01/2024 9:07:40 a. m.;202410 Pre-Cálculo ING-GEO;Precálculo;15/01/2024 9:12:22 a. m.;345;71;0,416666667;0;79;33;79;18,85;39;1,750766329;18,85;Ingeniería Sistemas Y Computac;División de Ingenierías;CALCULO I;MAT1101;3 Temas Parcial 1 Cálculo I;33;0 No dominó temas;2,3;93;1 Avance entre [ 19 - 40 temas];Cumplimiento meta;1,5
202410;N;94;N;15/01/2024 8:46:07 a. m.;202410 Pre-Cálculo ING-GEO;Precálculo;15/01/2024 8:50:30 a. m.;298;64;0,466666667;0;79;12;79;20,63333333;15;0,581614519;20,63333333;Geología;División de Ciencias Básicas;CALCULO I;MAT1101;2 Ecuaciones y desigualdades;12;0 No dominó temas;3,42;94;0 Avance menor a 19 temas;No alcanzo meta;2,1
202410;N;95;N;17/01/2024 8:22:24 a. m.;202410 Pre-Cálculo ING-GEO;Precálculo;17/01/2024 8:35:17 a. m.;282;64;0,15;0;79;29;79;26,53333333;41;1,319344098;26,53333333;Ingeniería Sistemas Y Computac;División de Ingenierías;CALCULO I;MAT1101;2 Ecuaciones y desigualdades;29;0 No dominó temas;2,8;95;1 Avance entre [ 19 - 40 temas];No alcanzo meta;2,7
202410;N;96;N;15/01/2024 8:47:04 a. m.;202410 Pre-Cálculo ING-GEO;Precálculo;15/01/2024 8:50:53 a. m.;288;57;0,2;0;79;59;79;35,85;67;1,617639084;35,85;Ingeniería Eléctrica;División de Ingenierías;CALCULO I;MAT1101;4 Temas Parcial 2 Cálculo I;59;0 No dominó temas;1;96;2 Avance entre [ 40 - 60 temas];Cumplimiento meta;1,5
202410;N;97;N;15/01/2024 8:45:27 a. m.;202410 Pre-Cálculo ING-GEO;Precálculo;15/01/2024 8:49:38 a. m.;272;49;0,266666667;0;79;37;79;23,5;32;1,234115491;23,5;Ingeniería Civil;División de Ingenierías;CALCULO I;MAT1101;3 Temas Parcial 1 Cálculo I;37;0 No dominó temas;2,1;97;1 Avance entre [ 19 - 40 temas];Cumplimiento meta;4
202410;N;98;N;15/01/2024 9:07:43 a. m.;202410 Pre-Cálculo ING-GEO;Precálculo;15/01/2024 9:11:21 a. m.;343;72;0,316666667;0;79;31;79;27,2;29;0,882461086;27,2;Ingeniería Sistemas Y Computac;División de Ingenierías;CALCULO I;MAT1101;3 Temas Parcial 1 Cálculo I;31;0 No dominó temas;2;98;1 Avance entre [ 19 - 40 temas];Cumplimiento meta;3,1
202410;N;99;N;11/01/2024 9:05:39 a. m.;202410 Pre-Cálculo ING-GEO;Precálculo;11/01/2024 9:08:49 a. m.;305;57;0,183333333;0;79;36;79;25,01666667;54;1,599253682;25,01666667;Ingeniería Sistemas Y Computac;División de Ingenierías;CALCULO I;MAT1101;3 Temas Parcial 1 Cálculo I;36;0 No dominó temas;2,76;99;1 Avance entre [ 19 - 40 temas];Cumplimiento meta;2,5
202410;N;100;N;11/01/2024 8:45:51 a. m.;202410 Pre-Cálculo ING-GEO;Precálculo;11/01/2024 9:04:39 a. m.;309;74;0,75;0;79;20;79;22,03333333;29;0,907910167;22,03333333;Ingeniería Sistemas Y Computac;División de Ingenierías;CALCULO I;MAT1101;2 Ecuaciones y desigualdades;20;0 No dominó temas;3,14;100;1 Avance entre [ 19 - 40 temas];No alcanzo meta;3,1
202410;N;101;N;15/01/2024 9:08:12 a. m.;202410 Pre-Cálculo ING-GEO;Precálculo;15/01/2024 9:13:11 a. m.;259;55;0,383333333;0;79;19;79;23,11666667;23;0,865197433;23,11666667;Ingeniería Industrial;División de Ingenierías;CALCULO I;MAT1101;2 Ecuaciones y desigualdades;19;0 No dominó temas;2,1;101;1 Avance entre [ 19 - 40 temas];No alcanzo meta;1,5
202410;N;102;N;11/01/2024 8:45:15 a. m.;202410 Pre-Cálculo ING-GEO;Precálculo;11/01/2024 9:06:11 a. m.;298;62;0,733333333;0;79;62;79;49,01666667;81;1,346381599;49,01666667;Ingeniería Sistemas Y Computac;División de Ingenierías;CALCULO I;MAT1101;4 Temas Parcial 2 Cálculo I;62;0 No dominó temas;3;102;3 Avance superior a 60 temas;Cumplimiento meta;3
202410;N;103;N;15/01/2024 9:09:31 a. m.;202410 Pre-Cálculo ING-GEO;Precálculo;15/01/2024 9:17:41 a. m.;257;49;0,3;0;79;16;79;31,46666667;26;0,762826342;31,46666667;Ingeniería Sistemas Y Computac;División de Ingenierías;CALCULO I;MAT1101;2 Ecuaciones y desigualdades;16;0 No dominó temas;2,22;103;0 Avance menor a 19 temas;No alcanzo meta;2,4
202510;N;104;N;13/01/2025 9:54:49 a. m.;202510 Pre Cálculo ANEC;Precálculo;13/01/2025 9:56:37 a. m.;327;67;0,383333333;0;79;34;79;29,91666667;37;1,169688362;29,91666667;Negocios Internacionales;Escuela de Negocios;CALCULO I (ANEC);MAT1100;3 Temas Parcial 1 Cálculo I;34;0 No dominó temas;3,96;104;1 Avance entre [ 18 - 37 temas];Cumplimiento meta;3,6
202510;N;105;N;14/01/2025 1:57:04 p. m.;202510 Pre Cálculo ANEC;Precálculo;14/01/2025 1:59:41 p. m.;305;75;0,5;0;79;11;79;23,43333333;20;0,469433479;23,43333333;Economía;Div Humanidades, Artes y Cs. S;CALCULO I (ANEC);MAT1100;2 Ecuaciones y desigualdades;11;0 No dominó temas;2,3;105;0 Avance menor a 18 temas;No alcanzo meta;3,2
202510;N;106;N;13/01/2025 9:52:45 a. m.;202510 Pre Cálculo ANEC;Precálculo;13/01/2025 9:54:24 a. m.;393;74;0,183333333;0;79;31;79;22,66666667;38;1,456007256;22,66666667;Negocios Internacionales;Escuela de Negocios;CALCULO I (ANEC);MAT1100;3 Temas Parcial 1 Cálculo I;31;0 No dominó temas;4,5;106;1 Avance entre [ 18 - 37 temas];Cumplimiento meta;3,7
202510;N;107;N;13/01/2025 9:51:46 a. m.;202510 Pre Cálculo ANEC;Precálculo;13/01/2025 9:52:37 a. m.;370;100;0,25;0;79;37;79;13,4;34;2,388653894;13,4;Administración de Empresas;Escuela de Negocios;CALCULO I (ANEC);MAT1100;3 Temas Parcial 1 Cálculo I;37;0 No dominó temas;3;107;2 Avance entre [ 37 - 55 temas];Cumplimiento meta;3,1
202510;N;108;N;13/01/2025 9:50:37 a. m.;202510 Pre Cálculo ANEC;Precálculo;13/01/2025 9:52:52 a. m.;283;57;0,25;0;79;32;79;42,53333333;35;0,658363106;42,53333333;Contaduría Pública;Escuela de Negocios;CALCULO I (ANEC);MAT1100;3 Temas Parcial 1 Cálculo I;32;0 No dominó temas;3,9;108;1 Avance entre [ 18 - 37 temas];Cumplimiento meta;3,6
202510;N;109;N;13/01/2025 9:52:27 a. m.;202510 Pre Cálculo ANEC;Precálculo;13/01/2025 9:54:07 a. m.;217;45;0,366666667;0;79;20;79;18,38333333;24;1,087711877;18,38333333;Básico Negoc Internacionales;Centro de Educ. Continuada;CALCULO I (ANEC);MAT1100;2 Ecuaciones y desigualdades;20;0 No dominó temas;2,4;109;1 Avance entre [ 18 - 37 temas];No alcanzo meta;2,6
202510;N;110;N;13/01/2025 9:52:23 a. m.;202510 Pre Cálculo ANEC;Precálculo;13/01/2025 9:53:04 a. m.;333;72;0,316666667;0;79;30;79;26,35;29;1,062663406;26,35;Negocios Internacionales;Escuela de Negocios;CALCULO I (ANEC);MAT1100;2 Ecuaciones y desigualdades;30;0 No dominó temas;1,8;110;1 Avance entre [ 18 - 37 temas];No alcanzo meta;2,5
202510;N;111;N;13/01/2025 9:55:21 a. m.;202510 Pre Cálculo ANEC;Precálculo;13/01/2025 9:56:18 a. m.;272;63;0,366666667;0;79;38;79;29,35;37;1,158432709;29,35;Contaduría Pública;Escuela de Negocios;CALCULO I (ANEC);MAT1100;3 Temas Parcial 1 Cálculo I;38;0 No dominó temas;4,4;111;2 Avance entre [ 37 - 55 temas];Cumplimiento meta;4,1
202510;N;112;N;13/01/2025 9:49:32 a. m.;202510 Pre Cálculo ANEC;Precálculo;13/01/2025 9:51:34 a. m.;314;61;0,466666667;0;79;37;79;26,73333333;36;1,271939396;26,73333333;Básico Negoc Internacionales;Centro de Educ. Continuada;CALCULO I (ANEC);MAT1100;3 Temas Parcial 1 Cálculo I;37;0 No dominó temas;2,2;112;2 Avance entre [ 37 - 55 temas];Cumplimiento meta;1,5
202510;N;113;N;20/01/2025 8:18:06 a. m.;202510 Pre Cálculo ANEC;Precálculo;20/01/2025 8:20:59 a. m.;291;64;0,383333333;0;79;8;79;17,35;11;0,461235406;17,35;Negocios Internacionales;Escuela de Negocios;CALCULO I (ANEC);MAT1100;1 Repaso de Álgebra y Geometría;8;0 No dominó temas;1,4;113;0 Avance menor a 18 temas;No alcanzo meta;3
202510;N;114;N;14/01/2025 8:19:12 a. m.;202510 Pre Cálculo ANEC;Precálculo;14/01/2025 8:20:36 a. m.;255;56;0,233333333;0;79;23;79;7,866666667;23;2,926725814;7,866666667;Contaduría Pública;Escuela de Negocios;CALCULO I (ANEC);MAT1100;2 Ecuaciones y desigualdades;23;0 No dominó temas;2,6;114;1 Avance entre [ 18 - 37 temas];No alcanzo meta;1,5
202510;N;115;N;13/01/2025 9:47:53 a. m.;202510 Pre Cálculo ANEC;Precálculo;13/01/2025 9:49:28 a. m.;295;59;0,216666667;0;79;13;79;17,58333333;17;0,739301455;17,58333333;Negocios Internacionales;Escuela de Negocios;CALCULO I (ANEC);MAT1100;2 Ecuaciones y desigualdades;13;0 No dominó temas;2,8;115;0 Avance menor a 18 temas;No alcanzo meta;2,5
202510;N;116;N;13/01/2025 9:52:10 a. m.;202510 Pre Cálculo ANEC;Precálculo;13/01/2025 9:55:01 a. m.;317;61;0,083333333;0;79;30;79;37,83333333;39;0,872195466;37,83333333;Contaduría Pública;Escuela de Negocios;CALCULO I (ANEC);MAT1100;2 Ecuaciones y desigualdades;30;0 No dominó temas;5;116;1 Avance entre [ 18 - 37 temas];No alcanzo meta;4,4
202510;N;117;N;13/01/2025 9:50:59 a. m.;202510 Pre Cálculo ANEC;Precálculo;13/01/2025 9:52:12 a. m.;283;55;0,283333333;0;79;34;79;22,73333333;36;1,055512119;22,73333333;Contaduría Pública;Escuela de Negocios;CALCULO I (ANEC);MAT1100;3 Temas Parcial 1 Cálculo I;34;0 No dominó temas;3,7;117;1 Avance entre [ 18 - 37 temas];Cumplimiento meta;3,9
202510;N;118;N;13/01/2025 9:52:21 a. m.;202510 Pre Cálculo ANEC;Precálculo;13/01/2025 9:53:23 a. m.;282;61;0,633333333;0;79;13;79;18,3;15;0,710188473;18,3;Contaduría Pública;Escuela de Negocios;CALCULO I (ANEC);MAT1100;2 Ecuaciones y desigualdades;13;0 No dominó temas;2,4;118;0 Avance menor a 18 temas;No alcanzo meta;3,4
202510;N;119;N;22/01/2025 2:45:56 p. m.;202510 Pre Cálculo ANEC;Precálculo;22/01/2025 2:46:59 p. m.;262;56;0,233333333;0;79;0;79;2,283333333;4;0;2,283333333;Administración de Empresas;Escuela de Negocios;CALCULO I (ANEC);MAT1100;0 No dominó temas;0;0 No dominó temas;2,3;119;0 Avance menor a 18 temas;No alcanzo meta;3
202510;N;120;N;14/01/2025 8:59:33 a. m.;202510 Pre Cálculo ANEC;Precálculo;14/01/2025 9:00:44 a. m.;214;51;0,583333333;0;79;28;79;17,83333333;24;1,345396222;17,83333333;Administración de Empresas;Escuela de Negocios;CALCULO I (ANEC);MAT1100;2 Ecuaciones y desigualdades;28;0 No dominó temas;1,8;120;1 Avance entre [ 18 - 37 temas];No alcanzo meta;1,5
202510;N;121;N;13/01/2025 9:50:36 a. m.;202510 Pre Cálculo ANEC;Precálculo;13/01/2025 9:52:20 a. m.;305;56;0,616666667;0;79;54;79;47,11666667;53;1,082534404;47,11666667;Básico Negoc Internacionales;Centro de Educ. Continuada;CALCULO I (ANEC);MAT1100;3 Temas Parcial 1 Cálculo I;54;0 No dominó temas;3;121;2 Avance entre [ 37 - 55 temas];Cumplimiento meta;3,9
202510;N;122;N;20/01/2025 8:36:09 a. m.;202510 Pre Cálculo ANEC;Precálculo;20/01/2025 8:37:50 a. m.;285;60;0,066666667;0;79;4;79;12,48333333;9;0,320256205;12,48333333;Básico Negoc Internacionales;Centro de Educ. Continuada;CALCULO I (ANEC);MAT1100;1 Repaso de Álgebra y Geometría;4;0 No dominó temas;3,3;122;0 Avance menor a 18 temas;No alcanzo meta;3,1
202510;N;123;N;13/01/2025 9:52:53 a. m.;202510 Pre Cálculo ANEC;Precálculo;13/01/2025 9:55:24 a. m.;273;64;0,166666667;0;79;11;79;13,71666667;15;0,802106542;13,71666667;Negocios Internacionales;Escuela de Negocios;CALCULO I (ANEC);MAT1100;2 Ecuaciones y desigualdades;11;0 No dominó temas;1,32;123;0 Avance menor a 18 temas;No alcanzo meta;1,5
202510;N;124;N;13/01/2025 9:51:58 a. m.;202510 Pre Cálculo ANEC;Precálculo;13/01/2025 9:54:02 a. m.;283;56;0,133333333;0;79;29;79;32,8;37;1,03643615;32,8;Administración de Empresas;Escuela de Negocios;CALCULO I (ANEC);MAT1100;2 Ecuaciones y desigualdades;29;0 No dominó temas;3,5;124;1 Avance entre [ 18 - 37 temas];No alcanzo meta;3,8
202510;N;125;N;13/01/2025 9:52:26 a. m.;202510 Pre Cálculo ANEC;Precálculo;13/01/2025 9:53:36 a. m.;270;61;0,116666667;0;79;28;79;22,48333333;33;1,378373371;22,48333333;Administración de Empresas;Escuela de Negocios;CALCULO I (ANEC);MAT1100;2 Ecuaciones y desigualdades;28;0 No dominó temas;3,2;125;1 Avance entre [ 18 - 37 temas];No alcanzo meta;3,2
202510;N;126;N;13/01/2025 9:50:53 a. m.;202510 Pre Cálculo ANEC;Precálculo;13/01/2025 9:51:41 a. m.;333;65;0,133333333;0;79;18;79;14,46666667;21;1,244120188;14,46666667;Negocios Internacionales;Escuela de Negocios;CALCULO I (ANEC);MAT1100;2 Ecuaciones y desigualdades;18;0 No dominó temas;2,6;126;1 Avance entre [ 18 - 37 temas];No alcanzo meta;2,7
202510;N;127;N;13/01/2025 9:53:09 a. m.;202510 Pre Cálculo ANEC;Precálculo;13/01/2025 9:55:03 a. m.;338;71;0,45;0;79;37;79;25,81666667;44;1,588617064;25,81666667;Negocios Internacionales;Escuela de Negocios;CALCULO I (ANEC);MAT1100;3 Temas Parcial 1 Cálculo I;37;0 No dominó temas;3,5;127;2 Avance entre [ 37 - 55 temas];Cumplimiento meta;2,5
202510;N;128;N;13/01/2025 9:55:14 a. m.;202510 Pre Cálculo ANEC;Precálculo;13/01/2025 9:56:17 a. m.;261;55;0,3;0;79;7;79;13,36666667;11;0,523527579;13,36666667;Básico Negoc Internacionales;Centro de Educ. Continuada;CALCULO I (ANEC);MAT1100;1 Repaso de Álgebra y Geometría;7;0 No dominó temas;1,4;128;0 Avance menor a 18 temas;No alcanzo meta;1,5
202510;N;129;N;13/01/2025 9:51:55 a. m.;202510 Pre Cálculo ANEC;Precálculo;13/01/2025 9:54:44 a. m.;332;64;0,35;0;79;34;79;36,26666667;43;1,020353447;36,26666667;Negocios Internacionales;Escuela de Negocios;CALCULO I (ANEC);MAT1100;3 Temas Parcial 1 Cálculo I;34;0 No dominó temas;3,9;129;1 Avance entre [ 18 - 37 temas];Cumplimiento meta;3
202510;N;130;N;13/01/2025 2:20:34 p. m.;202510 Pre Cálculo ANEC;Precálculo;13/01/2025 2:21:29 p. m.;319;68;0,1;0;79;8;79;9,866666667;14;0,810582606;9,866666667;Economía;Div Humanidades, Artes y Cs. S;CALCULO I (ANEC);MAT1100;1 Repaso de Álgebra y Geometría;8;0 No dominó temas;1,7;130;0 Avance menor a 18 temas;No alcanzo meta;3
202510;N;131;N;13/01/2025 9:52:46 a. m.;202510 Pre Cálculo ANEC;Precálculo;13/01/2025 9:55:20 a. m.;305;65;0,4;0;79;25;79;37,95;32;0,579642261;37,95;Administración de Empresas;Escuela de Negocios;CALCULO I (ANEC);MAT1100;2 Ecuaciones y desigualdades;25;0 No dominó temas;4,3;131;1 Avance entre [ 18 - 37 temas];No alcanzo meta;4,5
202510;N;132;N;13/01/2025 9:53:25 a. m.;202510 Pre Cálculo ANEC;Precálculo;13/01/2025 9:55:45 a. m.;283;54;0,766666667;0;79;30;79;22,68333333;31;1,278283867;22,68333333;Contaduría Pública;Escuela de Negocios;CALCULO I (ANEC);MAT1100;2 Ecuaciones y desigualdades;30;0 No dominó temas;5;132;1 Avance entre [ 18 - 37 temas];No alcanzo meta;4,5
202510;N;133;N;13/01/2025 9:52:16 a. m.;202510 Pre Cálculo ANEC;Precálculo;13/01/2025 9:53:32 a. m.;242;52;0,233333333;0;79;26;79;32,95;27;0,75868057;32,95;Contaduría Pública;Escuela de Negocios;CALCULO I (ANEC);MAT1100;2 Ecuaciones y desigualdades;26;0 No dominó temas;2,8;133;1 Avance entre [ 18 - 37 temas];No alcanzo meta;3
202510;N;134;N;13/01/2025 9:53:59 a. m.;202510 Pre Cálculo ANEC;Precálculo;13/01/2025 9:55:35 a. m.;298;61;0,133333333;0;79;28;79;33,1;22;0,634302687;33,1;Básico Negoc Internacionales;Centro de Educ. Continuada;CALCULO I (ANEC);MAT1100;2 Ecuaciones y desigualdades;28;0 No dominó temas;3,96;134;1 Avance entre [ 18 - 37 temas];No alcanzo meta;4
202510;N;135;N;13/01/2025 9:55:50 a. m.;202510 Pre Cálculo ANEC;Precálculo;13/01/2025 9:57:16 a. m.;291;59;0,25;0;79;41;79;19,63333333;46;2,139007172;19,63333333;Negocios Internacionales;Escuela de Negocios;CALCULO I (ANEC);MAT1100;3 Temas Parcial 1 Cálculo I;41;0 No dominó temas;1;135;2 Avance entre [ 37 - 55 temas];Cumplimiento meta;1,5
202510;N;136;N;13/01/2025 9:52:21 a. m.;202510 Pre Cálculo ANEC;Precálculo;13/01/2025 9:53:09 a. m.;380;76;0,216666667;0;79;27;79;11,7;30;2,306925523;11,7;Administración de Empresas;Escuela de Negocios;CALCULO I (ANEC);MAT1100;2 Ecuaciones y desigualdades;27;0 No dominó temas;2;136;1 Avance entre [ 18 - 37 temas];No alcanzo meta;3,1
202510;N;137;N;13/01/2025 9:56:49 a. m.;202510 Pre Cálculo ANEC;Precálculo;13/01/2025 9:58:21 a. m.;283;66;0,333333333;0;79;25;79;28,48333333;34;0,94814468;28,48333333;Contaduría Pública;Escuela de Negocios;CALCULO I (ANEC);MAT1100;2 Ecuaciones y desigualdades;25;0 No dominó temas;2,8;137;1 Avance entre [ 18 - 37 temas];No alcanzo meta;3,8
202510;N;138;N;13/01/2025 9:50:57 a. m.;202510 Pre Cálculo ANEC;Precálculo;13/01/2025 9:52:00 a. m.;337;65;0,6;0;79;24;79;34,98333333;34;0,686166284;34,98333333;Básico Negoc Internacionales;Centro de Educ. Continuada;CALCULO I (ANEC);MAT1100;2 Ecuaciones y desigualdades;24;0 No dominó temas;2,12;138;1 Avance entre [ 18 - 37 temas];No alcanzo meta;1,5
202510;N;139;N;13/01/2025 9:52:23 a. m.;202510 Pre Cálculo ANEC;Precálculo;13/01/2025 9:54:23 a. m.;312;69;0,233333333;0;79;12;79;22,73333333;16;0,528033442;22,73333333;Negocios Internacionales;Escuela de Negocios;CALCULO I (ANEC);MAT1100;2 Ecuaciones y desigualdades;12;0 No dominó temas;1,64;139;0 Avance menor a 18 temas;No alcanzo meta;1,5
202510;N;140;N;13/01/2025 9:52:36 a. m.;202510 Pre Cálculo ANEC;Precálculo;13/01/2025 9:54:29 a. m.;349;71;0,45;0;79;23;79;24,96666667;29;0,921218055;24,96666667;Negocios Internacionales;Escuela de Negocios;CALCULO I (ANEC);MAT1100;2 Ecuaciones y desigualdades;23;0 No dominó temas;1,7;140;1 Avance entre [ 18 - 37 temas];No alcanzo meta;2,4
202510;N;141;N;13/01/2025 9:50:06 a. m.;202510 Pre Cálculo ANEC;Precálculo;13/01/2025 9:52:41 a. m.;337;74;0,483333333;0;79;14;79;27,46666667;17;0,509863429;27,46666667;Negocios Internacionales;Escuela de Negocios;CALCULO I (ANEC);MAT1100;2 Ecuaciones y desigualdades;14;0 No dominó temas;1;141;0 Avance menor a 18 temas;No alcanzo meta;1,5
202510;N;142;N;13/01/2025 9:55:24 a. m.;202510 Pre Cálculo ANEC;Precálculo;13/01/2025 9:56:51 a. m.;268;57;0,35;0;79;31;79;32,2;32;0,931797593;32,2;Negocios Internacionales;Escuela de Negocios;CALCULO I (ANEC);MAT1100;3 Temas Parcial 1 Cálculo I;31;0 No dominó temas;2,44;142;1 Avance entre [ 18 - 37 temas];Cumplimiento meta;1,5
202510;N;143;N;13/01/2025 9:52:23 a. m.;202510 Pre Cálculo ANEC;Precálculo;13/01/2025 9:55:10 a. m.;255;61;0,566666667;0;79;31;79;27,2;34;1,102873598;27,2;Negocios Internacionales;Escuela de Negocios;CALCULO I (ANEC);MAT1100;3 Temas Parcial 1 Cálculo I;31;0 No dominó temas;2,36;143;1 Avance entre [ 18 - 37 temas];Cumplimiento meta;1,5
202510;N;144;N;13/01/2025 9:52:26 a. m.;202510 Pre Cálculo ANEC;Precálculo;13/01/2025 9:53:39 a. m.;347;69;0,4;0;79;28;79;23,13333333;30;1,210709009;23,13333333;Administración de Empresas;Escuela de Negocios;CALCULO I (ANEC);MAT1100;2 Ecuaciones y desigualdades;28;0 No dominó temas;4,8;144;1 Avance entre [ 18 - 37 temas];No alcanzo meta;4,7
202510;N;145;N;20/01/2025 8:18:06 a. m.;202510 Pre Cálculo ANEC;Precálculo;20/01/2025 8:21:20 a. m.;222;56;0,583333333;0;79;4;79;8,333333333;5;0,479936009;8,333333333;Administración de Empresas;Escuela de Negocios;CALCULO I (ANEC);MAT1100;1 Repaso de Álgebra y Geometría;4;0 No dominó temas;1,4;145;0 Avance menor a 18 temas;No alcanzo meta;1,5
202510;N;146;N;13/01/2025 2:25:36 p. m.;202510 Pre Cálculo ANEC;Precálculo;13/01/2025 2:28:46 p. m.;283;55;0,7;0;79;18;79;21,83333333;26;0,824333092;21,83333333;Economía;Div Humanidades, Artes y Cs. S;CALCULO I (ANEC);MAT1100;2 Ecuaciones y desigualdades;18;0 No dominó temas;0,8;146;1 Avance entre [ 18 - 37 temas];No alcanzo meta;1,5
202510;N;147;N;13/01/2025 9:53:24 a. m.;202510 Pre Cálculo ANEC;Precálculo;13/01/2025 9:55:03 a. m.;324;59;0,266666667;0;79;19;79;17,41666667;23;1,147831078;17,41666667;Básico Negoc Internacionales;Centro de Educ. Continuada;CALCULO I (ANEC);MAT1100;2 Ecuaciones y desigualdades;19;0 No dominó temas;3,56;147;1 Avance entre [ 18 - 37 temas];No alcanzo meta;3,6
202510;N;148;N;13/01/2025 2:23:21 p. m.;202510 Pre Cálculo ING-GEO-MAT-DAt;Precálculo;13/01/2025 2:25:57 p. m.;263;60;0,383333333;0;79;9;79;10,65;17;0,844519745;10,65;Ingeniería Sistemas Y Computac;División de Ingenierías;CALCULO I;MAT1101;1 Repaso de Álgebra y Geometría;9;0 No dominó temas;1,7;148;0 Avance menor a 19 temas;No alcanzo meta;1,5
202510;N;149;N;15/01/2025 8:23:39 a. m.;202510 Pre Cálculo ING-GEO-MAT-DAt;Precálculo;15/01/2025 8:24:21 a. m.;321;67;0,9;0;79;13;79;15,83333333;17;0,821023824;15,83333333;Ingeniería Mecánica;División de Ingenierías;CALCULO I;MAT1101;2 Ecuaciones y desigualdades;13;0 No dominó temas;2;149;0 Avance menor a 19 temas;No alcanzo meta;3,2
202510;N;150;N;13/01/2025 8:55:48 a. m.;202510 Pre Cálculo ING-GEO-MAT-DAt;Precálculo;13/01/2025 8:57:34 a. m.;273;54;0,15;0;79;15;79;18,58333333;25;0,806933652;18,58333333;Ingeniería Mecánica;División de Ingenierías;CALCULO I;MAT1101;2 Ecuaciones y desigualdades;15;0 No dominó temas;2;150;0 Avance menor a 19 temas;No alcanzo meta;1,5
202510;N;151;N;13/01/2025 9:03:41 a. m.;202510 Pre Cálculo ING-GEO-MAT-DAt;Precálculo;13/01/2025 9:05:33 a. m.;326;65;0,283333333;0;79;30;79;14,06666667;42;2,48770953;14,06666667;Ingeniería Sistemas Y Computac;División de Ingenierías;CALCULO I;MAT1101;2 Ecuaciones y desigualdades;30;0 No dominó temas;2,4;151;1 Avance entre [ 19 - 40 temas];No alcanzo meta;3
202510;N;152;N;15/01/2025 3:32:49 p. m.;202510 Pre Cálculo ING-GEO-MAT-DAt;Precálculo;15/01/2025 3:33:58 p. m.;309;69;0,033333333;0;79;0;79;0,7;1;0;0,7;Ingeniería Industrial;División de Ingenierías;CALCULO I;MAT1101;0 No dominó temas;0;0 No dominó temas;1,7;152;0 Avance menor a 19 temas;No alcanzo meta;1,5
202510;N;153;N;13/01/2025 9:10:22 a. m.;202510 Pre Cálculo ING-GEO-MAT-DAt;Precálculo;13/01/2025 9:11:58 a. m.;240;55;0,166666667;0;79;27;79;33,11666667;48;1,026518392;33,11666667;Ingeniería Mecánica;División de Ingenierías;CALCULO I;MAT1101;2 Ecuaciones y desigualdades;27;0 No dominó temas;2;153;1 Avance entre [ 19 - 40 temas];No alcanzo meta;1,7
202510;N;154;N;13/01/2025 2:22:00 p. m.;202510 Pre Cálculo ING-GEO-MAT-DAt;Precálculo;13/01/2025 2:23:32 p. m.;364;76;0,266666667;0;79;19;79;5,066666667;21;3,753910323;5,066666667;Geología;División de Ciencias Básicas;CALCULO I;MAT1101;2 Ecuaciones y desigualdades;19;0 No dominó temas;2,8;154;1 Avance entre [ 19 - 40 temas];No alcanzo meta;3,4
202510;N;155;N;13/01/2025 8:52:32 a. m.;202510 Pre Cálculo ING-GEO-MAT-DAt;Precálculo;13/01/2025 8:55:01 a. m.;296;59;0,3;0;79;7;79;13,55;11;0,516298224;13,55;Ingeniería Sistemas Y Computac;División de Ingenierías;CALCULO I;MAT1101;1 Repaso de Álgebra y Geometría;7;0 No dominó temas;3;155;0 Avance menor a 19 temas;No alcanzo meta;1,5
202510;N;156;N;13/01/2025 8:55:16 a. m.;202510 Pre Cálculo ING-GEO-MAT-DAt;Precálculo;13/01/2025 8:58:18 a. m.;353;73;0,116666667;0;79;24;79;35,65;44;1,150025322;35,65;Ingeniería Sistemas Y Computac;División de Ingenierías;CALCULO I;MAT1101;2 Ecuaciones y desigualdades;24;0 No dominó temas;1,9;156;1 Avance entre [ 19 - 40 temas];No alcanzo meta;1,5
202510;N;157;N;13/01/2025 8:58:26 a. m.;202510 Pre Cálculo ING-GEO-MAT-DAt;Precálculo;13/01/2025 9:00:02 a. m.;265;55;0,783333333;0;79;10;79;15,46666667;11;0,64690027;15,46666667;Ingeniería Sistemas Y Computac;División de Ingenierías;CALCULO I;MAT1101;1 Repaso de Álgebra y Geometría;10;0 No dominó temas;2,6;157;0 Avance menor a 19 temas;No alcanzo meta;1,5
202510;N;158;N;13/01/2025 2:23:00 p. m.;202510 Pre Cálculo ING-GEO-MAT-DAt;Precálculo;13/01/2025 2:25:09 p. m.;371;78;0,366666667;0;79;30;79;23,38333333;34;1,19777556;23,38333333;Ciencia de Datos;División de Ciencias Básicas;CALCULO I;MAT1101;2 Ecuaciones y desigualdades;30;0 No dominó temas;2,6;158;1 Avance entre [ 19 - 40 temas];No alcanzo meta;3
202510;N;159;N;13/01/2025 9:08:38 a. m.;202510 Pre Cálculo ING-GEO-MAT-DAt;Precálculo;13/01/2025 9:10:33 a. m.;313;55;0,116666667;0;79;42;79;29,9;42;1,304578103;29,9;Ingeniería Sistemas Y Computac;División de Ingenierías;CALCULO I;MAT1101;3 Temas Parcial 1 Cálculo I;42;0 No dominó temas;2,7;159;2 Avance entre [ 40 - 60 temas];Cumplimiento meta;1,5
202510;N;160;N;20/01/2025 8:16:26 a. m.;202510 Pre Cálculo ING-GEO-MAT-DAt;Precálculo;20/01/2025 8:19:32 a. m.;301;64;0,433333333;0;79;11;79;21,25;13;0,517545579;21,25;Ingeniería Sistemas Y Computac;División de Ingenierías;CALCULO I;MAT1101;2 Ecuaciones y desigualdades;11;0 No dominó temas;3,7;160;0 Avance menor a 19 temas;No alcanzo meta;2,6
202510;N;161;N;13/01/2025 2:23:13 p. m.;202510 Pre Cálculo ING-GEO-MAT-DAt;Precálculo;13/01/2025 2:26:04 p. m.;304;60;0,316666667;0;79;20;79;9,8;23;2,041279202;9,8;Ciencia de Datos;División de Ciencias Básicas;CALCULO I;MAT1101;2 Ecuaciones y desigualdades;20;0 No dominó temas;3,2;161;1 Avance entre [ 19 - 40 temas];No alcanzo meta;3,3
202510;N;162;N;13/01/2025 2:21:57 p. m.;202510 Pre Cálculo ING-GEO-MAT-DAt;Precálculo;13/01/2025 2:23:33 p. m.;317;73;0,283333333;0;79;20;79;25,53333333;25;0,78314498;25,53333333;Ingeniería Industrial;División de Ingenierías;CALCULO I;MAT1101;2 Ecuaciones y desigualdades;20;0 No dominó temas;4;162;1 Avance entre [ 19 - 40 temas];No alcanzo meta;3,2
202510;N;163;N;13/01/2025 8:54:03 a. m.;202510 Pre Cálculo ING-GEO-MAT-DAt;Precálculo;13/01/2025 8:55:29 a. m.;319;60;0,166666667;0;79;27;79;19,06666667;35;1,573243212;19,06666667;Ingeniería Sistemas Y Computac;División de Ingenierías;CALCULO I;MAT1101;2 Ecuaciones y desigualdades;27;0 No dominó temas;3,7;163;1 Avance entre [ 19 - 40 temas];No alcanzo meta;3,6
202510;N;164;N;13/01/2025 2:22:08 p. m.;202510 Pre Cálculo ING-GEO-MAT-DAt;Precálculo;13/01/2025 2:24:49 p. m.;346;74;0,233333333;0;79;41;79;21,51666667;54;1,997883379;21,51666667;Geología;División de Ciencias Básicas;CALCULO I;MAT1101;3 Temas Parcial 1 Cálculo I;41;0 No dominó temas;3;164;2 Avance entre [ 40 - 60 temas];Cumplimiento meta;3,7
202510;N;165;N;13/01/2025 2:20:51 p. m.;202510 Pre Cálculo ING-GEO-MAT-DAt;Precálculo;13/01/2025 2:22:57 p. m.;323;65;0,116666667;0;79;12;79;9,333333333;16;1,28536999;9,333333333;Ingeniería Industrial;División de Ingenierías;CALCULO I;MAT1101;2 Ecuaciones y desigualdades;12;0 No dominó temas;3;165;0 Avance menor a 19 temas;No alcanzo meta;3,1
202510;N;166;N;14/01/2025 9:32:24 a. m.;202510 Pre Cálculo ING-GEO-MAT-DAt;Precálculo;14/01/2025 9:33:23 a. m.;329;59;0,2;0;79;32;79;17,43333333;34;1,549201492;17,43333333;Ingeniería Civil;División de Ingenierías;CALCULO I;MAT1101;3 Temas Parcial 1 Cálculo I;32;0 No dominó temas;1,8;166;1 Avance entre [ 19 - 40 temas];Cumplimiento meta;1,5
202510;N;167;N;13/01/2025 8:56:21 a. m.;202510 Pre Cálculo ING-GEO-MAT-DAt;Precálculo;13/01/2025 8:57:07 a. m.;327;70;0,2;0;79;26;79;24,31666667;36;1,397834727;24,31666667;Ingeniería Mecánica;División de Ingenierías;CALCULO I;MAT1101;2 Ecuaciones y desigualdades;26;0 No dominó temas;2,5;167;1 Avance entre [ 19 - 40 temas];No alcanzo meta;1,5
202510;N;168;N;13/01/2025 2:23:46 p. m.;202510 Pre Cálculo ING-GEO-MAT-DAt;Precálculo;13/01/2025 2:25:10 p. m.;377;78;0,6;0;79;67;79;27,06666667;65;2,25344019;27,06666667;Ingeniería Industrial;División de Ingenierías;CALCULO I;MAT1101;4 Temas Parcial 2 Cálculo I;67;0 No dominó temas;4,2;168;3 Avance superior a 60 temas;Cumplimiento meta;4,3
202510;N;169;N;13/01/2025 8:54:06 a. m.;202510 Pre Cálculo ING-GEO-MAT-DAt;Precálculo;13/01/2025 8:55:41 a. m.;348;75;0,266666667;0;79;39;79;32,46666667;47;1,35508542;32,46666667;Ingeniería Sistemas Y Computac;División de Ingenierías;CALCULO I;MAT1101;3 Temas Parcial 1 Cálculo I;39;0 No dominó temas;3,3;169;1 Avance entre [ 19 - 40 temas];Cumplimiento meta;4,5
202510;N;170;N;13/01/2025 8:55:58 a. m.;202510 Pre Cálculo ING-GEO-MAT-DAt;Precálculo;13/01/2025 8:57:53 a. m.;320;65;0,333333333;0;79;31;79;19,66666667;31;1,525854761;19,66666667;Ingeniería Sistemas Y Computac;División de Ingenierías;CALCULO I;MAT1101;3 Temas Parcial 1 Cálculo I;31;0 No dominó temas;2,1;170;1 Avance entre [ 19 - 40 temas];Cumplimiento meta;1,5
202510;N;171;N;15/01/2025 8:05:45 a. m.;202510 Pre Cálculo ING-GEO-MAT-DAt;Precálculo;15/01/2025 8:07:47 a. m.;368;74;0,766666667;0;79;4;79;4,416666667;4;0,906002265;4,416666667;Ingeniería Sistemas Y Computac;División de Ingenierías;CALCULO I;MAT1101;1 Repaso de Álgebra y Geometría;4;0 No dominó temas;5;171;0 Avance menor a 19 temas;No alcanzo meta;4
202510;N;172;N;13/01/2025 8:52:43 a. m.;202510 Pre Cálculo ING-GEO-MAT-DAt;Precálculo;13/01/2025 8:55:46 a. m.;265;63;0,25;0;79;17;79;29,18333333;22;0,582590816;29,18333333;Ingeniería Mecánica;División de Ingenierías;CALCULO I;MAT1101;2 Ecuaciones y desigualdades;17;0 No dominó temas;2;172;0 Avance menor a 19 temas;No alcanzo meta;1,5
202510;N;173;N;13/01/2025 2:23:05 p. m.;202510 Pre Cálculo ING-GEO-MAT-DAt;Precálculo;13/01/2025 2:24:39 p. m.;332;64;0,4;0;79;23;79;9,65;25;2,385136108;9,65;Ingeniería Civil;División de Ingenierías;CALCULO I;MAT1101;2 Ecuaciones y desigualdades;23;0 No dominó temas;2,3;173;1 Avance entre [ 19 - 40 temas];No alcanzo meta;3,2
202510;N;174;N;20/01/2025 8:16:35 a. m.;202510 Pre Cálculo ING-GEO-MAT-DAt;Precálculo;20/01/2025 8:18:04 a. m.;321;60;0,183333333;0;79;12;79;18,08333333;15;0,663716814;18,08333333;Ciencia de Datos;División de Ciencias Básicas;CALCULO I;MAT1101;2 Ecuaciones y desigualdades;12;0 No dominó temas;2,8;174;0 Avance menor a 19 temas;No alcanzo meta;3
202510;N;175;N;13/01/2025 9:15:19 a. m.;202510 Pre Cálculo ING-GEO-MAT-DAt;Precálculo;13/01/2025 9:17:32 a. m.;230;42;0,433333333;0;79;38;79;11,65;23;1,717721157;11,65;Ingeniería Sistemas Y Computac;División de Ingenierías;CALCULO I;MAT1101;3 Temas Parcial 1 Cálculo I;38;0 No dominó temas;2,2;175;1 Avance entre [ 19 - 40 temas];Cumplimiento meta;2,2
202510;N;176;N;13/01/2025 8:51:54 a. m.;202510 Pre Cálculo ING-GEO-MAT-DAt;Precálculo;13/01/2025 8:53:48 a. m.;312;74;0,233333333;0;79;30;79;30,66666667;43;1,206554526;30,66666667;Ingeniería Mecánica;División de Ingenierías;CALCULO I;MAT1101;2 Ecuaciones y desigualdades;30;0 No dominó temas;2,5;176;1 Avance entre [ 19 - 40 temas];No alcanzo meta;1,5
202510;N;177;N;13/01/2025 2:23:03 p. m.;202510 Pre Cálculo ING-GEO-MAT-DAt;Precálculo;13/01/2025 2:24:34 p. m.;358;72;0,45;0;79;30;79;17,13333333;29;1,401118949;17,13333333;Ingeniería Industrial;División de Ingenierías;CALCULO I;MAT1101;2 Ecuaciones y desigualdades;30;0 No dominó temas;3;177;1 Avance entre [ 19 - 40 temas];No alcanzo meta;2,6
202510;N;178;N;13/01/2025 8:54:47 a. m.;202510 Pre Cálculo ING-GEO-MAT-DAt;Precálculo;13/01/2025 8:56:25 a. m.;351;71;0,216666667;0;79;19;79;12,25;24;1,55147776;12,25;Ingeniería Eléctrica;División de Ingenierías;CALCULO I;MAT1101;2 Ecuaciones y desigualdades;19;0 No dominó temas;1,8;178;1 Avance entre [ 19 - 40 temas];No alcanzo meta;3
202510;N;179;N;13/01/2025 8:57:29 a. m.;202510 Pre Cálculo ING-GEO-MAT-DAt;Precálculo;13/01/2025 8:59:15 a. m.;328;69;0,783333333;0;79;22;79;22,46666667;25;0,979482803;22,46666667;Ingeniería Mecánica;División de Ingenierías;CALCULO I;MAT1101;2 Ecuaciones y desigualdades;22;0 No dominó temas;2,5;179;1 Avance entre [ 19 - 40 temas];No alcanzo meta;1,6
202510;N;180;N;13/01/2025 9:01:22 a. m.;202510 Pre Cálculo ING-GEO-MAT-DAt;Precálculo;13/01/2025 9:02:45 a. m.;351;67;0,183333333;0;79;4;79;5,583333333;7;0,715741339;5,583333333;Ingeniería Sistemas Y Computac;División de Ingenierías;CALCULO I;MAT1101;1 Repaso de Álgebra y Geometría;4;0 No dominó temas;1,8;180;0 Avance menor a 19 temas;No alcanzo meta;1,5
202510;N;181;N;13/01/2025 2:22:03 p. m.;202510 Pre Cálculo ING-GEO-MAT-DAt;Precálculo;13/01/2025 2:24:12 p. m.;205;52;0,666666667;0;79;30;79;35,65;31;0,757351452;35,65;Geología;División de Ciencias Básicas;CALCULO I;MAT1101;2 Ecuaciones y desigualdades;30;0 No dominó temas;1,3;181;1 Avance entre [ 19 - 40 temas];No alcanzo meta;1,5
202510;N;182;N;13/01/2025 8:53:43 a. m.;202510 Pre Cálculo ING-GEO-MAT-DAt;Precálculo;13/01/2025 8:57:15 a. m.;337;63;0,133333333;0;79;12;79;6,433333333;15;1,863836397;6,433333333;Ingeniería Sistemas Y Computac;División de Ingenierías;CALCULO I;MAT1101;2 Ecuaciones y desigualdades;12;0 No dominó temas;2,2;182;0 Avance menor a 19 temas;No alcanzo meta;1,5
202510;N;183;N;13/01/2025 9:03:41 a. m.;202510 Pre Cálculo ING-GEO-MAT-DAt;Precálculo;13/01/2025 9:05:58 a. m.;338;70;0,083333333;0;79;43;79;27,3;67;1,940819254;27,3;Ingeniería Eléctrica;División de Ingenierías;CALCULO I;MAT1101;3 Temas Parcial 1 Cálculo I;43;0 No dominó temas;2,2;183;2 Avance entre [ 40 - 60 temas];Cumplimiento meta;3
202510;N;184;N;15/01/2025 8:23:38 a. m.;202510 Pre Cálculo ING-GEO-MAT-DAt;Precálculo;15/01/2025 8:25:08 a. m.;346;70;0,4;0;79;1;79;1,633333333;2;0,609962725;1,633333333;Ingeniería Civil;División de Ingenierías;CALCULO I;MAT1101;1 Repaso de Álgebra y Geometría;1;0 No dominó temas;2;184;0 Avance menor a 19 temas;No alcanzo meta;1,5
202510;N;185;N;15/01/2025 8:23:10 a. m.;202510 Pre Cálculo ING-GEO-MAT-DAt;Precálculo;15/01/2025 8:24:18 a. m.;282;58;0,466666667;0;79;16;79;31,03333333;24;0,515542349;31,03333333;Ingeniería Industrial;División de Ingenierías;CALCULO I;MAT1101;2 Ecuaciones y desigualdades;16;0 No dominó temas;1,8;185;0 Avance menor a 19 temas;No alcanzo meta;1,5
202510;N;186;N;13/01/2025 9:07:51 a. m.;202510 Pre Cálculo ING-GEO-MAT-DAt;Precálculo;13/01/2025 9:09:26 a. m.;310;63;0,5;0;79;33;79;32,65;29;0,735168987;32,65;Ingeniería Sistemas Y Computac;División de Ingenierías;CALCULO I;MAT1101;3 Temas Parcial 1 Cálculo I;33;0 No dominó temas;2,1;186;1 Avance entre [ 19 - 40 temas];Cumplimiento meta;1,5
202510;N;187;N;13/01/2025 2:20:18 p. m.;202510 Pre Cálculo ING-GEO-MAT-DAt;Precálculo;13/01/2025 2:22:10 p. m.;312;62;0,216666667;0;79;17;79;10,66666667;22;1,5940821;10,66666667;Ingeniería Civil;División de Ingenierías;CALCULO I;MAT1101;2 Ecuaciones y desigualdades;17;0 No dominó temas;2,7;187;0 Avance menor a 19 temas;No alcanzo meta;2,5
202510;N;188;N;13/01/2025 8:54:09 a. m.;202510 Pre Cálculo ING-GEO-MAT-DAt;Precálculo;13/01/2025 8:55:18 a. m.;393;77;0,033333333;0;79;19;79;17,53333333;21;1,141045959;17,53333333;Ingeniería Sistemas Y Computac;División de Ingenierías;CALCULO I;MAT1101;2 Ecuaciones y desigualdades;19;0 No dominó temas;1,7;188;1 Avance entre [ 19 - 40 temas];No alcanzo meta;1,5
202510;N;189;N;13/01/2025 2:19:51 p. m.;202510 Pre Cálculo ING-GEO-MAT-DAt;Precálculo;13/01/2025 2:21:12 p. m.;323;59;0,166666667;0;79;16;79;26,78333333;26;0,746771768;26,78333333;Ciencia de Datos;División de Ciencias Básicas;CALCULO I;MAT1101;2 Ecuaciones y desigualdades;16;0 No dominó temas;2,5;189;0 Avance menor a 19 temas;No alcanzo meta;2
202310;N;190;N;13/01/2023 9:01:51 a. m.;202310 Pre-Cálculo ANEC Uninorte;Precálculo;13/01/2023 9:07:08 a. m.;291;60;0,283333333;0;79;18;79;10,98333333;24;1,821585792;10,98333333;Administración de Empresas;Escuela de Negocios;CALCULO I (ANEC);MAT1100;2 Ecuaciones y desigualdades;18;0 No dominó temas;4,4;190;1 Avance entre [ 18 - 37 temas];No alcanzo meta;3,9
202310;N;191;N;13/01/2023 8:56:36 a. m.;202310 Pre-Cálculo ANEC Uninorte;Precálculo;13/01/2023 9:02:41 a. m.;263;57;0,25;0;79;4;79;16,7;13;0,239620601;16,7;Administración de Empresas;Escuela de Negocios;CALCULO I (ANEC);MAT1100;1 Repaso de Álgebra y Geometría;4;0 No dominó temas;2,6;191;0 Avance menor a 18 temas;No alcanzo meta;2
202310;N;192;N;13/01/2023 9:21:34 a. m.;202310 Pre-Cálculo ANEC Uninorte;Precálculo;13/01/2023 9:24:12 a. m.;310;73;0,583333333;0;79;0;79;0,633333333;0;0;0,633333333;Economía;Div Humanidades, Artes y Cs. S;CALCULO I (ANEC);MAT1100;0 No dominó temas;0;0 No dominó temas;1,7;192;0 Avance menor a 18 temas;No alcanzo meta;1,5
202310;N;193;N;13/01/2023 8:55:41 a. m.;202310 Pre-Cálculo ANEC Uninorte;Precálculo;13/01/2023 9:01:51 a. m.;298;61;0,2;0;79;8;79;20,1;14;0,398158517;20,1;Negocios Internacionales;Escuela de Negocios;CALCULO I (ANEC);MAT1100;1 Repaso de Álgebra y Geometría;8;0 No dominó temas;4,2;193;0 Avance menor a 18 temas;No alcanzo meta;3,2
202310;N;194;N;13/01/2023 9:18:38 a. m.;202310 Pre-Cálculo ANEC Uninorte;Precálculo;13/01/2023 9:25:40 a. m.;319;63;0,3;0;79;9;79;16,46666667;20;1,032231949;16,46666667;Negocios Internacionales;Escuela de Negocios;CALCULO I (ANEC);MAT1100;1 Repaso de Álgebra y Geometría;9;0 No dominó temas;2;194;0 Avance menor a 18 temas;No alcanzo meta;1,5
202310;N;195;N;13/01/2023 8:56:24 a. m.;202310 Pre-Cálculo ANEC Uninorte;Precálculo;13/01/2023 8:59:24 a. m.;355;69;0,4;0;79;13;79;5,983333333;14;2,174115024;5,983333333;Contaduría Pública;Escuela de Negocios;CALCULO I (ANEC);MAT1100;2 Ecuaciones y desigualdades;13;0 No dominó temas;4,8;195;0 Avance menor a 18 temas;No alcanzo meta;4,2
202310;N;196;N;21/12/2022 8:39:01 a. m.;202310 Pre-Cálculo ANEC Uninorte;Precálculo;21/12/2022 8:53:14 a. m.;324;70;0,35;0;79;0;79;12,35;16;1,134266553;15,95;Administración de Empresas;Escuela de Negocios;CALCULO I (ANEC);MAT1100;0 No dominó temas;0;0 No dominó temas;2,4;196;0 Avance menor a 18 temas;No alcanzo meta;1,5
202310;N;197;N;14/01/2023 8:58:18 a. m.;202310 Pre-Cálculo ANEC Uninorte;Precálculo;14/01/2023 9:05:01 a. m.;269;73;0,083333333;0;79;0;79;0,35;0;0;0,35;Economía;Div Humanidades, Artes y Cs. S;CALCULO I (ANEC);MAT1100;0 No dominó temas;0;0 No dominó temas;3;197;0 Avance menor a 18 temas;No alcanzo meta;3,2
202310;N;198;N;13/01/2023 8:55:41 a. m.;202310 Pre-Cálculo ANEC Uninorte;Precálculo;13/01/2023 9:02:31 a. m.;288;43;0,25;0;79;12;79;16,5;24;1,091203018;16,5;Economía;Div Humanidades, Artes y Cs. S;CALCULO I (ANEC);MAT1100;2 Ecuaciones y desigualdades;12;0 No dominó temas;3,9;198;0 Avance menor a 18 temas;No alcanzo meta;4,2
202310;N;199;N;13/01/2023 9:18:39 a. m.;202310 Pre-Cálculo ANEC Uninorte;Precálculo;13/01/2023 9:25:07 a. m.;368;75;0,116666667;0;79;13;79;8,85;17;1,46948003;8,85;Negocios Internacionales;Escuela de Negocios;CALCULO I (ANEC);MAT1100;2 Ecuaciones y desigualdades;13;0 No dominó temas;4,8;199;0 Avance menor a 18 temas;No alcanzo meta;4,1
202310;N;200;N;13/01/2023 8:56:41 a. m.;202310 Pre-Cálculo ANEC Uninorte;Precálculo;13/01/2023 9:01:00 a. m.;345;71;0,15;0;79;22;79;27,05;31;1,035003234;27,05;Contaduría Pública;Escuela de Negocios;CALCULO I (ANEC);MAT1100;2 Ecuaciones y desigualdades;22;0 No dominó temas;4,7;200;1 Avance entre [ 18 - 37 temas];No alcanzo meta;4,9
202310;N;201;N;13/01/2023 8:57:33 a. m.;202310 Pre-Cálculo ANEC Uninorte;Precálculo;13/01/2023 9:02:20 a. m.;258;51;0,283333333;0;79;0;79;2,933333333;3;0;2,933333333;Administración de Empresas;Escuela de Negocios;CALCULO I (ANEC);MAT1100;0 No dominó temas;0;0 No dominó temas;2,2;201;0 Avance menor a 18 temas;No alcanzo meta;1,5
202310;N;202;N;13/01/2023 9:01:07 a. m.;202310 Pre-Cálculo ANEC Uninorte;Precálculo;13/01/2023 9:05:46 a. m.;292;64;0,25;0;79;3;79;5,383333333;4;0,55718929;5,383333333;Negocios Internacionales;Escuela de Negocios;CALCULO I (ANEC);MAT1100;1 Repaso de Álgebra y Geometría;3;0 No dominó temas;1,9;202;0 Avance menor a 18 temas;No alcanzo meta;2,7
202310;N;203;N;13/01/2023 8:55:46 a. m.;202310 Pre-Cálculo ANEC Uninorte;Precálculo;13/01/2023 9:01:05 a. m.;348;61;0,083333333;0;79;3;79;4,566666667;4;0,656934307;4,566666667;Derecho;Div Derecho, Cs Pol y Rel Int;CALCULO I (ANEC);MAT1100;1 Repaso de Álgebra y Geometría;3;0 No dominó temas;;203;0 Avance menor a 18 temas;No alcanzo meta;1,5
202310;N;204;N;16/01/2023 8:39:17 a. m.;202310 Pre-Cálculo ANEC Uninorte;Precálculo;16/01/2023 8:45:06 a. m.;343;66;0,533333333;0;79;4;79;4,666666667;6;0,858011083;4,666666667;Economía;Div Humanidades, Artes y Cs. S;CALCULO I (ANEC);MAT1100;1 Repaso de Álgebra y Geometría;4;0 No dominó temas;2,7;204;0 Avance menor a 18 temas;No alcanzo meta;3,8
202310;N;205;N;13/01/2023 9:03:45 a. m.;202310 Pre-Cálculo ANEC Uninorte;Precálculo;13/01/2023 9:11:58 a. m.;256;54;0,166666667;0;79;4;79;3,55;6;1,128261381;3,55;Economía;Div Humanidades, Artes y Cs. S;CALCULO I (ANEC);MAT1100;1 Repaso de Álgebra y Geometría;4;0 No dominó temas;3,9;205;0 Avance menor a 18 temas;No alcanzo meta;4
202310;N;206;N;13/01/2023 8:58:01 a. m.;202310 Pre-Cálculo ANEC Uninorte;Precálculo;13/01/2023 9:02:41 a. m.;318;71;0,2;0;79;4;79;5,283333333;5;0,757894737;5,283333333;Negocios Internacionales;Escuela de Negocios;CALCULO I (ANEC);MAT1100;1 Repaso de Álgebra y Geometría;4;0 No dominó temas;3,3;206;0 Avance menor a 18 temas;No alcanzo meta;1,5
202310;N;207;N;13/01/2023 8:58:30 a. m.;202310 Pre-Cálculo ANEC Uninorte;Precálculo;13/01/2023 9:04:24 a. m.;390;79;0,25;0;79;4;79;4,266666667;6;0,938110749;4,266666667;Negocios Internacionales;Escuela de Negocios;CALCULO I (ANEC);MAT1100;1 Repaso de Álgebra y Geometría;4;0 No dominó temas;4,2;207;0 Avance menor a 18 temas;No alcanzo meta;3,4
202310;N;208;N;13/01/2023 9:02:05 a. m.;202310 Pre-Cálculo ANEC Uninorte;Precálculo;13/01/2023 9:08:29 a. m.;312;65;0,183333333;0;79;4;79;11,11666667;8;0,359928014;11,11666667;Negocios Internacionales;Escuela de Negocios;CALCULO I (ANEC);MAT1100;1 Repaso de Álgebra y Geometría;4;0 No dominó temas;1,1;208;0 Avance menor a 18 temas;No alcanzo meta;1,5
202310;N;209;N;13/01/2023 8:59:05 a. m.;202310 Pre-Cálculo ANEC Uninorte;Precálculo;13/01/2023 9:03:27 a. m.;308;74;0,433333333;0;79;4;79;4,65;5;0,860677784;4,65;Negocios Internacionales;Escuela de Negocios;CALCULO I (ANEC);MAT1100;1 Repaso de Álgebra y Geometría;4;0 No dominó temas;2,4;209;0 Avance menor a 18 temas;No alcanzo meta;2,7
202310;N;210;N;13/01/2023 9:08:55 a. m.;202310 Pre-Cálculo ANEC Uninorte;Precálculo;13/01/2023 9:11:33 a. m.;337;84;0,116666667;0;79;5;79;2,183333333;5;2,297970126;2,183333333;Negocios Internacionales;Escuela de Negocios;CALCULO I (ANEC);MAT1100;1 Repaso de Álgebra y Geometría;5;0 No dominó temas;3,7;210;0 Avance menor a 18 temas;No alcanzo meta;2,7
202310;N;211;N;13/01/2023 9:15:01 a. m.;202310 Pre-Cálculo ANEC Uninorte;Precálculo;13/01/2023 9:17:52 a. m.;323;69;0,183333333;0;79;5;79;3,05;5;1,642785434;3,05;Negocios Internacionales;Escuela de Negocios;CALCULO I (ANEC);MAT1100;1 Repaso de Álgebra y Geometría;5;0 No dominó temas;4,2;211;0 Avance menor a 18 temas;No alcanzo meta;2,5
202310;N;212;N;13/01/2023 9:16:30 a. m.;202310 Pre-Cálculo ANEC Uninorte;Precálculo;13/01/2023 9:19:18 a. m.;351;73;0,066666667;0;79;5;79;4,516666667;5;1,105311636;4,516666667;Negocios Internacionales;Escuela de Negocios;CALCULO I (ANEC);MAT1100;1 Repaso de Álgebra y Geometría;5;0 No dominó temas;1,2;212;0 Avance menor a 18 temas;No alcanzo meta;3
202310;N;213;N;13/01/2023 9:03:26 a. m.;202310 Pre-Cálculo ANEC Uninorte;Precálculo;13/01/2023 9:06:45 a. m.;347;70;0,033333333;0;79;5;79;2,683333333;5;1,858352261;2,683333333;Administración de Empresas;Escuela de Negocios;CALCULO I (ANEC);MAT1100;1 Repaso de Álgebra y Geometría;5;0 No dominó temas;2,1;213;0 Avance menor a 18 temas;No alcanzo meta;1,5
202310;N;214;N;13/01/2023 8:58:17 a. m.;202310 Pre-Cálculo ANEC Uninorte;Precálculo;13/01/2023 9:03:20 a. m.;277;51;0,233333333;0;79;6;79;5,033333333;6;1,193370166;5,033333333;Negocios Internacionales;Escuela de Negocios;CALCULO I (ANEC);MAT1100;1 Repaso de Álgebra y Geometría;6;0 No dominó temas;1,5;214;0 Avance menor a 18 temas;No alcanzo meta;1,5
202310;N;215;N;13/01/2023 8:57:56 a. m.;202310 Pre-Cálculo ANEC Uninorte;Precálculo;13/01/2023 9:02:57 a. m.;344;67;0,35;0;79;8;79;9,033333333;11;0,886181113;9,033333333;Negocios Internacionales;Escuela de Negocios;CALCULO I (ANEC);MAT1100;1 Repaso de Álgebra y Geometría;8;0 No dominó temas;2,5;215;0 Avance menor a 18 temas;No alcanzo meta;3
202310;N;216;N;13/01/2023 8:54:40 a. m.;202310 Pre-Cálculo ANEC Uninorte;Precálculo;13/01/2023 9:00:51 a. m.;310;67;0,266666667;0;79;8;79;4,766666667;9;1,678419488;4,766666667;Negocios Internacionales;Escuela de Negocios;CALCULO I (ANEC);MAT1100;1 Repaso de Álgebra y Geometría;8;0 No dominó temas;3,1;216;0 Avance menor a 18 temas;No alcanzo meta;3,5
202310;N;217;N;13/01/2023 8:54:40 a. m.;202310 Pre-Cálculo ANEC Uninorte;Precálculo;13/01/2023 9:00:04 a. m.;252;48;0,183333333;0;79;8;79;5,066666667;9;1,578341645;5,066666667;Administración de Empresas;Escuela de Negocios;CALCULO I (ANEC);MAT1100;1 Repaso de Álgebra y Geometría;8;0 No dominó temas;1,6;217;0 Avance menor a 18 temas;No alcanzo meta;1,5
202310;N;218;N;13/01/2023 9:18:13 a. m.;202310 Pre-Cálculo ANEC Uninorte;Precálculo;13/01/2023 9:23:35 a. m.;364;70;0,166666667;0;79;8;79;4,283333333;8;1,865164173;4,283333333;Negocios Internacionales;Escuela de Negocios;CALCULO I (ANEC);MAT1100;1 Repaso de Álgebra y Geometría;8;0 No dominó temas;4,1;218;0 Avance menor a 18 temas;No alcanzo meta;3,7
202310;N;219;N;16/01/2023 8:25:47 a. m.;202310 Pre-Cálculo ANEC Uninorte;Precálculo;16/01/2023 8:29:46 a. m.;327;70;0,4;0;79;9;79;5,816666667;12;1,545949041;5,816666667;Negocios Internacionales;Escuela de Negocios;CALCULO I (ANEC);MAT1100;1 Repaso de Álgebra y Geometría;9;0 No dominó temas;3;219;0 Avance menor a 18 temas;No alcanzo meta;4,2
202310;N;220;N;13/01/2023 8:59:09 a. m.;202310 Pre-Cálculo ANEC Uninorte;Precálculo;13/01/2023 9:03:39 a. m.;287;68;0,516666667;0;79;10;79;10,01666667;13;0,998723853;10,01666667;Negocios Internacionales;Escuela de Negocios;CALCULO I (ANEC);MAT1100;1 Repaso de Álgebra y Geometría;10;0 No dominó temas;3;220;0 Avance menor a 18 temas;No alcanzo meta;2,6
202310;N;221;N;13/01/2023 8:57:13 a. m.;202310 Pre-Cálculo ANEC Uninorte;Precálculo;13/01/2023 9:01:50 a. m.;289;55;0,416666667;0;79;10;79;12,16666667;18;0,822199383;12,16666667;Administración de Empresas;Escuela de Negocios;CALCULO I (ANEC);MAT1100;1 Repaso de Álgebra y Geometría;10;0 No dominó temas;3,1;221;0 Avance menor a 18 temas;No alcanzo meta;3,3
202310;N;222;N;13/01/2023 9:01:37 a. m.;202310 Pre-Cálculo ANEC Uninorte;Precálculo;13/01/2023 9:07:14 a. m.;295;65;0,516666667;0;79;10;79;6,25;11;1,601138587;6,25;Administración de Empresas;Escuela de Negocios;CALCULO I (ANEC);MAT1100;1 Repaso de Álgebra y Geometría;10;0 No dominó temas;2,6;222;0 Avance menor a 18 temas;No alcanzo meta;3,2
202310;N;223;N;13/01/2023 8:55:29 a. m.;202310 Pre-Cálculo ANEC Uninorte;Precálculo;13/01/2023 9:01:00 a. m.;312;61;0,25;0;79;10;79;12,63333333;14;0,791487116;12,63333333;Economía;Div Humanidades, Artes y Cs. S;CALCULO I (ANEC);MAT1100;1 Repaso de Álgebra y Geometría;10;0 No dominó temas;2,8;223;0 Avance menor a 18 temas;No alcanzo meta;3
202310;N;224;N;13/01/2023 9:01:24 a. m.;202310 Pre-Cálculo ANEC Uninorte;Precálculo;13/01/2023 9:07:10 a. m.;293;68;0,516666667;0;79;10;79;7,033333333;12;1,422643746;7,033333333;Administración de Empresas;Escuela de Negocios;CALCULO I (ANEC);MAT1100;1 Repaso de Álgebra y Geometría;10;0 No dominó temas;4,3;224;0 Avance menor a 18 temas;No alcanzo meta;3,8
202310;N;225;N;13/01/2023 8:55:43 a. m.;202310 Pre-Cálculo ANEC Uninorte;Precálculo;13/01/2023 8:59:31 a. m.;365;79;0,233333333;0;79;11;79;5,05;13;2,176302484;5,05;Economía;Div Humanidades, Artes y Cs. S;CALCULO I (ANEC);MAT1100;2 Ecuaciones y desigualdades;11;0 No dominó temas;4,1;225;0 Avance menor a 18 temas;No alcanzo meta;4,3
202310;N;226;N;13/01/2023 8:57:21 a. m.;202310 Pre-Cálculo ANEC Uninorte;Precálculo;13/01/2023 9:06:29 a. m.;301;67;0,316666667;0;79;11;79;8,233333333;12;1,334771471;8,233333333;Administración de Empresas;Escuela de Negocios;CALCULO I (ANEC);MAT1100;2 Ecuaciones y desigualdades;11;0 No dominó temas;2,7;226;0 Avance menor a 18 temas;No alcanzo meta;2,8
202310;N;227;N;13/01/2023 8:57:12 a. m.;202310 Pre-Cálculo ANEC Uninorte;Precálculo;13/01/2023 9:01:44 a. m.;255;56;0,416666667;0;79;12;79;11,8;15;1,016566265;11,8;Administración de Empresas;Escuela de Negocios;CALCULO I (ANEC);MAT1100;2 Ecuaciones y desigualdades;12;0 No dominó temas;2,1;227;0 Avance menor a 18 temas;No alcanzo meta;3,2
202310;N;228;N;13/01/2023 8:55:31 a. m.;202310 Pre-Cálculo ANEC Uninorte;Precálculo;13/01/2023 9:01:33 a. m.;347;82;0,316666667;0;79;13;79;5,8;13;2,240091901;5,8;Economía;Div Humanidades, Artes y Cs. S;CALCULO I (ANEC);MAT1100;2 Ecuaciones y desigualdades;13;0 No dominó temas;4,5;228;0 Avance menor a 18 temas;No alcanzo meta;4
202310;N;229;N;13/01/2023 9:05:31 a. m.;202310 Pre-Cálculo ANEC Uninorte;Precálculo;13/01/2023 9:11:39 a. m.;244;49;1,033333333;0;79;13;79;12,81666667;15;1,014040562;12,81666667;Negocios Internacionales;Escuela de Negocios;CALCULO I (ANEC);MAT1100;2 Ecuaciones y desigualdades;13;0 No dominó temas;3,2;229;0 Avance menor a 18 temas;No alcanzo meta;3,6
202310;N;230;N;13/01/2023 8:56:22 a. m.;202310 Pre-Cálculo ANEC Uninorte;Precálculo;13/01/2023 8:59:20 a. m.;322;64;0,066666667;0;79;13;79;10,48333333;15;1,240589545;10,48333333;Administración de Empresas;Escuela de Negocios;CALCULO I (ANEC);MAT1100;2 Ecuaciones y desigualdades;13;0 No dominó temas;3,1;230;0 Avance menor a 18 temas;No alcanzo meta;1,5
202310;N;231;N;13/01/2023 9:03:48 a. m.;202310 Pre-Cálculo ANEC Uninorte;Precálculo;13/01/2023 9:06:49 a. m.;376;72;0,216666667;0;79;20;79;14,56666667;21;1,373783629;14,56666667;Negocios Internacionales;Escuela de Negocios;CALCULO I (ANEC);MAT1100;2 Ecuaciones y desigualdades;20;0 No dominó temas;3,9;231;1 Avance entre [ 18 - 37 temas];No alcanzo meta;3,9
202310;N;232;N;13/01/2023 8:57:10 a. m.;202310 Pre-Cálculo ANEC Uninorte;Precálculo;13/01/2023 9:01:10 a. m.;323;65;0,35;0;79;23;79;14,25;21;1,333177406;14,25;Administración de Empresas;Escuela de Negocios;CALCULO I (ANEC);MAT1100;2 Ecuaciones y desigualdades;23;0 No dominó temas;3,5;232;1 Avance entre [ 18 - 37 temas];No alcanzo meta;3,8
202310;N;233;N;13/01/2023 8:56:57 a. m.;202310 Pre-Cálculo ANEC Uninorte;Precálculo;13/01/2023 9:00:24 a. m.;331;64;0,2;0;79;28;79;12,75;32;2,354172116;12,75;Administración de Empresas;Escuela de Negocios;CALCULO I (ANEC);MAT1100;2 Ecuaciones y desigualdades;28;0 No dominó temas;3,7;233;1 Avance entre [ 18 - 37 temas];No alcanzo meta;3,1
202310;N;234;N;13/01/2023 8:58:23 a. m.;202310 Precálculo ING-GEO;Precálculo;13/01/2023 9:04:14 a. m.;336;67;0,283333333;0;79;15;79;27,61666667;24;0,687851971;27,61666667;Geología;División de Ciencias Básicas;CALCULO I;MAT1101;2 Ecuaciones y desigualdades;15;0 No dominó temas;1,9;234;0 Avance menor a 19 temas;No alcanzo meta;3
202310;N;235;N;17/01/2023 10:38:45 a. m.;202310 Precálculo ING-GEO;Precálculo;-;472;76;;0;79;0;0;0,033333333;0;0;0,033333333;Ciencia de Datos;División de Ciencias Básicas;CALCULO I;MAT1101;0 No dominó temas;0;0 No dominó temas;5;235;0 Avance menor a 19 temas;No alcanzo meta;4,4
202310;N;236;N;13/01/2023 9:01:05 a. m.;202310 Precálculo ING-GEO;Precálculo;13/01/2023 9:06:42 a. m.;261;52;0,433333333;0;79;19;79;13,7;26;1,460061241;13,7;Ingeniería Civil;División de Ingenierías;CALCULO I;MAT1101;2 Ecuaciones y desigualdades;19;0 No dominó temas;2,7;236;1 Avance entre [ 19 - 40 temas];No alcanzo meta;3,1
202310;N;237;N;13/01/2023 9:00:48 a. m.;202310 Precálculo ING-GEO;Precálculo;13/01/2023 9:07:00 a. m.;227;48;0,316666667;0;79;2;79;9,683333333;9;0,206510827;9,683333333;Ingeniería Civil;División de Ingenierías;CALCULO I;MAT1101;1 Repaso de Álgebra y Geometría;2;0 No dominó temas;1;237;0 Avance menor a 19 temas;No alcanzo meta;1,5
202310;N;238;N;13/01/2023 8:58:50 a. m.;202310 Precálculo ING-GEO;Precálculo;13/01/2023 9:03:59 a. m.;252;45;1,066666667;0;79;29;79;21,11666667;22;0,899680377;21,11666667;Ingeniería Industrial;División de Ingenierías;CALCULO I;MAT1101;2 Ecuaciones y desigualdades;29;0 No dominó temas;3,1;238;1 Avance entre [ 19 - 40 temas];No alcanzo meta;3,2
202310;N;239;N;24/02/2023 9:21:09 a. m.;202310 Precálculo ING-GEO;Precálculo;-;363;78;;0;79;0;0;;;;0;Ingeniería Sistemas Y Computac;División de Ingenierías;CALCULO I;MAT1101;0 No dominó temas;0;0 No dominó temas;3;239;0 Avance menor a 19 temas;No alcanzo meta;3
202310;N;240;N;13/01/2023 8:42:20 a. m.;202310 Precálculo ING-GEO;Precálculo;13/01/2023 8:47:44 a. m.;274;61;0,583333333;0;79;0;79;3,216666667;2;0;3,216666667;Ingeniería Mecánica;División de Ingenierías;CALCULO I;MAT1101;0 No dominó temas;0;0 No dominó temas;1,4;240;0 Avance menor a 19 temas;No alcanzo meta;1,5
202310;N;241;N;20/12/2022 4:19:57 p. m.;202310 Precálculo ING-GEO;Precálculo;-;324;66;;0;79;0;0;;;;0;Ingeniería Sistemas Y Computac;División de Ingenierías;CALCULO I;MAT1101;0 No dominó temas;0;0 No dominó temas;2,3;241;0 Avance menor a 19 temas;No alcanzo meta;2,6
202310;N;242;N;13/01/2023 8:56:34 a. m.;202310 Precálculo ING-GEO;Precálculo;13/01/2023 9:04:54 a. m.;318;64;0,25;0;79;15;79;17,75;24;1,070640349;17,75;Ingeniería Sistemas Y Computac;División de Ingenierías;CALCULO I;MAT1101;2 Ecuaciones y desigualdades;15;0 No dominó temas;2;242;0 Avance menor a 19 temas;No alcanzo meta;1,5
202310;N;243;N;20/01/2023 2:02:43 p. m.;202310 Precálculo ING-GEO;Precálculo;20/01/2023 2:05:58 p. m.;341;70;0,25;0;79;0;79;0,4;0;0;0,4;Ingeniería Sistemas Y Computac;División de Ingenierías;CALCULO I;MAT1101;0 No dominó temas;0;0 No dominó temas;1;243;0 Avance menor a 19 temas;No alcanzo meta;1,5
202310;N;244;N;13/01/2023 8:56:51 a. m.;202310 Precálculo ING-GEO;Precálculo;13/01/2023 9:00:01 a. m.;359;69;0,3;0;79;25;79;10,56666667;25;2,272727273;10,56666667;Ingeniería Sistemas Y Computac;División de Ingenierías;CALCULO I;MAT1101;2 Ecuaciones y desigualdades;25;0 No dominó temas;3,9;244;1 Avance entre [ 19 - 40 temas];No alcanzo meta;3,9
202310;N;245;N;13/01/2023 8:48:00 a. m.;202310 Precálculo ING-GEO;Precálculo;13/01/2023 8:51:56 a. m.;314;64;0,4;0;79;28;79;11,4;18;1,579293705;11,4;Geología;División de Ciencias Básicas;CALCULO I;MAT1101;2 Ecuaciones y desigualdades;28;0 No dominó temas;1,8;245;1 Avance entre [ 19 - 40 temas];No alcanzo meta;2,3
202310;N;246;N;18/01/2023 4:43:18 p. m.;202310 Precálculo ING-GEO;Precálculo;-;383;74;;0;79;0;0;0,866666667;0;0;0,866666667;Matemáticas;División de Ciencias Básicas;CALCULO I;MAT1101;0 No dominó temas;0;0 No dominó temas;4,9;246;0 Avance menor a 19 temas;No alcanzo meta;4,4
202310;N;247;N;14/01/2023 8:59:33 a. m.;202310 Precálculo ING-GEO;Precálculo;14/01/2023 9:05:03 a. m.;286;58;0,433333333;0;79;20;79;15,91666667;31;1,570406561;15,91666667;Ingeniería Industrial;División de Ingenierías;CALCULO I;MAT1101;2 Ecuaciones y desigualdades;20;0 No dominó temas;3;247;1 Avance entre [ 19 - 40 temas];No alcanzo meta;3,2
202310;N;248;N;13/01/2023 8:48:46 a. m.;202310 Precálculo ING-GEO;Precálculo;13/01/2023 8:53:14 a. m.;372;78;0,416666667;0;79;24;79;18,23333333;32;1,644962303;18,23333333;Ingeniería Civil;División de Ingenierías;CALCULO I;MAT1101;2 Ecuaciones y desigualdades;24;0 No dominó temas;2;248;1 Avance entre [ 19 - 40 temas];No alcanzo meta;2,7
202310;N;249;N;14/01/2023 8:52:01 a. m.;202310 Precálculo ING-GEO;Precálculo;14/01/2023 9:07:13 a. m.;255;51;0,25;0;79;4;79;4,2;5;0,950871632;4,2;Ingeniería Industrial;División de Ingenierías;CALCULO I;MAT1101;1 Repaso de Álgebra y Geometría;4;0 No dominó temas;2,8;249;0 Avance menor a 19 temas;No alcanzo meta;3
202310;N;250;N;13/01/2023 9:01:49 a. m.;202310 Precálculo ING-GEO;Precálculo;13/01/2023 9:10:28 a. m.;230;48;0,283333333;0;79;0;79;3,366666667;2;0;3,366666667;Ingeniería Civil;División de Ingenierías;CALCULO I;MAT1101;0 No dominó temas;0;0 No dominó temas;2,5;250;0 Avance menor a 19 temas;No alcanzo meta;2,7
202310;N;251;N;13/01/2023 8:55:30 a. m.;202310 Precálculo ING-GEO;Precálculo;13/01/2023 9:02:10 a. m.;298;63;0,283333333;0;79;7;79;15,6;9;0,448781878;15,6;Ingeniería Sistemas Y Computac;División de Ingenierías;CALCULO I;MAT1101;1 Repaso de Álgebra y Geometría;7;0 No dominó temas;1,9;251;0 Avance menor a 19 temas;No alcanzo meta;1,5
202310;N;252;N;13/01/2023 8:57:24 a. m.;202310 Precálculo ING-GEO;Precálculo;13/01/2023 9:02:12 a. m.;287;56;0,316666667;0;79;14;79;9,933333333;17;1,409829646;9,933333333;Geología;División de Ciencias Básicas;CALCULO I;MAT1101;2 Ecuaciones y desigualdades;14;0 No dominó temas;1;252;0 Avance menor a 19 temas;No alcanzo meta;1,5
202310;N;253;N;13/01/2023 8:49:10 a. m.;202310 Precálculo ING-GEO;Precálculo;13/01/2023 8:57:41 a. m.;252;49;0,466666667;0;79;1;79;6,066666667;5;0,164752185;6,066666667;Ingeniería Industrial;División de Ingenierías;CALCULO I;MAT1101;1 Repaso de Álgebra y Geometría;1;0 No dominó temas;3;253;0 Avance menor a 19 temas;No alcanzo meta;3
202310;N;254;N;13/01/2023 9:01:31 a. m.;202310 Precálculo ING-GEO;Precálculo;13/01/2023 9:13:57 a. m.;239;52;0,4;0;79;2;79;3,816666667;2;0,523979332;3,816666667;Ingeniería Industrial;División de Ingenierías;CALCULO I;MAT1101;1 Repaso de Álgebra y Geometría;2;0 No dominó temas;2,2;254;0 Avance menor a 19 temas;No alcanzo meta;2,6
202310;N;255;N;13/01/2023 8:42:30 a. m.;202310 Precálculo ING-GEO;Precálculo;13/01/2023 8:46:52 a. m.;264;54;0,466666667;0;79;2;79;3,183333333;3;0,629480678;3,183333333;Ingeniería Mecánica;División de Ingenierías;CALCULO I;MAT1101;1 Repaso de Álgebra y Geometría;2;0 No dominó temas;1,5;255;0 Avance menor a 19 temas;No alcanzo meta;1,5
202310;N;256;N;17/01/2023 1:55:33 p. m.;202310 Precálculo ING-GEO;Precálculo;17/01/2023 2:00:19 p. m.;367;71;0,166666667;0;79;3;79;1,75;6;1,716192595;1,75;Ingeniería Civil;División de Ingenierías;CALCULO I;MAT1101;1 Repaso de Álgebra y Geometría;3;0 No dominó temas;1,8;256;0 Avance menor a 19 temas;No alcanzo meta;2,3
202310;N;257;N;13/01/2023 8:59:09 a. m.;202310 Precálculo ING-GEO;Precálculo;13/01/2023 9:01:43 a. m.;248;49;0,133333333;0;79;3;79;2,433333333;4;1,230909505;2,433333333;Geología;División de Ciencias Básicas;CALCULO I;MAT1101;1 Repaso de Álgebra y Geometría;3;0 No dominó temas;2;257;0 Avance menor a 19 temas;No alcanzo meta;1,5
202310;N;258;N;13/01/2023 8:48:02 a. m.;202310 Precálculo ING-GEO;Precálculo;13/01/2023 8:51:06 a. m.;317;59;0,25;0;79;3;79;4,833333333;4;0,621475429;4,833333333;Ingeniería Civil;División de Ingenierías;CALCULO I;MAT1101;1 Repaso de Álgebra y Geometría;3;0 No dominó temas;2;258;0 Avance menor a 19 temas;No alcanzo meta;2,9
202310;N;259;N;13/01/2023 8:48:00 a. m.;202310 Precálculo ING-GEO;Precálculo;13/01/2023 8:53:09 a. m.;319;63;0,333333333;0;79;3;79;4,083333333;4;0,733346914;4,083333333;Ingeniería Civil;División de Ingenierías;CALCULO I;MAT1101;1 Repaso de Álgebra y Geometría;3;0 No dominó temas;3;259;0 Avance menor a 19 temas;No alcanzo meta;2,5
202310;N;260;N;21/12/2022 10:08:57 a. m.;202310 Precálculo ING-GEO;Precálculo;21/12/2022 10:14:25 a. m.;325;66;0,166666667;0;79;3;79;3,316666667;5;0,903236598;3,583333333;Ingeniería Sistemas Y Computac;División de Ingenierías;CALCULO I;MAT1101;1 Repaso de Álgebra y Geometría;3;0 No dominó temas;2;260;0 Avance menor a 19 temas;No alcanzo meta;1,5
202310;N;261;N;13/01/2023 8:56:56 a. m.;202310 Precálculo ING-GEO;Precálculo;13/01/2023 8:59:51 a. m.;367;74;0,833333333;0;79;4;79;4,5;5;0,889932637;4,5;Ingeniería Sistemas Y Computac;División de Ingenierías;CALCULO I;MAT1101;1 Repaso de Álgebra y Geometría;4;0 No dominó temas;1,8;261;0 Avance menor a 19 temas;No alcanzo meta;1,5
202310;N;262;N;13/01/2023 8:55:04 a. m.;202310 Precálculo ING-GEO;Precálculo;13/01/2023 9:01:55 a. m.;333;71;0,766666667;0;79;4;79;5,816666667;6;0,687383646;5,816666667;Ingeniería Sistemas Y Computac;División de Ingenierías;CALCULO I;MAT1101;1 Repaso de Álgebra y Geometría;4;0 No dominó temas;3,1;262;0 Avance menor a 19 temas;No alcanzo meta;3
202310;N;263;N;13/01/2023 9:02:17 a. m.;202310 Precálculo ING-GEO;Precálculo;13/01/2023 9:09:57 a. m.;228;45;0,216666667;0;79;5;79;5,5;6;0,908999091;5,5;Ingeniería Civil;División de Ingenierías;CALCULO I;MAT1101;1 Repaso de Álgebra y Geometría;5;0 No dominó temas;1;263;0 Avance menor a 19 temas;No alcanzo meta;2,7
202310;N;264;N;16/01/2023 8:37:23 a. m.;202310 Precálculo ING-GEO;Precálculo;16/01/2023 8:40:46 a. m.;311;66;0,1;0;79;5;79;2,633333333;5;1,897133221;2,633333333;Ingeniería Sistemas Y Computac;División de Ingenierías;CALCULO I;MAT1101;1 Repaso de Álgebra y Geometría;5;0 No dominó temas;1,2;264;0 Avance menor a 19 temas;No alcanzo meta;1,5
202310;N;265;N;13/01/2023 8:42:15 a. m.;202310 Precálculo ING-GEO;Precálculo;13/01/2023 8:47:33 a. m.;314;66;0,316666667;0;79;5;79;6,2;6;0,806560022;6,2;Ingeniería Mecánica;División de Ingenierías;CALCULO I;MAT1101;1 Repaso de Álgebra y Geometría;5;0 No dominó temas;1,6;265;0 Avance menor a 19 temas;No alcanzo meta;2,2
202310;N;266;N;13/01/2023 9:01:50 a. m.;202310 Precálculo ING-GEO;Precálculo;13/01/2023 9:11:46 a. m.;266;50;0,533333333;0;79;5;79;8,783333333;8;0,569223958;8,783333333;Ingeniería Civil;División de Ingenierías;CALCULO I;MAT1101;1 Repaso de Álgebra y Geometría;5;0 No dominó temas;1,3;266;0 Avance menor a 19 temas;No alcanzo meta;1,5
202310;N;267;N;21/12/2022 9:27:16 a. m.;202310 Precálculo ING-GEO;Precálculo;21/12/2022 9:32:04 a. m.;298;67;0,233333333;0;79;8;79;4,966666667;5;0,8041548;11,11666667;Geología;División de Ciencias Básicas;CALCULO I;MAT1101;1 Repaso de Álgebra y Geometría;8;0 No dominó temas;2,2;267;0 Avance menor a 19 temas;No alcanzo meta;1,5
202310;N;268;N;13/01/2023 8:48:04 a. m.;202310 Precálculo ING-GEO;Precálculo;13/01/2023 8:51:21 a. m.;359;76;0,25;0;79;9;79;7,016666667;10;1,282965075;7,016666667;Ingeniería Civil;División de Ingenierías;CALCULO I;MAT1101;1 Repaso de Álgebra y Geometría;9;0 No dominó temas;2,7;268;0 Avance menor a 19 temas;No alcanzo meta;3,1
202310;N;269;N;13/01/2023 8:45:13 a. m.;202310 Precálculo ING-GEO;Precálculo;13/01/2023 8:49:05 a. m.;297;62;0,433333333;0;79;9;79;8;10;1,125429852;8;Ingeniería Mecánica;División de Ingenierías;CALCULO I;MAT1101;1 Repaso de Álgebra y Geometría;9;0 No dominó temas;2,2;269;0 Avance menor a 19 temas;No alcanzo meta;1,5
202310;N;270;N;13/01/2023 8:48:01 a. m.;202310 Precálculo ING-GEO;Precálculo;13/01/2023 8:51:49 a. m.;311;64;0,2;0;79;10;79;6,85;11;1,460209297;6,85;Geología;División de Ciencias Básicas;CALCULO I;MAT1101;1 Repaso de Álgebra y Geometría;10;0 No dominó temas;1,8;270;0 Avance menor a 19 temas;No alcanzo meta;1,5
202310;N;271;N;13/01/2023 8:54:52 a. m.;202310 Precálculo ING-GEO;Precálculo;13/01/2023 9:00:00 a. m.;340;69;0,233333333;0;79;13;79;8,366666667;14;1,552496268;8,366666667;Ingeniería Industrial;División de Ingenierías;CALCULO I;MAT1101;2 Ecuaciones y desigualdades;13;0 No dominó temas;4,1;271;0 Avance menor a 19 temas;No alcanzo meta;3,8
202310;N;272;N;21/12/2022 9:18:34 a. m.;202310 Precálculo ING-GEO;Precálculo;21/12/2022 9:22:16 a. m.;297;67;0,6;0;79;29;79;8,166666667;15;1,469787697;12,73333333;Ingeniería Mecánica;División de Ingenierías;CALCULO I;MAT1101;2 Ecuaciones y desigualdades;29;0 No dominó temas;0,5;272;1 Avance entre [ 19 - 40 temas];No alcanzo meta;1,5
202330;N;273;N;26/06/2023 9:13:13 a. m.;202330 Pre-Cálculo ANEC;Precálculo;26/06/2023 9:18:44 a. m.;249;51;0,383333333;0;79;40;79;45,41666667;57;0,902752294;45,41666667;Administración de Empresas;Escuela de Negocios;CALCULO I (ANEC);MAT1100;3 Temas Parcial 1 Cálculo I;40;0 No dominó temas;3,3;273;2 Avance entre [ 37 - 55 temas];Cumplimiento meta;3,4
202330;N;274;N;10/07/2023 9:40:03 a. m.;202330 Pre-Cálculo ANEC;Precálculo;10/07/2023 9:44:11 a. m.;373;77;0,116666667;0;79;20;79;12,9;24;1,549753546;12,9;Administración de Empresas;Escuela de Negocios;CALCULO I (ANEC);MAT1100;2 Ecuaciones y desigualdades;20;0 No dominó temas;3;274;1 Avance entre [ 18 - 37 temas];No alcanzo meta;3,4
202330;N;275;N;10/07/2023 9:43:07 a. m.;202330 Pre-Cálculo ANEC;Precálculo;10/07/2023 9:48:57 a. m.;288;62;0,433333333;0;79;35;79;22,76666667;34;1,361407275;22,76666667;Negocios Internacionales;Escuela de Negocios;CALCULO I (ANEC);MAT1100;3 Temas Parcial 1 Cálculo I;35;0 No dominó temas;4,1;275;1 Avance entre [ 18 - 37 temas];Cumplimiento meta;3,4
202330;N;276;N;10/07/2023 9:40:01 a. m.;202330 Pre-Cálculo ANEC;Precálculo;10/07/2023 9:46:17 a. m.;303;77;0,233333333;0;79;31;79;22,9;23;0,916863744;22,9;Administración de Empresas;Escuela de Negocios;CALCULO I (ANEC);MAT1100;3 Temas Parcial 1 Cálculo I;31;0 No dominó temas;4,2;276;1 Avance entre [ 18 - 37 temas];Cumplimiento meta;4,4
202330;N;277;N;26/06/2023 9:13:50 a. m.;202330 Pre-Cálculo ANEC;Precálculo;26/06/2023 9:20:20 a. m.;331;65;0,55;0;79;77;79;74,41666667;86;0,994386049;74,41666667;Administración de Empresas;Escuela de Negocios;CALCULO I (ANEC);MAT1100;4 Temas Parcial 2 Cálculo I;77;0 No dominó temas;4,4;277;3 Avance superior a 55 temas;Cumplimiento meta;4,1
202330;N;278;N;10/07/2023 9:39:55 a. m.;202330 Pre-Cálculo ANEC;Precálculo;10/07/2023 9:45:00 a. m.;434;100;0,183333333;0;79;29;79;16,51666667;37;2,057661595;16,51666667;Negocios Internacionales;Escuela de Negocios;CALCULO I (ANEC);MAT1100;2 Ecuaciones y desigualdades;29;0 No dominó temas;4,6;278;1 Avance entre [ 18 - 37 temas];No alcanzo meta;4,3
202330;N;279;N;14/07/2023 8:27:02 a. m.;202330 Pre-Cálculo ANEC;Precálculo;14/07/2023 8:31:40 a. m.;316;61;0,033333333;0;79;12;79;11,81666667;12;1,015777469;11,81666667;Administración de Empresas;Escuela de Negocios;CALCULO I (ANEC);MAT1100;2 Ecuaciones y desigualdades;12;0 No dominó temas;3;279;0 Avance menor a 18 temas;No alcanzo meta;3,6
202330;N;280;N;10/07/2023 9:39:56 a. m.;202330 Pre-Cálculo ANEC;Precálculo;10/07/2023 9:45:39 a. m.;235;53;0,2;0;79;4;79;3,1;6;1,291364003;3,1;Administración de Empresas;Escuela de Negocios;CALCULO I (ANEC);MAT1100;1 Repaso de Álgebra y Geometría;4;0 No dominó temas;2,7;280;0 Avance menor a 18 temas;No alcanzo meta;1,5
202330;N;281;N;10/07/2023 9:40:01 a. m.;202330 Pre-Cálculo ANEC;Precálculo;10/07/2023 9:45:42 a. m.;324;69;0,183333333;0;79;30;79;18,61666667;40;1,987140278;18,61666667;Negocios Internacionales;Escuela de Negocios;CALCULO I (ANEC);MAT1100;2 Ecuaciones y desigualdades;30;0 No dominó temas;4,5;281;1 Avance entre [ 18 - 37 temas];No alcanzo meta;3,8
202330;N;282;N;12/07/2023 8:15:52 a. m.;202330 Pre-Cálculo ANEC;Precálculo;12/07/2023 8:22:23 a. m.;253;52;0,2;0;79;46;79;25,56666667;46;1,760333811;25,56666667;Contaduría Pública;Escuela de Negocios;CALCULO I (ANEC);MAT1100;3 Temas Parcial 1 Cálculo I;46;0 No dominó temas;2,6;282;2 Avance entre [ 37 - 55 temas];Cumplimiento meta;3,9
202330;N;283;N;10/07/2023 9:40:01 a. m.;202330 Pre-Cálculo ANEC;Precálculo;10/07/2023 9:46:06 a. m.;310;67;0,033333333;0;79;21;79;20,53333333;23;1,022588935;20,53333333;Negocios Internacionales;Escuela de Negocios;CALCULO I (ANEC);MAT1100;2 Ecuaciones y desigualdades;21;0 No dominó temas;2;283;1 Avance entre [ 18 - 37 temas];No alcanzo meta;1,5
202330;N;284;N;27/06/2023 8:58:50 a. m.;202330 Pre-Cálculo ANEC;Precálculo;27/06/2023 9:05:29 a. m.;284;65;0,35;0;79;29;79;38,06666667;43;0,866798973;38,06666667;Administración de Empresas;Escuela de Negocios;CALCULO I (ANEC);MAT1100;2 Ecuaciones y desigualdades;29;0 No dominó temas;4,6;284;1 Avance entre [ 18 - 37 temas];No alcanzo meta;4,1
202330;N;285;N;17/07/2023 8:46:00 a. m.;202330 Pre-Cálculo ANEC;Precálculo;17/07/2023 8:54:58 a. m.;326;64;0,766666667;0;79;7;79;7,466666667;8;0,936628879;7,466666667;Negocios Internacionales;Escuela de Negocios;CALCULO I (ANEC);MAT1100;1 Repaso de Álgebra y Geometría;7;0 No dominó temas;5;285;0 Avance menor a 18 temas;No alcanzo meta;3,5
202330;N;286;N;14/07/2023 9:22:34 a. m.;202330 Pre-Cálculo ANEC;Precálculo;14/07/2023 9:26:47 a. m.;323;64;0,2;0;79;1;79;2,3;2;0,434467777;2,3;Negocios Internacionales;Escuela de Negocios;CALCULO I (ANEC);MAT1100;1 Repaso de Álgebra y Geometría;1;0 No dominó temas;2,5;286;0 Avance menor a 18 temas;No alcanzo meta;2,8
202330;N;287;N;13/07/2023 8:58:47 a. m.;202330 Pre-Cálculo ANEC;Precálculo;13/07/2023 9:05:41 a. m.;296;65;0,45;0;79;4;79;6,6;5;0,605372683;6,6;Administración de Empresas;Escuela de Negocios;CALCULO I (ANEC);MAT1100;1 Repaso de Álgebra y Geometría;4;0 No dominó temas;3;287;0 Avance menor a 18 temas;No alcanzo meta;2,7
202330;N;288;N;10/07/2023 9:40:13 a. m.;202330 Pre-Cálculo ANEC;Precálculo;10/07/2023 9:43:58 a. m.;243;48;0,283333333;0;79;11;79;7,25;15;1,517415795;7,25;Administración de Empresas;Escuela de Negocios;CALCULO I (ANEC);MAT1100;2 Ecuaciones y desigualdades;11;0 No dominó temas;3;288;0 Avance menor a 18 temas;No alcanzo meta;3,2
202330;N;289;N;21/07/2023 8:43:21 a. m.;202330 Pre-Cálculo ANEC;Precálculo;21/07/2023 8:50:59 a. m.;363;70;0,1;0;79;1;79;2;2;0,498063088;2;Negocios Internacionales;Escuela de Negocios;CALCULO I (ANEC);MAT1100;1 Repaso de Álgebra y Geometría;1;0 No dominó temas;3;289;0 Avance menor a 18 temas;No alcanzo meta;3,6
202330;N;290;N;10/07/2023 9:40:20 a. m.;202330 Pre-Cálculo ANEC;Precálculo;10/07/2023 9:46:15 a. m.;320;65;0,333333333;0;79;32;79;18,31666667;30;1,310023805;18,31666667;Negocios Internacionales;Escuela de Negocios;CALCULO I (ANEC);MAT1100;3 Temas Parcial 1 Cálculo I;32;0 No dominó temas;4,7;290;1 Avance entre [ 18 - 37 temas];Cumplimiento meta;3,9
202330;N;291;N;21/07/2023 8:42:14 a. m.;202330 Pre-Cálculo ANEC;Precálculo;21/07/2023 8:45:55 a. m.;339;66;0,216666667;0;79;21;79;12,16666667;22;1,725082147;12,16666667;Negocios Internacionales;Escuela de Negocios;CALCULO I (ANEC);MAT1100;2 Ecuaciones y desigualdades;21;0 No dominó temas;4,6;291;1 Avance entre [ 18 - 37 temas];No alcanzo meta;4,4
202330;N;292;N;10/07/2023 9:40:11 a. m.;202330 Pre-Cálculo ANEC;Precálculo;10/07/2023 9:45:10 a. m.;312;62;0,1;0;79;3;79;9,566666667;11;0,313425039;9,566666667;Administración de Empresas;Escuela de Negocios;CALCULO I (ANEC);MAT1100;1 Repaso de Álgebra y Geometría;3;0 No dominó temas;2,3;292;0 Avance menor a 18 temas;No alcanzo meta;3,1
202330;N;293;N;21/07/2023 8:55:10 a. m.;202330 Pre-Cálculo ANEC;Precálculo;21/07/2023 8:59:31 a. m.;325;66;0,25;0;79;1;79;1,8;1;0,557966522;1,8;Administración de Empresas;Escuela de Negocios;CALCULO I (ANEC);MAT1100;1 Repaso de Álgebra y Geometría;1;0 No dominó temas;4,7;293;0 Avance menor a 18 temas;No alcanzo meta;3,4
202330;N;294;N;10/07/2023 9:39:55 a. m.;202330 Pre-Cálculo ANEC;Precálculo;10/07/2023 9:45:07 a. m.;302;63;0,316666667;0;79;27;79;20,65;39;1,453077699;20,65;Negocios Internacionales;Escuela de Negocios;CALCULO I (ANEC);MAT1100;2 Ecuaciones y desigualdades;27;0 No dominó temas;2,6;294;1 Avance entre [ 18 - 37 temas];No alcanzo meta;3
202330;N;295;N;21/07/2023 8:45:54 a. m.;202330 Pre-Cálculo ANEC;Precálculo;21/07/2023 8:51:24 a. m.;263;53;0,15;0;79;9;79;8,5;13;1,058373893;8,5;Negocios Internacionales;Escuela de Negocios;CALCULO I (ANEC);MAT1100;1 Repaso de Álgebra y Geometría;9;0 No dominó temas;2,6;295;0 Avance menor a 18 temas;No alcanzo meta;1,5
202330;N;296;N;14/07/2023 2:35:48 p. m.;202330 Pre-Cálculo ANEC;Precálculo;14/07/2023 2:38:39 p. m.;274;53;0,066666667;0;79;2;79;0,916666667;2;2,178517398;0,916666667;Administración de Empresas;Escuela de Negocios;CALCULO I (ANEC);MAT1100;1 Repaso de Álgebra y Geometría;2;0 No dominó temas;2;296;0 Avance menor a 18 temas;No alcanzo meta;2,6
202330;N;297;N;21/07/2023 8:40:24 a. m.;202330 Pre-Cálculo ANEC;Precálculo;21/07/2023 8:51:01 a. m.;272;54;0,35;0;79;3;79;7;6;0,428894802;7;Administración de Empresas;Escuela de Negocios;CALCULO I (ANEC);MAT1100;1 Repaso de Álgebra y Geometría;3;0 No dominó temas;2,2;297;0 Avance menor a 18 temas;No alcanzo meta;3,2
202330;N;298;N;5/07/2023 9:19:46 a. m.;202330 Pre-Cálculo ANEC;Precálculo;5/07/2023 9:23:43 a. m.;322;66;0,15;0;79;9;79;4,35;13;2,067909114;4,35;Negocios Internacionales;Escuela de Negocios;CALCULO I (ANEC);MAT1100;1 Repaso de Álgebra y Geometría;9;0 No dominó temas;2,6;298;0 Avance menor a 18 temas;No alcanzo meta;3,8
202330;N;299;N;26/06/2023 9:13:21 a. m.;202330 Pre-Cálculo ANEC;Precálculo;26/06/2023 9:20:17 a. m.;331;70;0,416666667;0;79;38;79;28,45;47;1,195405891;28,45;Administración de Empresas;Escuela de Negocios;CALCULO I (ANEC);MAT1100;3 Temas Parcial 1 Cálculo I;38;0 No dominó temas;5;299;2 Avance entre [ 37 - 55 temas];Cumplimiento meta;4,3
202330;N;300;N;7/07/2023 9:00:58 a. m.;202330 Pre-Cálculo ANEC;Precálculo;7/07/2023 9:03:49 a. m.;335;70;0,1;0;79;33;79;29,85;41;1,239196569;29,85;Negocios Internacionales;Escuela de Negocios;CALCULO I (ANEC);MAT1100;3 Temas Parcial 1 Cálculo I;33;0 No dominó temas;4,8;300;1 Avance entre [ 18 - 37 temas];Cumplimiento meta;4,2
202330;N;301;N;21/07/2023 8:43:07 a. m.;202330 Pre-Cálculo ANEC;Precálculo;21/07/2023 8:49:20 a. m.;258;55;0,75;0;79;11;79;11,7;15;0,940461206;11,7;Contaduría Pública;Escuela de Negocios;CALCULO I (ANEC);MAT1100;2 Ecuaciones y desigualdades;11;0 No dominó temas;1,7;301;0 Avance menor a 18 temas;No alcanzo meta;3
202330;N;302;N;10/07/2023 9:41:04 a. m.;202330 Pre-Cálculo ANEC;Precálculo;10/07/2023 9:46:05 a. m.;317;66;0,466666667;0;79;49;79;31,65;56;1,611346123;31,65;Negocios Internacionales;Escuela de Negocios;CALCULO I (ANEC);MAT1100;3 Temas Parcial 1 Cálculo I;49;0 No dominó temas;2,6;302;2 Avance entre [ 37 - 55 temas];Cumplimiento meta;3,7
202330;N;303;N;21/07/2023 8:54:53 a. m.;202330 Pre-Cálculo ANEC;Precálculo;21/07/2023 8:59:32 a. m.;352;73;0,15;0;79;2;79;2,733333333;2;0,731187164;2,733333333;Negocios Internacionales;Escuela de Negocios;CALCULO I (ANEC);MAT1100;1 Repaso de Álgebra y Geometría;2;0 No dominó temas;4,6;303;0 Avance menor a 18 temas;No alcanzo meta;2,6
202330;N;304;N;21/07/2023 8:50:38 a. m.;202330 Pre-Cálculo ANEC;Precálculo;21/07/2023 8:57:04 a. m.;335;68;0,233333333;0;79;26;79;12,38333333;28;2,099266602;12,38333333;Negocios Internacionales;Escuela de Negocios;CALCULO I (ANEC);MAT1100;2 Ecuaciones y desigualdades;26;0 No dominó temas;4,6;304;1 Avance entre [ 18 - 37 temas];No alcanzo meta;4,4
202330;N;305;N;10/07/2023 9:42:34 a. m.;202330 Pre-Cálculo ANEC;Precálculo;10/07/2023 9:46:57 a. m.;332;67;0,283333333;0;79;23;79;18,51666667;29;1,242608878;18,51666667;Administración de Empresas;Escuela de Negocios;CALCULO I (ANEC);MAT1100;2 Ecuaciones y desigualdades;23;0 No dominó temas;4,1;305;1 Avance entre [ 18 - 37 temas];No alcanzo meta;4,2
202330;N;306;N;26/06/2023 9:12:52 a. m.;202330 Pre-Cálculo ANEC;Precálculo;26/06/2023 9:20:05 a. m.;237;47;0,116666667;0;79;40;79;39,23333333;74;1,22325025;39,23333333;Administración de Empresas;Escuela de Negocios;CALCULO I (ANEC);MAT1100;3 Temas Parcial 1 Cálculo I;40;0 No dominó temas;2,2;306;2 Avance entre [ 37 - 55 temas];Cumplimiento meta;1,5
202330;N;307;N;24/07/2023 10:53:50 a. m.;202330 Precálculo ING-GEO;Precálculo;-;382;72;;0;79;0;0;1;0;0;1;Ingeniería Industrial;División de Ingenierías;CALCULO I;MAT1101;0 No dominó temas;0;0 No dominó temas;3,8;307;0 Avance menor a 19 temas;No alcanzo meta;4,4
202330;N;308;N;17/07/2023 8:34:47 a. m.;202330 Precálculo ING-GEO;Precálculo;17/07/2023 8:39:12 a. m.;279;55;0,466666667;0;79;3;79;7,383333333;7;0,406565276;7,383333333;Ingeniería Industrial;División de Ingenierías;CALCULO I;MAT1101;1 Repaso de Álgebra y Geometría;3;0 No dominó temas;1,8;308;0 Avance menor a 19 temas;No alcanzo meta;3
202330;N;309;N;7/07/2023 9:59:09 a. m.;202330 Precálculo ING-GEO;Precálculo;7/07/2023 10:03:24 a. m.;303;63;0,416666667;0;79;29;79;25,1;34;1,155493575;25,1;Ingeniería Industrial;División de Ingenierías;CALCULO I;MAT1101;2 Ecuaciones y desigualdades;29;0 No dominó temas;2,4;309;1 Avance entre [ 19 - 40 temas];No alcanzo meta;3,3
202330;N;310;N;24/07/2023 10:42:17 a. m.;202330 Precálculo ING-GEO;Precálculo;-;402;78;;0;79;0;0;0,983333333;0;0;0,983333333;Ingeniería Industrial;División de Ingenierías;CALCULO I;MAT1101;0 No dominó temas;0;0 No dominó temas;4,5;310;0 Avance menor a 19 temas;No alcanzo meta;4,5
202330;N;311;N;4/07/2023 8:49:35 a. m.;202330 Precálculo ING-GEO;Precálculo;4/07/2023 8:52:40 a. m.;347;77;0,383333333;0;79;40;79;28,8;55;1,562078142;28,8;Ingeniería Sistemas Y Computac;División de Ingenierías;CALCULO I;MAT1101;3 Temas Parcial 1 Cálculo I;40;0 No dominó temas;2,6;311;2 Avance entre [ 40 - 60 temas];Cumplimiento meta;3
202330;N;312;N;21/07/2023 8:44:12 a. m.;202330 Precálculo ING-GEO;Precálculo;21/07/2023 8:50:06 a. m.;307;60;0,15;0;79;10;79;7,6;11;1,315645214;7,6;Ingeniería Sistemas Y Computac;División de Ingenierías;CALCULO I;MAT1101;1 Repaso de Álgebra y Geometría;10;0 No dominó temas;3,6;312;0 Avance menor a 19 temas;No alcanzo meta;3
202330;N;313;N;10/07/2023 8:27:00 a. m.;202330 Precálculo ING-GEO;Precálculo;10/07/2023 8:33:01 a. m.;336;66;0,316666667;0;79;31;79;29,95;43;1,101683127;29,95;Ingeniería Electrónica;División de Ingenierías;CALCULO I;MAT1101;3 Temas Parcial 1 Cálculo I;31;0 No dominó temas;4;313;1 Avance entre [ 19 - 40 temas];Cumplimiento meta;4,3
202330;N;314;N;4/08/2023 3:46:03 p. m.;202330 Precálculo ING-GEO;Precálculo;-;233;62;;0;79;0;0;0;0;0;0;Ingeniería Sistemas Y Computac;División de Ingenierías;CALCULO I;MAT1101;0 No dominó temas;0;0 No dominó temas;1,6;314;0 Avance menor a 19 temas;No alcanzo meta;1,5
202330;N;315;N;21/07/2023 8:02:37 a. m.;202330 Precálculo ING-GEO;Precálculo;21/07/2023 8:19:38 a. m.;335;68;0,383333333;0;79;11;79;11,48333333;13;0,958118603;11,48333333;Ingeniería Sistemas Y Computac;División de Ingenierías;CALCULO I;MAT1101;2 Ecuaciones y desigualdades;11;0 No dominó temas;2,7;315;0 Avance menor a 19 temas;No alcanzo meta;3,3
202330;N;316;N;10/07/2023 8:26:58 a. m.;202330 Precálculo ING-GEO;Precálculo;10/07/2023 8:34:25 a. m.;310;76;0,466666667;0;79;24;79;21,96666667;26;1,092246817;21,96666667;Ingeniería Civil;División de Ingenierías;CALCULO I;MAT1101;2 Ecuaciones y desigualdades;24;0 No dominó temas;3;316;1 Avance entre [ 19 - 40 temas];No alcanzo meta;3,3
202330;N;317;N;10/07/2023 8:48:37 a. m.;202330 Precálculo ING-GEO;Precálculo;10/07/2023 8:53:37 a. m.;325;71;0,566666667;0;79;72;79;52,55;89;1,541332121;52,55;Ingeniería Civil;División de Ingenierías;CALCULO I;MAT1101;4 Temas Parcial 2 Cálculo I;72;0 No dominó temas;4,4;317;3 Avance superior a 60 temas;Cumplimiento meta;4,8
202330;N;318;N;17/07/2023 8:56:28 a. m.;202330 Precálculo ING-GEO;Precálculo;17/07/2023 9:06:02 a. m.;332;68;0,333333333;0;79;3;79;3,766666667;6;0,795755968;3,766666667;Ingeniería Sistemas Y Computac;División de Ingenierías;CALCULO I;MAT1101;1 Repaso de Álgebra y Geometría;3;0 No dominó temas;3,7;318;0 Avance menor a 19 temas;No alcanzo meta;3
202330;N;319;N;10/07/2023 2:14:26 p. m.;202330 Precálculo ING-GEO;Precálculo;10/07/2023 2:20:31 p. m.;315;67;0,116666667;0;79;19;79;9,4;21;2,021216867;9,4;Ingeniería Industrial;División de Ingenierías;CALCULO I;MAT1101;2 Ecuaciones y desigualdades;19;0 No dominó temas;3,3;319;1 Avance entre [ 19 - 40 temas];No alcanzo meta;3,9
202330;N;320;N;14/07/2023 9:22:15 a. m.;202330 Precálculo ING-GEO;Precálculo;-;403;74;;0;79;0;0;2,233333333;0;0;2,233333333;Ingeniería Mecánica;División de Ingenierías;CALCULO I;MAT1101;0 No dominó temas;0;0 No dominó temas;5;320;0 Avance menor a 19 temas;No alcanzo meta;5
202330;N;321;N;9/08/2023 12:42:01 p. m.;202330 Precálculo ING-GEO;Precálculo;9/08/2023 12:46:05 p. m.;345;75;0,5;0;79;2;79;1,316666667;3;1,522198732;1,316666667;Ingeniería Sistemas Y Computac;División de Ingenierías;CALCULO I;MAT1101;1 Repaso de Álgebra y Geometría;2;0 No dominó temas;3,7;321;0 Avance menor a 19 temas;No alcanzo meta;3,7
202330;N;322;N;6/07/2023 9:01:34 a. m.;202330 Precálculo ING-GEO;Precálculo;6/07/2023 9:06:04 a. m.;318;72;0,583333333;0;79;4;79;11,1;7;0,360333308;11,1;Ingeniería Sistemas Y Computac;División de Ingenierías;CALCULO I;MAT1101;1 Repaso de Álgebra y Geometría;4;0 No dominó temas;2,2;322;0 Avance menor a 19 temas;No alcanzo meta;3
202330;N;323;N;4/07/2023 8:53:48 a. m.;202330 Precálculo ING-GEO;Precálculo;4/07/2023 8:59:27 a. m.;198;0;0,633333333;0;79;28;79;39,4;39;0,837551642;39,4;Curso libre pregrado;Centro de Educ. Continuada;CALCULO I;MAT1101;2 Ecuaciones y desigualdades;28;0 No dominó temas;2,8;323;1 Avance entre [ 19 - 40 temas];No alcanzo meta;1,5
202330;N;324;N;10/07/2023 8:27:39 a. m.;202330 Precálculo ING-GEO;Precálculo;10/07/2023 8:33:03 a. m.;308;63;0,6;0;79;28;79;34,5;47;1,130498498;34,5;Ingeniería Industrial;División de Ingenierías;CALCULO I;MAT1101;2 Ecuaciones y desigualdades;28;0 No dominó temas;1,9;324;1 Avance entre [ 19 - 40 temas];No alcanzo meta;3
202330;N;325;N;21/07/2023 8:57:21 a. m.;202330 Precálculo ING-GEO;Precálculo;21/07/2023 9:02:05 a. m.;309;65;0,4;0;79;0;79;2,433333333;1;0;2,433333333;Ingeniería Sistemas Y Computac;División de Ingenierías;CALCULO I;MAT1101;0 No dominó temas;0;0 No dominó temas;2;325;0 Avance menor a 19 temas;No alcanzo meta;1,5
202330;N;326;N;4/08/2023 3:50:01 p. m.;202330 Precálculo ING-GEO;Precálculo;-;338;68;;0;79;0;0;0;0;0;0;Ingeniería Sistemas Y Computac;División de Ingenierías;CALCULO I;MAT1101;0 No dominó temas;0;0 No dominó temas;3,2;326;0 Avance menor a 19 temas;No alcanzo meta;3,5
202330;N;327;N;17/08/2023 3:59:52 p. m.;202330 Precálculo ING-GEO;Precálculo;-;355;75;;0;79;0;0;0;0;0;0;Ingeniería Industrial;División de Ingenierías;CALCULO I;MAT1101;0 No dominó temas;0;0 No dominó temas;4,7;327;0 Avance menor a 19 temas;No alcanzo meta;4,5
202330;N;328;N;17/07/2023 8:34:58 a. m.;202330 Precálculo ING-GEO;Precálculo;17/07/2023 8:43:38 a. m.;253;53;0,316666667;0;79;2;79;4,483333333;5;0,445461857;4,483333333;Ingeniería Sistemas Y Computac;División de Ingenierías;CALCULO I;MAT1101;1 Repaso de Álgebra y Geometría;2;0 No dominó temas;2,3;328;0 Avance menor a 19 temas;No alcanzo meta;3,6
202330;N;329;N;10/07/2023 8:45:22 a. m.;202330 Precálculo ING-GEO;Precálculo;10/07/2023 8:49:23 a. m.;363;64;0,166666667;0;79;27;79;25,28333333;34;1,146925054;25,28333333;Ingeniería Civil;División de Ingenierías;CALCULO I;MAT1101;2 Ecuaciones y desigualdades;27;0 No dominó temas;2,2;329;1 Avance entre [ 19 - 40 temas];No alcanzo meta;2,7
202330;N;330;N;10/07/2023 8:38:45 a. m.;202330 Precálculo ING-GEO;Precálculo;10/07/2023 8:41:09 a. m.;320;66;0,233333333;0;79;26;79;17,06666667;28;1,523908761;17,06666667;Ingeniería Industrial;División de Ingenierías;CALCULO I;MAT1101;2 Ecuaciones y desigualdades;26;0 No dominó temas;3;330;1 Avance entre [ 19 - 40 temas];No alcanzo meta;3
202330;N;331;N;10/07/2023 8:28:01 a. m.;202330 Precálculo ING-GEO;Precálculo;10/07/2023 8:34:09 a. m.;321;76;0,716666667;0;79;60;79;45,13333333;71;1,307261951;45,13333333;Ingeniería Electrónica;División de Ingenierías;CALCULO I;MAT1101;4 Temas Parcial 2 Cálculo I;60;0 No dominó temas;2,8;331;3 Avance superior a 60 temas;Cumplimiento meta;3,2
202330;N;332;N;10/07/2023 8:44:50 a. m.;202330 Precálculo ING-GEO;Precálculo;10/07/2023 8:49:54 a. m.;311;67;0,333333333;0;79;46;79;24,51666667;52;1,917432544;24,51666667;Ingeniería Sistemas Y Computac;División de Ingenierías;CALCULO I;MAT1101;3 Temas Parcial 1 Cálculo I;46;0 No dominó temas;2,3;332;2 Avance entre [ 40 - 60 temas];Cumplimiento meta;2,1
202330;N;333;N;6/07/2023 8:38:27 a. m.;202330 Precálculo ING-GEO;Precálculo;6/07/2023 8:43:55 a. m.;298;57;0,15;0;79;31;79;20,36666667;33;1,619830654;20,36666667;Ingeniería Sistemas Y Computac;División de Ingenierías;CALCULO I;MAT1101;3 Temas Parcial 1 Cálculo I;31;0 No dominó temas;3,2;333;1 Avance entre [ 19 - 40 temas];Cumplimiento meta;2,6
202330;N;334;N;24/07/2023 10:53:48 a. m.;202330 Precálculo ING-GEO;Precálculo;-;366;73;;0;79;0;0;0,95;0;0;0,95;Ingeniería Industrial;División de Ingenierías;CALCULO I;MAT1101;0 No dominó temas;0;0 No dominó temas;4,7;334;0 Avance menor a 19 temas;No alcanzo meta;4,4
202330;N;335;N;24/07/2023 10:39:43 a. m.;202330 Precálculo ING-GEO;Precálculo;-;346;73;;0;79;0;0;1,2;0;0;1,2;Ingeniería Industrial;División de Ingenierías;CALCULO I;MAT1101;0 No dominó temas;0;0 No dominó temas;4;335;0 Avance menor a 19 temas;No alcanzo meta;4,4
202330;N;336;N;4/07/2023 8:49:39 a. m.;202330 Precálculo ING-GEO;Precálculo;4/07/2023 8:53:34 a. m.;351;79;0,05;0;79;28;79;29,86666667;36;1,037695498;29,86666667;Ingeniería Sistemas Y Computac;División de Ingenierías;CALCULO I;MAT1101;2 Ecuaciones y desigualdades;28;0 No dominó temas;;336;1 Avance entre [ 19 - 40 temas];No alcanzo meta;1,5
202330;N;337;N;21/08/2023 4:47:21 p. m.;202330 Precálculo ING-GEO;Precálculo;-;418;100;;0;79;0;0;0,216666667;0;0;0,216666667;Ingeniería Industrial;División de Ingenierías;CALCULO I;MAT1101;0 No dominó temas;0;0 No dominó temas;4,7;337;0 Avance menor a 19 temas;No alcanzo meta;4,6
202330;N;338;N;10/07/2023 8:45:08 a. m.;202330 Precálculo ING-GEO;Precálculo;10/07/2023 8:49:27 a. m.;294;63;0,066666667;0;79;7;79;14,3;9;0,489348894;14,3;Ingeniería Sistemas Y Computac;División de Ingenierías;CALCULO I;MAT1101;1 Repaso de Álgebra y Geometría;7;0 No dominó temas;;338;0 Avance menor a 19 temas;No alcanzo meta;1,5
202330;N;339;N;5/07/2023 8:32:20 a. m.;202330 Precálculo ING-GEO;Precálculo;5/07/2023 8:39:30 a. m.;363;71;0,433333333;0;79;76;79;122,45;90;0,653370872;122,45;Ingeniería Sistemas Y Computac;División de Ingenierías;CALCULO I;MAT1101;4 Temas Parcial 2 Cálculo I;76;0 No dominó temas;4,1;339;3 Avance superior a 60 temas;Cumplimiento meta;3,7
202330;N;340;N;21/07/2023 1:56:45 p. m.;202330 Precálculo ING-GEO;Precálculo;-;342;67;;0;79;0;0;0;0;0;0;Negocios Internacionales;Escuela de Negocios;CALCULO I;MAT1101;0 No dominó temas;0;0 No dominó temas;;340;0 Avance menor a 19 temas;No alcanzo meta;1,5
202330;N;341;N;21/07/2023 1:55:42 p. m.;202330 Precálculo ING-GEO;Precálculo;-;347;76;;0;79;0;0;;;;0;Negocios Internacionales;Escuela de Negocios;CALCULO I;MAT1101;0 No dominó temas;0;0 No dominó temas;;341;0 Avance menor a 19 temas;No alcanzo meta;1,5
202430;N;342;N;8/07/2024 10:04:45 a. m.;202430 Pre-Cálculo ANEC;Precálculo;8/07/2024 10:12:02 a. m.;307;67;0,283333333;0;79;34;79;51,35;42;0,701014199;51,35;Negocios Internacionales;Escuela de Negocios;CALCULO I (ANEC);MAT1100;3 Temas Parcial 1 Cálculo I;34;0 No dominó temas;2,6;342;1 Avance entre [ 18 - 37 temas];Cumplimiento meta;3,4
202430;N;343;N;8/07/2024 3:00:12 p. m.;202430 Pre-Cálculo ANEC;Precálculo;8/07/2024 3:06:46 p. m.;262;44;0,133333333;0;79;48;79;34,58333333;62;1,445783133;34,58333333;Economía;Div Humanidades, Artes y Cs. S;CALCULO I (ANEC);MAT1100;3 Temas Parcial 1 Cálculo I;48;0 No dominó temas;4,9;343;2 Avance entre [ 37 - 55 temas];Cumplimiento meta;3,6
202430;N;344;N;8/07/2024 2:58:33 p. m.;202430 Pre-Cálculo ANEC;Precálculo;8/07/2024 3:05:23 p. m.;350;66;0,333333333;0;79;32;79;21,55;35;1,34588114;21,55;Negocios Internacionales;Escuela de Negocios;CALCULO I (ANEC);MAT1100;3 Temas Parcial 1 Cálculo I;32;0 No dominó temas;4,3;344;1 Avance entre [ 18 - 37 temas];Cumplimiento meta;3,3
202430;N;345;N;8/07/2024 3:02:24 p. m.;202430 Pre-Cálculo ANEC;Precálculo;8/07/2024 3:07:47 p. m.;262;53;0,366666667;0;79;11;79;8,933333333;15;1,231458158;8,933333333;Negocios Internacionales;Escuela de Negocios;CALCULO I (ANEC);MAT1100;2 Ecuaciones y desigualdades;11;0 No dominó temas;3,8;345;0 Avance menor a 18 temas;No alcanzo meta;3,5
202430;N;346;N;16/07/2024 8:18:20 a. m.;202430 Pre-Cálculo ANEC;Precálculo;16/07/2024 8:22:45 a. m.;293;65;0,216666667;0;79;35;79;31,23333333;32;0,864668677;31,23333333;Negocios Internacionales;Escuela de Negocios;CALCULO I (ANEC);MAT1100;3 Temas Parcial 1 Cálculo I;35;0 No dominó temas;1,6;346;1 Avance entre [ 18 - 37 temas];Cumplimiento meta;2,4
202430;N;347;N;15/07/2024 8:23:42 a. m.;202430 Pre-Cálculo ANEC;Precálculo;15/07/2024 8:28:28 a. m.;334;66;0,2;0;79;29;79;28,7;29;0,940766551;28,7;Negocios Internacionales;Escuela de Negocios;CALCULO I (ANEC);MAT1100;2 Ecuaciones y desigualdades;29;0 No dominó temas;4,2;347;1 Avance entre [ 18 - 37 temas];No alcanzo meta;3,8
202430;N;348;N;8/07/2024 9:42:16 a. m.;202430 Pre-Cálculo ANEC;Precálculo;8/07/2024 10:11:29 a. m.;352;70;0,133333333;0;79;11;79;22,6;17;0,486863297;22,6;Negocios Internacionales;Escuela de Negocios;CALCULO I (ANEC);MAT1100;2 Ecuaciones y desigualdades;11;0 No dominó temas;2,5;348;0 Avance menor a 18 temas;No alcanzo meta;1,5
202430;N;349;N;15/07/2024 8:26:49 a. m.;202430 Pre-Cálculo ANEC;Precálculo;15/07/2024 8:31:23 a. m.;336;67;0,25;0;79;62;79;46;66;1,282755872;46;Negocios Internacionales;Escuela de Negocios;CALCULO I (ANEC);MAT1100;4 Temas Parcial 2 Cálculo I;62;0 No dominó temas;3,1;349;3 Avance superior a 55 temas;Cumplimiento meta;3
202430;N;350;N;8/07/2024 9:42:30 a. m.;202430 Pre-Cálculo ANEC;Precálculo;8/07/2024 10:10:04 a. m.;314;65;0,183333333;0;79;37;79;39,56666667;50;1,036407682;39,56666667;Negocios Internacionales;Escuela de Negocios;CALCULO I (ANEC);MAT1100;3 Temas Parcial 1 Cálculo I;37;0 No dominó temas;2,8;350;2 Avance entre [ 37 - 55 temas];Cumplimiento meta;3,2
202430;N;351;N;15/07/2024 8:27:58 a. m.;202430 Pre-Cálculo ANEC;Precálculo;15/07/2024 8:31:17 a. m.;338;73;0,283333333;0;79;29;79;30,01666667;35;1,132745984;30,01666667;Negocios Internacionales;Escuela de Negocios;CALCULO I (ANEC);MAT1100;2 Ecuaciones y desigualdades;29;0 No dominó temas;2,7;351;1 Avance entre [ 18 - 37 temas];No alcanzo meta;3,3
202430;N;352;N;26/07/2024 8:30:40 a. m.;202430 Pre-Cálculo ANEC;Precálculo;26/07/2024 8:38:43 a. m.;293;65;0,983333333;0;79;3;79;6,566666667;6;0,457413917;6,566666667;Contaduría Pública;Escuela de Negocios;CALCULO I (ANEC);MAT1100;1 Repaso de Álgebra y Geometría;3;0 No dominó temas;4,2;352;0 Avance menor a 18 temas;No alcanzo meta;3,4
202430;N;353;N;15/07/2024 9:42:19 a. m.;202430 Pre-Cálculo ANEC;Precálculo;15/07/2024 9:47:01 a. m.;320;71;0,4;0;79;11;79;9,116666667;11;1,206287316;9,116666667;Negocios Internacionales;Escuela de Negocios;CALCULO I (ANEC);MAT1100;2 Ecuaciones y desigualdades;11;0 No dominó temas;3,8;353;0 Avance menor a 18 temas;No alcanzo meta;3,2
202430;N;354;N;8/07/2024 10:09:00 a. m.;202430 Pre-Cálculo ANEC;Precálculo;8/07/2024 10:19:07 a. m.;323;64;0,233333333;0;79;1;79;5,433333333;5;0,183842304;5,433333333;Negocios Internacionales;Escuela de Negocios;CALCULO I (ANEC);MAT1100;1 Repaso de Álgebra y Geometría;1;0 No dominó temas;;354;0 Avance menor a 18 temas;No alcanzo meta;1,5
202430;N;355;N;8/07/2024 2:58:27 p. m.;202430 Pre-Cálculo ANEC;Precálculo;8/07/2024 3:04:46 p. m.;295;66;0,033333333;0;79;9;79;20,51666667;12;0,438715268;20,51666667;Negocios Internacionales;Escuela de Negocios;CALCULO I (ANEC);MAT1100;1 Repaso de Álgebra y Geometría;9;0 No dominó temas;1,9;355;0 Avance menor a 18 temas;No alcanzo meta;1,5
202430;N;356;N;15/07/2024 8:50:37 a. m.;202430 Pre-Cálculo ANEC;Precálculo;15/07/2024 8:55:46 a. m.;358;74;0,65;0;79;32;79;30,41666667;34;0,986274349;30,41666667;Negocios Internacionales;Escuela de Negocios;CALCULO I (ANEC);MAT1100;3 Temas Parcial 1 Cálculo I;32;0 No dominó temas;4,4;356;1 Avance entre [ 18 - 37 temas];Cumplimiento meta;4,2
202430;N;357;N;15/07/2024 8:08:53 a. m.;202430 Pre-Cálculo ANEC;Precálculo;15/07/2024 8:18:16 a. m.;304;64;0,2;0;79;20;79;17,53333333;23;1,140286972;17,53333333;Negocios Internacionales;Escuela de Negocios;CALCULO I (ANEC);MAT1100;2 Ecuaciones y desigualdades;20;0 No dominó temas;2,5;357;1 Avance entre [ 18 - 37 temas];No alcanzo meta;3,6
202430;N;358;N;8/07/2024 9:36:30 a. m.;202430 Pre-Cálculo ING -GEO;Precálculo;8/07/2024 10:07:36 a. m.;353;68;0,133333333;0;79;50;79;32,5;54;1,415396713;32,5;Ingeniería Industrial;División de Ingenierías;CALCULO I;MAT1101;3 Temas Parcial 1 Cálculo I;50;0 No dominó temas;2;358;2 Avance entre [ 40 - 60 temas];Cumplimiento meta;3
202430;N;359;N;8/07/2024 10:04:26 a. m.;202430 Pre-Cálculo ING -GEO;Precálculo;8/07/2024 10:13:23 a. m.;295;60;0,45;0;79;64;79;65,4;78;1,039768601;65,4;Ingeniería Industrial;División de Ingenierías;CALCULO I;MAT1101;4 Temas Parcial 2 Cálculo I;64;0 No dominó temas;2,8;359;3 Avance superior a 60 temas;Cumplimiento meta;2,6
202430;N;360;N;8/07/2024 9:39:47 a. m.;202430 Pre-Cálculo ING -GEO;Precálculo;8/07/2024 10:09:42 a. m.;296;59;0,4;0;79;12;79;11,08333333;15;1,083032491;11,08333333;Ingeniería Industrial;División de Ingenierías;CALCULO I;MAT1101;2 Ecuaciones y desigualdades;12;0 No dominó temas;2,3;360;0 Avance menor a 19 temas;No alcanzo meta;1,5
202430;N;361;N;8/07/2024 2:58:35 p. m.;202430 Pre-Cálculo ING -GEO;Precálculo;8/07/2024 3:04:53 p. m.;286;66;0,15;0;79;14;79;7,983333333;20;1,75505798;7,983333333;Ingeniería Sistemas Y Computac;División de Ingenierías;CALCULO I;MAT1101;2 Ecuaciones y desigualdades;14;0 No dominó temas;1;361;0 Avance menor a 19 temas;No alcanzo meta;1,5
202430;N;362;N;18/07/2024 1:23:31 p. m.;202430 Pre-Cálculo ING -GEO;Precálculo;-;349;74;;0;79;0;0;0,016666667;0;0;0,016666667;Ingeniería Sistemas Y Computac;División de Ingenierías;CALCULO I;MAT1101;0 No dominó temas;0;0 No dominó temas;1,5;362;0 Avance menor a 19 temas;No alcanzo meta;1,5
202430;N;363;N;8/07/2024 2:58:40 p. m.;202430 Pre-Cálculo ING -GEO;Precálculo;8/07/2024 3:06:14 p. m.;279;54;0,183333333;0;79;20;79;11,75;25;1,700961516;11,75;Ingeniería Mecánica;División de Ingenierías;CALCULO I;MAT1101;2 Ecuaciones y desigualdades;20;0 No dominó temas;1,5;363;1 Avance entre [ 19 - 40 temas];No alcanzo meta;1,5
202430;N;364;N;12/07/2024 3:03:30 p. m.;202430 Pre-Cálculo ING -GEO;Precálculo;12/07/2024 3:05:29 p. m.;315;60;0,166666667;0;79;43;79;17,98333333;45;2,280487616;17,98333333;Ingeniería Civil;División de Ingenierías;CALCULO I;MAT1101;3 Temas Parcial 1 Cálculo I;43;0 No dominó temas;3,6;364;2 Avance entre [ 40 - 60 temas];Cumplimiento meta;3
202430;N;365;N;8/07/2024 3:01:00 p. m.;202430 Pre-Cálculo ING -GEO;Precálculo;8/07/2024 3:06:28 p. m.;356;67;0,45;0;79;33;79;36,53333333;44;1,094699072;36,53333333;Geología;División de Ciencias Básicas;CALCULO I;MAT1101;3 Temas Parcial 1 Cálculo I;33;0 No dominó temas;2;365;1 Avance entre [ 19 - 40 temas];Cumplimiento meta;1,5
202430;N;366;N;8/07/2024 10:07:32 a. m.;202430 Pre-Cálculo ING -GEO;Precálculo;8/07/2024 10:10:56 a. m.;349;73;0,2;0;79;25;79;11,21666667;24;1,961415587;11,21666667;Ingeniería Sistemas Y Computac;División de Ingenierías;CALCULO I;MAT1101;2 Ecuaciones y desigualdades;25;0 No dominó temas;1;366;1 Avance entre [ 19 - 40 temas];No alcanzo meta;1,5
202430;N;367;N;16/07/2024 8:01:27 a. m.;202430 Pre-Cálculo ING -GEO;Precálculo;16/07/2024 8:06:32 a. m.;255;44;0,533333333;0;79;12;79;14,18333333;15;0,846113168;14,18333333;Ingeniería Industrial;División de Ingenierías;CALCULO I;MAT1101;2 Ecuaciones y desigualdades;12;0 No dominó temas;1,5;367;0 Avance menor a 19 temas;No alcanzo meta;1,5
202430;N;368;N;12/07/2024 2:33:12 p. m.;202430 Pre-Cálculo ING -GEO;Precálculo;12/07/2024 2:36:53 p. m.;309;65;0,216666667;0;79;43;79;37,11666667;45;1,104616789;37,11666667;Ingeniería Civil;División de Ingenierías;CALCULO I;MAT1101;3 Temas Parcial 1 Cálculo I;43;0 No dominó temas;3;368;2 Avance entre [ 40 - 60 temas];Cumplimiento meta;1,5
202430;N;369;N;8/07/2024 10:04:48 a. m.;202430 Pre-Cálculo ING -GEO;Precálculo;8/07/2024 10:11:21 a. m.;366;76;0,25;0;79;24;79;23,36666667;32;1,283636018;23,36666667;Geología;División de Ciencias Básicas;CALCULO I;MAT1101;2 Ecuaciones y desigualdades;24;0 No dominó temas;2;369;1 Avance entre [ 19 - 40 temas];No alcanzo meta;1,5
202430;N;370;N;16/07/2024 8:15:30 a. m.;202430 Pre-Cálculo ING -GEO;Precálculo;16/07/2024 8:20:44 a. m.;252;53;0,05;0;79;25;79;21,85;29;1,144237493;21,85;Ingeniería Sistemas Y Computac;División de Ingenierías;CALCULO I;MAT1101;2 Ecuaciones y desigualdades;25;0 No dominó temas;1,5;370;1 Avance entre [ 19 - 40 temas];No alcanzo meta;1,5
202430;N;371;N;8/07/2024 10:04:47 a. m.;202430 Pre-Cálculo ING -GEO;Precálculo;8/07/2024 10:13:02 a. m.;235;54;0,116666667;0;79;3;79;7,333333333;6;0,408951494;7,333333333;Geología;División de Ciencias Básicas;CALCULO I;MAT1101;1 Repaso de Álgebra y Geometría;3;0 No dominó temas;;371;0 Avance menor a 19 temas;No alcanzo meta;1,5
202430;N;372;N;26/07/2024 11:40:05 a. m.;202430 Pre-Cálculo ING -GEO;Precálculo;-;307;65;;0;79;0;0;0,016666667;0;0;0,016666667;Ingeniería Mecánica;División de Ingenierías;CALCULO I;MAT1101;0 No dominó temas;0;0 No dominó temas;2;372;0 Avance menor a 19 temas;No alcanzo meta;1,5
202430;N;373;N;8/07/2024 9:38:35 a. m.;202430 Pre-Cálculo ING -GEO;Precálculo;8/07/2024 10:06:08 a. m.;352;71;0,133333333;0;79;46;79;47,85;68;1,191374726;47,85;Ingeniería Civil;División de Ingenierías;CALCULO I;MAT1101;3 Temas Parcial 1 Cálculo I;46;0 No dominó temas;3,3;373;2 Avance entre [ 40 - 60 temas];Cumplimiento meta;3,1
202430;N;374;N;8/07/2024 10:04:31 a. m.;202430 Pre-Cálculo ING -GEO;Precálculo;8/07/2024 10:10:11 a. m.;320;55;0,35;0;79;40;79;25,46666667;50;1,649376575;25,46666667;Ingeniería Eléctrica;División de Ingenierías;CALCULO I;MAT1101;3 Temas Parcial 1 Cálculo I;40;0 No dominó temas;4,4;374;2 Avance entre [ 40 - 60 temas];Cumplimiento meta;3,8
202430;N;375;N;8/07/2024 10:04:32 a. m.;202430 Pre-Cálculo ING -GEO;Precálculo;8/07/2024 10:09:28 a. m.;316;66;0,2;0;79;27;79;29,31666667;28;0,784715114;29,31666667;Ingeniería Industrial;División de Ingenierías;CALCULO I;MAT1101;2 Ecuaciones y desigualdades;27;0 No dominó temas;2;375;1 Avance entre [ 19 - 40 temas];No alcanzo meta;1,5
202430;N;376;N;8/07/2024 2:58:31 p. m.;202430 Pre-Cálculo ING -GEO;Precálculo;8/07/2024 3:05:27 p. m.;301;54;0,333333333;0;79;60;79;58,45;74;1,112035167;58,45;Ingeniería Eléctrica;División de Ingenierías;CALCULO I;MAT1101;4 Temas Parcial 2 Cálculo I;60;0 No dominó temas;3,2;376;3 Avance superior a 60 temas;Cumplimiento meta;2,3
202430;N;377;N;8/07/2024 3:03:39 p. m.;202430 Pre-Cálculo ING -GEO;Precálculo;8/07/2024 3:08:39 p. m.;290;61;0,4;0;79;62;79;88,11666667;78;0,72625487;88,11666667;Ingeniería Civil;División de Ingenierías;CALCULO I;MAT1101;4 Temas Parcial 2 Cálculo I;62;0 No dominó temas;3,2;377;3 Avance superior a 60 temas;Cumplimiento meta;2,7
202430;N;378;N;22/07/2024 8:56:00 a. m.;202430 Pre-Cálculo ING -GEO;Precálculo;22/07/2024 8:59:56 a. m.;282;67;1,116666667;0;79;0;79;2,416666667;1;0;2,416666667;Ingeniería Industrial;División de Ingenierías;CALCULO I;MAT1101;0 No dominó temas;0;0 No dominó temas;1,8;378;0 Avance menor a 19 temas;No alcanzo meta;1,5
202430;N;379;N;15/07/2024 8:16:28 a. m.;202430 Pre-Cálculo ING -GEO;Precálculo;15/07/2024 8:19:44 a. m.;277;57;0,216666667;0;79;9;79;10,33333333;13;0,87131908;10,33333333;Ingeniería Industrial;División de Ingenierías;CALCULO I;MAT1101;1 Repaso de Álgebra y Geometría;9;0 No dominó temas;1;379;0 Avance menor a 19 temas;No alcanzo meta;1,5
202430;N;380;N;15/07/2024 8:15:54 a. m.;202430 Pre-Cálculo ING -GEO;Precálculo;15/07/2024 8:19:25 a. m.;365;70;0,3;0;79;34;79;16,41666667;25;1,461879463;16,41666667;Ingeniería Industrial;División de Ingenierías;CALCULO I;MAT1101;3 Temas Parcial 1 Cálculo I;34;0 No dominó temas;3,1;380;1 Avance entre [ 19 - 40 temas];Cumplimiento meta;3,1
202430;N;381;N;8/07/2024 2:57:49 p. m.;202430 Pre-Cálculo ING -GEO;Precálculo;8/07/2024 3:05:14 p. m.;326;61;0,283333333;0;79;27;79;46,95;50;0,660347215;46,95;Geología;División de Ciencias Básicas;CALCULO I;MAT1101;2 Ecuaciones y desigualdades;27;0 No dominó temas;2;381;1 Avance entre [ 19 - 40 temas];No alcanzo meta;1,5
202430;N;382;N;8/07/2024 10:04:37 a. m.;202430 Pre-Cálculo ING -GEO;Precálculo;8/07/2024 10:08:45 a. m.;313;69;0,283333333;0;79;32;79;36,25;43;1,048508864;36,25;Ingeniería Industrial;División de Ingenierías;CALCULO I;MAT1101;3 Temas Parcial 1 Cálculo I;32;0 No dominó temas;2;382;1 Avance entre [ 19 - 40 temas];Cumplimiento meta;3
202430;N;383;N;15/07/2024 8:12:17 a. m.;202430 Pre-Cálculo ING -GEO;Precálculo;15/07/2024 8:22:12 a. m.;194;45;0,05;0;79;2;79;7,633333333;3;0,261837225;7,633333333;Ingeniería Civil;División de Ingenierías;CALCULO I;MAT1101;1 Repaso de Álgebra y Geometría;2;0 No dominó temas;1;383;0 Avance menor a 19 temas;No alcanzo meta;1,5
202430;N;384;N;9/07/2024 8:40:41 a. m.;202430 Pre-Cálculo ING -GEO;Precálculo;9/07/2024 8:44:05 a. m.;357;73;0,383333333;0;79;19;79;23,96666667;38;1,251970695;23,96666667;Ingeniería Industrial;División de Ingenierías;CALCULO I;MAT1101;2 Ecuaciones y desigualdades;19;0 No dominó temas;2;384;1 Avance entre [ 19 - 40 temas];No alcanzo meta;1,5
202530;N;385;N;14/07/2025 9:06:48 a. m.;202530 Pre Cálculo ANEC;Precálculo;14/07/2025 9:10:58 a. m.;305;65;0,266666667;0;79;15;79;11,18333333;17;1,340682258;11,18333333;Negocios Internacionales;Escuela de Negocios;CALCULO I (ANEC);MAT1100;2 Ecuaciones y desigualdades;15;0 No dominó temas;3;385;0 Avance menor a 18 temas;No alcanzo meta;3,4
202530;N;386;N;14/07/2025 9:07:48 a. m.;202530 Pre Cálculo ANEC;Precálculo;14/07/2025 9:15:55 a. m.;261;45;0,2;0;79;28;79;26,08333333;22;0,766585394;26,08333333;Contaduría Pública;Escuela de Negocios;CALCULO I (ANEC);MAT1100;2 Ecuaciones y desigualdades;28;0 No dominó temas;3,8;386;1 Avance entre [ 18 - 37 temas];No alcanzo meta;3,4
202530;N;387;N;16/07/2025 8:24:24 a. m.;202530 Pre Cálculo ANEC;Precálculo;16/07/2025 8:27:42 a. m.;308;58;0,15;0;79;36;79;15,41666667;28;1,686425714;15,41666667;Negocios Internacionales;Escuela de Negocios;CALCULO I (ANEC);MAT1100;3 Temas Parcial 1 Cálculo I;36;0 No dominó temas;1,9;387;1 Avance entre [ 18 - 37 temas];Cumplimiento meta;1,5
202530;N;388;N;14/07/2025 9:08:14 a. m.;202530 Pre Cálculo ANEC;Precálculo;14/07/2025 9:13:47 a. m.;320;64;0,266666667;0;79;27;79;21;30;1,238111615;21;Administración de Empresas;Escuela de Negocios;CALCULO I (ANEC);MAT1100;2 Ecuaciones y desigualdades;27;0 No dominó temas;5;388;1 Avance entre [ 18 - 37 temas];No alcanzo meta;4,4
202530;N;389;N;14/07/2025 9:09:31 a. m.;202530 Pre Cálculo ANEC;Precálculo;14/07/2025 9:14:42 a. m.;287;61;0,25;0;79;44;79;21,76666667;40;1,745766389;21,76666667;Negocios Internacionales;Escuela de Negocios;CALCULO I (ANEC);MAT1100;3 Temas Parcial 1 Cálculo I;44;0 No dominó temas;3,5;389;2 Avance entre [ 37 - 55 temas];Cumplimiento meta;4
202530;N;390;N;14/07/2025 9:08:45 a. m.;202530 Pre Cálculo ANEC;Precálculo;14/07/2025 9:15:18 a. m.;370;80;0,216666667;0;79;31;79;26,65;34;1,125867856;26,65;Negocios Internacionales;Escuela de Negocios;CALCULO I (ANEC);MAT1100;3 Temas Parcial 1 Cálculo I;31;0 No dominó temas;4,2;390;1 Avance entre [ 18 - 37 temas];Cumplimiento meta;3,9
202530;N;391;N;14/07/2025 9:07:20 a. m.;202530 Pre Cálculo ANEC;Precálculo;14/07/2025 9:12:31 a. m.;222;41;0,45;0;79;33;79;10,58333333;22;1,890954932;10,58333333;Administración de Empresas;Escuela de Negocios;CALCULO I (ANEC);MAT1100;3 Temas Parcial 1 Cálculo I;33;0 No dominó temas;3,1;391;1 Avance entre [ 18 - 37 temas];Cumplimiento meta;3,2
202530;N;392;N;14/07/2025 9:10:25 a. m.;202530 Pre Cálculo ANEC;Precálculo;14/07/2025 9:12:09 a. m.;276;61;0,05;0;79;0;79;1,6;1;0;1,6;Negocios Internacionales;Escuela de Negocios;CALCULO I (ANEC);MAT1100;0 No dominó temas;0;0 No dominó temas;1,9;392;0 Avance menor a 18 temas;No alcanzo meta;3,1
202530;N;393;N;14/07/2025 9:07:16 a. m.;202530 Pre Cálculo ANEC;Precálculo;14/07/2025 9:10:20 a. m.;312;57;0,35;0;79;33;79;10,23333333;27;2,249327647;10,23333333;Administración de Empresas;Escuela de Negocios;CALCULO I (ANEC);MAT1100;3 Temas Parcial 1 Cálculo I;33;0 No dominó temas;4,2;393;1 Avance entre [ 18 - 37 temas];Cumplimiento meta;4,4
202530;N;394;N;14/07/2025 9:06:31 a. m.;202530 Pre Cálculo ANEC;Precálculo;14/07/2025 9:11:09 a. m.;284;64;0,316666667;0;79;4;79;3,2;5;1,2490242;3,2;Negocios Internacionales;Escuela de Negocios;CALCULO I (ANEC);MAT1100;1 Repaso de Álgebra y Geometría;4;0 No dominó temas;2,1;394;0 Avance menor a 18 temas;No alcanzo meta;1,5
202530;N;395;N;14/07/2025 9:07:37 a. m.;202530 Pre Cálculo ANEC;Precálculo;14/07/2025 9:11:56 a. m.;316;71;0,283333333;0;79;31;79;15,5;28;1,741155396;15,5;Negocios Internacionales;Escuela de Negocios;CALCULO I (ANEC);MAT1100;3 Temas Parcial 1 Cálculo I;31;0 No dominó temas;4,8;395;1 Avance entre [ 18 - 37 temas];Cumplimiento meta;3,5
202530;N;396;N;14/07/2025 9:07:23 a. m.;202530 Pre Cálculo ANEC;Precálculo;14/07/2025 9:12:12 a. m.;288;66;0,15;0;79;33;79;35,65;62;1,178129797;35,65;Negocios Internacionales;Escuela de Negocios;CALCULO I (ANEC);MAT1100;3 Temas Parcial 1 Cálculo I;33;0 No dominó temas;2,1;396;1 Avance entre [ 18 - 37 temas];Cumplimiento meta;3
202530;N;397;N;14/07/2025 9:07:42 a. m.;202530 Pre Cálculo ANEC;Precálculo;14/07/2025 9:13:56 a. m.;272;45;0,116666667;0;79;4;79;11,71666667;8;0,34134547;11,71666667;Negocios Internacionales;Escuela de Negocios;CALCULO I (ANEC);MAT1100;1 Repaso de Álgebra y Geometría;4;0 No dominó temas;2,5;397;0 Avance menor a 18 temas;No alcanzo meta;3,1
202530;N;398;N;14/07/2025 9:07:14 a. m.;202530 Pre Cálculo ANEC;Precálculo;14/07/2025 9:12:45 a. m.;297;58;0,15;0;79;2;79;5,916666667;6;0,338202828;5,916666667;Contaduría Pública;Escuela de Negocios;CALCULO I (ANEC);MAT1100;1 Repaso de Álgebra y Geometría;2;0 No dominó temas;4,2;398;0 Avance menor a 18 temas;No alcanzo meta;3,3
202530;N;399;N;14/07/2025 9:06:52 a. m.;202530 Pre Cálculo ANEC;Precálculo;14/07/2025 9:10:03 a. m.;345;72;0,333333333;0;79;14;79;10,15;17;1,380027929;10,15;Negocios Internacionales;Escuela de Negocios;CALCULO I (ANEC);MAT1100;2 Ecuaciones y desigualdades;14;0 No dominó temas;3,6;399;0 Avance menor a 18 temas;No alcanzo meta;3,4
202530;N;400;N;14/07/2025 9:07:37 a. m.;202530 Pre Cálculo ANEC;Precálculo;14/07/2025 9:13:56 a. m.;273;57;0,133333333;0;79;20;79;24,21666667;20;0,826019618;24,21666667;Administración de Empresas;Escuela de Negocios;CALCULO I (ANEC);MAT1100;2 Ecuaciones y desigualdades;20;0 No dominó temas;3;400;1 Avance entre [ 18 - 37 temas];No alcanzo meta;3
202530;N;401;N;14/07/2025 9:08:11 a. m.;202530 Pre Cálculo ANEC;Precálculo;14/07/2025 9:13:03 a. m.;358;77;0,316666667;0;79;33;79;26,58333333;32;1,128609198;26,58333333;Contaduría Pública;Escuela de Negocios;CALCULO I (ANEC);MAT1100;3 Temas Parcial 1 Cálculo I;33;0 No dominó temas;4,9;401;1 Avance entre [ 18 - 37 temas];Cumplimiento meta;4,2
202530;N;402;N;14/07/2025 9:08:19 a. m.;202530 Pre Cálculo ANEC;Precálculo;14/07/2025 9:12:08 a. m.;386;78;0,15;0;79;34;79;27,61666667;41;1,339555091;27,61666667;Contaduría Pública;Escuela de Negocios;CALCULO I (ANEC);MAT1100;3 Temas Parcial 1 Cálculo I;34;0 No dominó temas;4,7;402;1 Avance entre [ 18 - 37 temas];Cumplimiento meta;4,5
202530;N;403;N;14/07/2025 9:07:41 a. m.;202530 Pre Cálculo ANEC;Precálculo;14/07/2025 9:11:00 a. m.;354;67;0,133333333;0;79;2;79;4,583333333;3;0,436337192;4,583333333;Administración de Empresas;Escuela de Negocios;CALCULO I (ANEC);MAT1100;1 Repaso de Álgebra y Geometría;2;0 No dominó temas;2,6;403;0 Avance menor a 18 temas;No alcanzo meta;3,3
202530;N;404;N;15/07/2025 8:43:00 a. m.;202530 Pre Cálculo ANEC;Precálculo;15/07/2025 8:47:06 a. m.;325;66;0,15;0;79;4;79;3,233333333;6;1,23956271;3,233333333;Administración de Empresas;Escuela de Negocios;CALCULO I (ANEC);MAT1100;1 Repaso de Álgebra y Geometría;4;0 No dominó temas;1,5;404;0 Avance menor a 18 temas;No alcanzo meta;2,4
202530;N;405;N;14/07/2025 9:08:56 a. m.;202530 Pre Cálculo ANEC;Precálculo;14/07/2025 9:15:40 a. m.;286;60;0,3;0;79;24;79;30,45;29;0,853687456;30,45;Negocios Internacionales;Escuela de Negocios;CALCULO I (ANEC);MAT1100;2 Ecuaciones y desigualdades;24;0 No dominó temas;2,1;405;1 Avance entre [ 18 - 37 temas];No alcanzo meta;2,7
202530;N;406;N;14/07/2025 9:07:11 a. m.;202530 Pre Cálculo ANEC;Precálculo;14/07/2025 9:09:24 a. m.;307;69;0,25;0;79;30;79;20,58333333;36;1,506174506;20,58333333;Contaduría Pública;Escuela de Negocios;CALCULO I (ANEC);MAT1100;2 Ecuaciones y desigualdades;30;0 No dominó temas;;406;1 Avance entre [ 18 - 37 temas];No alcanzo meta;1,5
202530;N;407;N;18/07/2025 8:44:40 a. m.;202530 Pre Cálculo ANEC;Precálculo;18/07/2025 8:48:30 a. m.;312;67;0,466666667;0;79;0;79;0,983333333;1;0;0,983333333;Negocios Internacionales;Escuela de Negocios;CALCULO I (ANEC);MAT1100;0 No dominó temas;0;0 No dominó temas;2,6;407;0 Avance menor a 18 temas;No alcanzo meta;3,3
202530;N;408;N;15/07/2025 8:45:28 a. m.;202530 Pre Cálculo ANEC;Precálculo;15/07/2025 8:54:35 a. m.;332;72;0,133333333;0;79;30;79;19,41666667;25;1,287756299;19,41666667;Administración de Empresas;Escuela de Negocios;CALCULO I (ANEC);MAT1100;2 Ecuaciones y desigualdades;30;0 No dominó temas;2,5;408;1 Avance entre [ 18 - 37 temas];No alcanzo meta;3,1
202530;N;409;N;14/07/2025 9:07:35 a. m.;202530 Pre Cálculo ANEC;Precálculo;14/07/2025 9:11:13 a. m.;290;58;0,233333333;0;79;16;79;22,01666667;17;0,726548014;22,01666667;Negocios Internacionales;Escuela de Negocios;CALCULO I (ANEC);MAT1100;2 Ecuaciones y desigualdades;16;0 No dominó temas;2,1;409;0 Avance menor a 18 temas;No alcanzo meta;3
202530;N;410;N;14/07/2025 9:07:46 a. m.;202530 Pre Cálculo ANEC;Precálculo;14/07/2025 9:10:01 a. m.;360;68;0,166666667;0;79;41;79;18,41666667;37;1,955340978;18,41666667;Administración de Empresas;Escuela de Negocios;CALCULO I (ANEC);MAT1100;3 Temas Parcial 1 Cálculo I;41;0 No dominó temas;4,6;410;2 Avance entre [ 37 - 55 temas];Cumplimiento meta;4,1
202530;N;411;N;14/07/2025 9:07:49 a. m.;202530 Pre Cálculo ANEC;Precálculo;14/07/2025 9:12:56 a. m.;393;78;0,25;0;79;74;79;62,56666667;79;1,134895369;62,56666667;Negocios Internacionales;Escuela de Negocios;CALCULO I (ANEC);MAT1100;4 Temas Parcial 2 Cálculo I;74;0 No dominó temas;5;411;3 Avance superior a 55 temas;Cumplimiento meta;1,5
202530;N;412;N;14/07/2025 9:07:16 a. m.;202530 Pre Cálculo ANEC;Precálculo;14/07/2025 9:10:29 a. m.;339;73;0,266666667;0;79;57;79;24,4;62;2,417619942;24,4;Contaduría Pública;Escuela de Negocios;CALCULO I (ANEC);MAT1100;4 Temas Parcial 2 Cálculo I;57;0 No dominó temas;5;412;3 Avance superior a 55 temas;Cumplimiento meta;4,9
202530;N;413;N;14/07/2025 9:07:35 a. m.;202530 Pre Cálculo ANEC;Precálculo;14/07/2025 9:10:34 a. m.;377;74;0,166666667;0;79;34;79;32,6;32;0,858859115;32,6;Negocios Internacionales;Escuela de Negocios;CALCULO I (ANEC);MAT1100;3 Temas Parcial 1 Cálculo I;34;0 No dominó temas;4,7;413;1 Avance entre [ 18 - 37 temas];Cumplimiento meta;4,5
202530;N;414;N;14/07/2025 9:07:50 a. m.;202530 Pre Cálculo ANEC;Precálculo;14/07/2025 9:14:45 a. m.;301;63;0,5;0;79;25;79;12,7;25;1,969494715;12,7;Administración de Empresas;Escuela de Negocios;CALCULO I (ANEC);MAT1100;2 Ecuaciones y desigualdades;25;0 No dominó temas;3,4;414;1 Avance entre [ 18 - 37 temas];No alcanzo meta;3,3
202530;N;415;N;14/07/2025 9:08:37 a. m.;202530 Pre Cálculo ANEC;Precálculo;14/07/2025 9:15:40 a. m.;271;63;0,466666667;0;79;33;79;19,13333333;31;1,463945973;19,13333333;Negocios Internacionales;Escuela de Negocios;CALCULO I (ANEC);MAT1100;3 Temas Parcial 1 Cálculo I;33;0 No dominó temas;2,9;415;1 Avance entre [ 18 - 37 temas];Cumplimiento meta;3,7
202530;N;416;N;14/07/2025 9:08:06 a. m.;202530 Pre Cálculo ANEC;Precálculo;14/07/2025 9:12:38 a. m.;341;73;0,15;0;79;20;79;21,31666667;23;0,938135196;21,31666667;Negocios Internacionales;Escuela de Negocios;CALCULO I (ANEC);MAT1100;2 Ecuaciones y desigualdades;20;0 No dominó temas;2,8;416;1 Avance entre [ 18 - 37 temas];No alcanzo meta;3,2
202530;N;417;N;15/07/2025 8:30:35 a. m.;202530 Pre Cálculo ANEC;Precálculo;15/07/2025 8:32:47 a. m.;248;48;0,05;0;79;24;79;10,96666667;29;2,552997493;10,96666667;Negocios Internacionales;Escuela de Negocios;CALCULO I (ANEC);MAT1100;2 Ecuaciones y desigualdades;24;0 No dominó temas;4,7;417;1 Avance entre [ 18 - 37 temas];No alcanzo meta;3,3
202530;N;418;N;14/07/2025 9:07:24 a. m.;202530 Pre Cálculo ANEC;Precálculo;14/07/2025 9:13:58 a. m.;323;64;0,266666667;0;79;35;79;58,88333333;54;0,866180737;58,88333333;Negocios Internacionales;Escuela de Negocios;CALCULO I (ANEC);MAT1100;3 Temas Parcial 1 Cálculo I;35;0 No dominó temas;4,3;418;1 Avance entre [ 18 - 37 temas];Cumplimiento meta;4
202530;N;419;N;14/07/2025 9:07:50 a. m.;202530 Pre Cálculo ANEC;Precálculo;14/07/2025 9:12:33 a. m.;348;63;0,216666667;0;79;40;79;32,33333333;49;1,423010492;32,33333333;Administración de Empresas;Escuela de Negocios;CALCULO I (ANEC);MAT1100;3 Temas Parcial 1 Cálculo I;40;0 No dominó temas;5;419;2 Avance entre [ 37 - 55 temas];Cumplimiento meta;4,4
202530;N;420;N;14/07/2025 3:07:35 p. m.;202530 Pre Cálculo ING-GEO-DAT;Precálculo;14/07/2025 3:14:04 p. m.;320;66;0,45;0;79;40;79;44,45;53;1,034922381;44,45;Ingeniería Sistemas Y Computac;División de Ingenierías;CALCULO I;MAT1101;3 Temas Parcial 1 Cálculo I;40;0 No dominó temas;1;420;2 Avance entre [ 40 - 60 temas];Cumplimiento meta;3
202530;N;421;N;14/07/2025 3:07:55 p. m.;202530 Pre Cálculo ING-GEO-DAT;Precálculo;14/07/2025 3:12:47 p. m.;372;73;0,283333333;0;79;63;79;66,21666667;77;0,981551859;66,21666667;Ingeniería Industrial;División de Ingenierías;CALCULO I;MAT1101;4 Temas Parcial 2 Cálculo I;63;0 No dominó temas;4,4;421;3 Avance superior a 60 temas;Cumplimiento meta;4,3
202530;N;422;N;14/07/2025 3:06:55 p. m.;202530 Pre Cálculo ING-GEO-DAT;Precálculo;14/07/2025 3:12:23 p. m.;329;69;0,416666667;0;79;79;79;60,16666667;100;1,545656419;60,16666667;Ingeniería Sistemas Y Computac;División de Ingenierías;CALCULO I;MAT1101;4 Temas Parcial 2 Cálculo I;79;0 No dominó temas;4,5;422;3 Avance superior a 60 temas;Cumplimiento meta;3,2
202530;N;423;N;16/07/2025 8:41:15 a. m.;202530 Pre Cálculo ING-GEO-DAT;Precálculo;16/07/2025 8:45:33 a. m.;355;75;0,416666667;0;79;34;79;21,65;37;1,57082173;21,65;Ingeniería Sistemas Y Computac;División de Ingenierías;CALCULO I;MAT1101;3 Temas Parcial 1 Cálculo I;34;0 No dominó temas;1;423;1 Avance entre [ 19 - 40 temas];Cumplimiento meta;3
202530;N;424;N;16/07/2025 8:14:18 a. m.;202530 Pre Cálculo ING-GEO-DAT;Precálculo;16/07/2025 8:18:46 a. m.;234;63;0,45;0;79;13;79;27,41666667;16;0,474106492;27,41666667;Ingeniería Industrial;División de Ingenierías;CALCULO I;MAT1101;2 Ecuaciones y desigualdades;13;0 No dominó temas;2,1;424;0 Avance menor a 19 temas;No alcanzo meta;1,5
202530;N;425;N;14/07/2025 3:08:10 p. m.;202530 Pre Cálculo ING-GEO-DAT;Precálculo;14/07/2025 3:12:55 p. m.;348;73;0,35;0;79;25;79;23,18333333;31;1,164336795;23,18333333;Ingeniería Sistemas Y Computac;División de Ingenierías;CALCULO I;MAT1101;2 Ecuaciones y desigualdades;25;0 No dominó temas;2,5;425;1 Avance entre [ 19 - 40 temas];No alcanzo meta;1,5
202530;N;426;N;14/07/2025 3:06:38 p. m.;202530 Pre Cálculo ING-GEO-DAT;Precálculo;14/07/2025 3:12:09 p. m.;303;71;0,5;0;79;35;79;39,56666667;42;0,960505529;39,56666667;Ingeniería Sistemas Y Computac;División de Ingenierías;CALCULO I;MAT1101;3 Temas Parcial 1 Cálculo I;35;0 No dominó temas;1;426;1 Avance entre [ 19 - 40 temas];Cumplimiento meta;3
202530;N;427;N;14/07/2025 3:14:26 p. m.;202530 Pre Cálculo ING-GEO-DAT;Precálculo;14/07/2025 3:20:24 p. m.;325;65;0,266666667;0;79;20;79;25,5;21;0,784535925;25,5;Geología;División de Ciencias Básicas;CALCULO I;MAT1101;2 Ecuaciones y desigualdades;20;0 No dominó temas;3,2;427;1 Avance entre [ 19 - 40 temas];No alcanzo meta;3,2
202530;N;428;N;14/07/2025 3:07:54 p. m.;202530 Pre Cálculo ING-GEO-DAT;Precálculo;14/07/2025 3:13:47 p. m.;314;72;0,25;0;79;43;79;23,6;41;1,525729018;23,6;Ingeniería Mecánica;División de Ingenierías;CALCULO I;MAT1101;3 Temas Parcial 1 Cálculo I;43;0 No dominó temas;2;428;2 Avance entre [ 40 - 60 temas];Cumplimiento meta;1,7
202530;N;429;N;14/07/2025 3:07:57 p. m.;202530 Pre Cálculo ING-GEO-DAT;Precálculo;14/07/2025 3:17:31 p. m.;248;38;0,183333333;0;79;42;79;49,38333333;46;0,85035544;49,38333333;Ingeniería Mecánica;División de Ingenierías;CALCULO I;MAT1101;3 Temas Parcial 1 Cálculo I;42;0 No dominó temas;3,2;429;2 Avance entre [ 40 - 60 temas];Cumplimiento meta;3,3
202530;N;430;N;15/07/2025 8:37:54 a. m.;202530 Pre Cálculo ING-GEO-DAT;Precálculo;15/07/2025 8:44:04 a. m.;278;57;0,433333333;0;79;27;79;24,05;29;1,122946464;24,05;Geología;División de Ciencias Básicas;CALCULO I;MAT1101;2 Ecuaciones y desigualdades;27;0 No dominó temas;4,1;430;1 Avance entre [ 19 - 40 temas];No alcanzo meta;4,5
202530;N;431;N;14/07/2025 3:06:39 p. m.;202530 Pre Cálculo ING-GEO-DAT;Precálculo;14/07/2025 3:12:18 p. m.;321;61;0,4;0;79;30;79;36,46666667;38;0,822750577;36,46666667;Ingeniería Sistemas Y Computac;División de Ingenierías;CALCULO I;MAT1101;2 Ecuaciones y desigualdades;30;0 No dominó temas;1;431;1 Avance entre [ 19 - 40 temas];No alcanzo meta;1,5
202530;N;432;N;14/07/2025 3:17:21 p. m.;202530 Pre Cálculo ING-GEO-DAT;Precálculo;14/07/2025 3:22:41 p. m.;382;79;0,25;0;79;32;79;20,28333333;34;1,577801213;20,28333333;Geología;División de Ciencias Básicas;CALCULO I;MAT1101;3 Temas Parcial 1 Cálculo I;32;0 No dominó temas;5;432;1 Avance entre [ 19 - 40 temas];Cumplimiento meta;4,1
202530;N;433;N;14/07/2025 3:15:57 p. m.;202530 Pre Cálculo ING-GEO-DAT;Precálculo;14/07/2025 3:19:12 p. m.;321;61;0,216666667;0;79;27;79;18,28333333;23;1,203555961;18,28333333;Ciencia de Datos;División de Ciencias Básicas;CALCULO I;MAT1101;2 Ecuaciones y desigualdades;27;0 No dominó temas;1,1;433;1 Avance entre [ 19 - 40 temas];No alcanzo meta;1,5
202530;N;434;N;14/07/2025 3:07:56 p. m.;202530 Pre Cálculo ING-GEO-DAT;Precálculo;14/07/2025 3:13:13 p. m.;290;57;0,15;0;79;23;79;20,03333333;24;1,148341285;20,03333333;Ingeniería Mecánica;División de Ingenierías;CALCULO I;MAT1101;2 Ecuaciones y desigualdades;23;0 No dominó temas;2;434;1 Avance entre [ 19 - 40 temas];No alcanzo meta;1,5
202530;N;435;N;14/07/2025 3:14:53 p. m.;202530 Pre Cálculo ING-GEO-DAT;Precálculo;14/07/2025 3:20:26 p. m.;257;56;0,7;0;79;42;79;36,55;46;1,148997287;36,55;Ingeniería Civil;División de Ingenierías;CALCULO I;MAT1101;3 Temas Parcial 1 Cálculo I;42;0 No dominó temas;3,7;435;2 Avance entre [ 40 - 60 temas];Cumplimiento meta;3,1
202530;N;436;N;28/07/2025 11:47:22 a. m.;202530 Pre Cálculo ING-GEO-DAT;Precálculo;-;392;75;;0;79;0;0;0,133333333;0;0;0,133333333;Ingeniería Sistemas Y Computac;División de Ingenierías;CALCULO I;MAT1101;0 No dominó temas;0;0 No dominó temas;4;436;0 Avance menor a 19 temas;No alcanzo meta;3,8
202530;N;437;N;5/08/2025 3:57:35 p. m.;202530 Pre Cálculo ING-GEO-DAT;Precálculo;-;347;60;;0;79;0;0;0,033333333;0;0;0,033333333;Ingeniería Sistemas Y Computac;División de Ingenierías;CALCULO I;MAT1101;0 No dominó temas;0;0 No dominó temas;2,5;437;0 Avance menor a 19 temas;No alcanzo meta;3,7
202530;N;438;N;14/07/2025 3:08:36 p. m.;202530 Pre Cálculo ING-GEO-DAT;Precálculo;14/07/2025 3:14:40 p. m.;229;42;0,483333333;0;79;34;79;22,9;28;1,092020967;22,9;Negocios Internacionales;Escuela de Negocios;CALCULO I;MAT1101;3 Temas Parcial 1 Cálculo I;34;0 No dominó temas;;438;1 Avance entre [ 19 - 40 temas];Cumplimiento meta;1,5
202530;N;439;N;14/07/2025 3:06:41 p. m.;202530 Pre Cálculo ING-GEO-DAT;Precálculo;14/07/2025 3:12:14 p. m.;314;72;0,3;0;79;27;79;11,45;25;1,746258883;11,45;Negocios Internacionales;Escuela de Negocios;CALCULO I;MAT1101;2 Ecuaciones y desigualdades;27;0 No dominó temas;;439;1 Avance entre [ 19 - 40 temas];No alcanzo meta;1,5
202530;N;440;N;14/07/2025 3:07:56 p. m.;202530 Pre Cálculo ING-GEO-DAT;Precálculo;14/07/2025 3:10:14 p. m.;312;60;0,483333333;0;79;33;79;36,2;38;0,994292027;36,2;Ingeniería Industrial;División de Ingenierías;CALCULO I;MAT1101;3 Temas Parcial 1 Cálculo I;33;0 No dominó temas;3,6;440;1 Avance entre [ 19 - 40 temas];Cumplimiento meta;3,2
202530;N;441;N;14/07/2025 3:15:05 p. m.;202530 Pre Cálculo ING-GEO-DAT;Precálculo;14/07/2025 3:21:02 p. m.;292;61;0,466666667;0;79;19;79;19,5;20;0,974067587;19,5;Geología;División de Ciencias Básicas;CALCULO I;MAT1101;2 Ecuaciones y desigualdades;19;0 No dominó temas;1;441;1 Avance entre [ 19 - 40 temas];No alcanzo meta;1,5
202530;N;442;N;14/07/2025 3:08:08 p. m.;202530 Pre Cálculo ING-GEO-DAT;Precálculo;14/07/2025 3:12:25 p. m.;373;79;0,15;0;79;18;79;17,78333333;31;1,631300978;17,78333333;Ingeniería Sistemas Y Computac;División de Ingenierías;CALCULO I;MAT1101;2 Ecuaciones y desigualdades;18;0 No dominó temas;2,5;442;0 Avance menor a 19 temas;No alcanzo meta;1,5
202330;N;443;N;21/07/2023 5:00:44 p. m.;202330 Pre- Mat Fundamentales;Álgebra universitaria con trigonometría;-;412;71;;0;143;0;0;0,05;0;0;0,05;Ingeniería Sistemas Y Computac;División de Ingenierías;MATEMATICAS FUNDAMENTALES;MAT4190;0 No dominó temas;0;0 No dominó temas;;443;0 Avance menor a 25 temas;No alcanzo meta;1,5
202330;N;444;N;12/07/2023 8:22:56 a. m.;202330 Pre- Mat Fundamentales;Álgebra universitaria con trigonometría;12/07/2023 8:28:05 a. m.;377;73;0,066666667;0;143;51;143;8,933333333;55;6,15882298;8,933333333;Ciencia de Datos;División de Ciencias Básicas;MATEMATICAS FUNDAMENTALES;MAT4190;1 Repaso de Álgebra y Geometría;51;0 No dominó temas;2,6;444;1 Avance entre [ 25 - 55 temas];No alcanzo meta;3,5
202530;N;445;N;14/07/2025 2:14:56 p. m.;202530 Pre Álgebra y trigonometría Arquitectura;Álgebra universitaria con trigonometría;14/07/2025 2:16:37 p. m.;202;43;0,166666667;0;70;14;70;8,133333333;18;1,720136519;8,133333333;Arquitectura;Escuela Arquitectura Urb y Dis;ALGEBRA Y TRIGONOMETRIA;MAT1011;1 Geometría;14;0 No dominó temas;3,1;445;0 Avance menor a 15 temas;No alcanzo meta;3,8
202310;N;246;N;13/01/2023 8:58:02 a. m.;202310 Matemáticas Fundamentales;Álgebra universitaria con trigonometría;13/01/2023 9:05:12 a. m.;383;74;0,95;139;143;143;143;6,016666667;4;0,664359862;6,016666667;Matemáticas;División de Ciencias Básicas;MATEMATICAS FUNDAMENTALES;MAT4190;5 Funciones trigonométricas;4;4 Funciones polinómicas y racionales;4;246;0 Avance menor a 25 temas;Cumplimiento meta;3,7
202310;N;446;N;14/01/2023 8:59:38 a. m.;202310 Matemáticas Fundamentales;Álgebra universitaria con trigonometría;14/01/2023 9:33:23 a. m.;355;74;1,733333333;36;143;54;143;6,983333333;19;2,577053092;6,983333333;Ciencia de Datos;División de Ciencias Básicas;MATEMATICAS FUNDAMENTALES;MAT4190;1 Repaso de Álgebra y Geometría;18;1 Repaso de álgebra y geometría;4,2;446;0 Avance menor a 25 temas;No alcanzo meta;3,2
202310;N;447;N;13/01/2023 8:56:21 a. m.;202310 Matemáticas Fundamentales;Álgebra universitaria con trigonometría;13/01/2023 9:01:55 a. m.;407;74;1,95;93;143;143;143;9,016666667;51;5,651143464;9,016666667;Matemáticas;División de Ciencias Básicas;MATEMATICAS FUNDAMENTALES;MAT4190;5 Funciones trigonométricas;50;3 Gráficos y funciones;5;447;1 Avance entre [ 25 - 55 temas];Cumplimiento meta;5
202310;N;448;N;13/01/2023 9:03:18 a. m.;202310 Matemáticas Fundamentales;Álgebra universitaria con trigonometría;13/01/2023 9:07:43 a. m.;352;72;1,483333333;29;143;116;143;33,13333333;92;2,626150828;33,13333333;Ciencia de Datos;División de Ciencias Básicas;MATEMATICAS FUNDAMENTALES;MAT4190;3 Gráficos y funciones;87;1 Repaso de álgebra y geometría;3,6;448;3 Avance superior a 80 temas;No alcanzo meta;3,4
202310;N;449;N;18/01/2023 4:25:15 p. m.;202310 Matemáticas Fundamentales;Álgebra universitaria con trigonometría;18/01/2023 4:29:29 p. m.;356;70;0,95;40;143;65;143;4,966666667;25;5,025686844;4,966666667;Ciencia de Datos;División de Ciencias Básicas;MATEMATICAS FUNDAMENTALES;MAT4190;1 Repaso de Álgebra y Geometría;25;1 Repaso de álgebra y geometría;3,9;449;1 Avance entre [ 25 - 55 temas];No alcanzo meta;3
202310;N;450;N;18/01/2023 4:26:17 p. m.;202310 Matemáticas Fundamentales;Álgebra universitaria con trigonometría;18/01/2023 4:29:42 p. m.;386;71;0,916666667;67;143;67;143;1;0;0;1;Matemáticas;División de Ciencias Básicas;MATEMATICAS FUNDAMENTALES;MAT4190;1 Repaso de Álgebra y Geometría;0;1 Repaso de álgebra y geometría;4,7;450;0 Avance menor a 25 temas;No alcanzo meta;4,5
202310;N;451;N;13/01/2023 9:07:54 a. m.;202310 Matemáticas Fundamentales;Álgebra universitaria con trigonometría;13/01/2023 9:12:59 a. m.;325;67;0,85;17;143;136;143;39,26666667;124;2,95455671;39,26666667;Ciencia de Datos;División de Ciencias Básicas;MATEMATICAS FUNDAMENTALES;MAT4190;4 Funciones polinómicas y racionales;119;1 Repaso de álgebra y geometría;4,5;451;3 Avance superior a 80 temas;No alcanzo meta;3,9
202310;N;452;N;18/01/2023 4:26:17 p. m.;202310 Matemáticas Fundamentales;Álgebra universitaria con trigonometría;18/01/2023 4:30:17 p. m.;404;80;0,833333333;37;143;58;143;4;21;5,260228222;4;Ciencia de Datos;División de Ciencias Básicas;MATEMATICAS FUNDAMENTALES;MAT4190;1 Repaso de Álgebra y Geometría;21;1 Repaso de álgebra y geometría;4,2;452;0 Avance menor a 25 temas;No alcanzo meta;3,4
202310;N;453;N;13/01/2023 9:11:21 a. m.;202310 Matemáticas Fundamentales;Álgebra universitaria con trigonometría;13/01/2023 9:16:10 a. m.;379;74;0,8;26;143;117;143;42,71666667;96;2,176838902;42,71666667;Ciencia de Datos;División de Ciencias Básicas;MATEMATICAS FUNDAMENTALES;MAT4190;3 Gráficos y funciones;91;1 Repaso de álgebra y geometría;4,1;453;3 Avance superior a 80 temas;No alcanzo meta;3,5
202310;N;454;N;18/01/2023 4:28:18 p. m.;202310 Matemáticas Fundamentales;Álgebra universitaria con trigonometría;18/01/2023 4:33:23 p. m.;370;74;0,566666667;15;143;37;143;6,133333333;22;3,589883057;6,133333333;Ciencia de Datos;División de Ciencias Básicas;MATEMATICAS FUNDAMENTALES;MAT4190;1 Repaso de Álgebra y Geometría;22;1 Repaso de álgebra y geometría;3,5;454;0 Avance menor a 25 temas;No alcanzo meta;3,4
202310;N;455;N;13/01/2023 9:06:43 a. m.;202310 Matemáticas Fundamentales;Álgebra universitaria con trigonometría;13/01/2023 9:10:51 a. m.;365;71;1,366666667;51;143;125;143;17,96666667;68;3,674151048;17,96666667;Ciencia de Datos;División de Ciencias Básicas;MATEMATICAS FUNDAMENTALES;MAT4190;3 Gráficos y funciones;74;1 Repaso de álgebra y geometría;4,2;455;2 Avance entre [ 55 - 80 temas];No alcanzo meta;3,1
202310;N;456;N;13/01/2023 9:00:50 a. m.;202310 Matemáticas Fundamentales;Álgebra universitaria con trigonometría;13/01/2023 9:08:31 a. m.;0;0;0,983333333;31;143;86;143;19,28333333;50;2,436600855;19,28333333;Matemáticas;División de Ciencias Básicas;MATEMATICAS FUNDAMENTALES;MAT4190;2 Ecuaciones y desigualdades;55;1 Repaso de álgebra y geometría;4;456;2 Avance entre [ 55 - 80 temas];No alcanzo meta;3,2
202310;N;457;N;18/01/2023 4:21:51 p. m.;202310 Matemáticas Fundamentales;Álgebra universitaria con trigonometría;18/01/2023 4:29:04 p. m.;312;57;0,3;12;143;56;143;11,5;42;3,480446657;11,5;Ciencia de Datos;División de Ciencias Básicas;MATEMATICAS FUNDAMENTALES;MAT4190;1 Repaso de Álgebra y Geometría;44;1 Repaso de álgebra y geometría;2,9;457;1 Avance entre [ 25 - 55 temas];No alcanzo meta;1,5
202310;N;458;N;14/01/2023 8:58:42 a. m.;202310 Matemáticas Fundamentales;Álgebra universitaria con trigonometría;14/01/2023 9:05:23 a. m.;406;73;1,583333333;39;143;84;143;15,06666667;45;2,78776481;15,06666667;Ciencia de Datos;División de Ciencias Básicas;MATEMATICAS FUNDAMENTALES;MAT4190;1 Repaso de Álgebra y Geometría;45;1 Repaso de álgebra y geometría;4,6;458;1 Avance entre [ 25 - 55 temas];No alcanzo meta;3,1
202310;N;459;N;13/01/2023 2:42:00 p. m.;202310 Matemáticas Fundamentales;Álgebra universitaria con trigonometría;13/01/2023 2:46:20 p. m.;345;70;1,016666667;5;143;54;143;14,7;60;3,740719049;14,7;Ciencia de Datos;División de Ciencias Básicas;MATEMATICAS FUNDAMENTALES;MAT4190;1 Repaso de Álgebra y Geometría;49;1 Repaso de álgebra y geometría;3,1;459;1 Avance entre [ 25 - 55 temas];No alcanzo meta;1,5
202310;N;460;N;18/01/2023 4:26:00 p. m.;202310 Matemáticas Fundamentales;Álgebra universitaria con trigonometría;18/01/2023 4:30:05 p. m.;373;73;0,733333333;52;143;133;143;17,21666667;78;4,414612108;17,21666667;Ciencia de Datos;División de Ciencias Básicas;MATEMATICAS FUNDAMENTALES;MAT4190;4 Funciones polinómicas y racionales;81;1 Repaso de álgebra y geometría;4,4;460;3 Avance superior a 80 temas;No alcanzo meta;4,5
202310;N;461;N;18/01/2023 4:27:19 p. m.;202310 Matemáticas Fundamentales;Álgebra universitaria con trigonometría;18/01/2023 4:31:17 p. m.;300;64;0,35;4;143;4;143;0,416666667;0;0;0,416666667;Ciencia de Datos;División de Ciencias Básicas;MATEMATICAS FUNDAMENTALES;MAT4190;1 Repaso de Álgebra y Geometría;0;1 Repaso de álgebra y geometría;3;461;0 Avance menor a 25 temas;No alcanzo meta;1,5
202310;N;462;N;18/01/2023 4:26:53 p. m.;202310 Matemáticas Fundamentales;Álgebra universitaria con trigonometría;18/01/2023 4:31:31 p. m.;402;80;0,483333333;16;143;16;143;0,583333333;0;0;0,583333333;Ciencia de Datos;División de Ciencias Básicas;MATEMATICAS FUNDAMENTALES;MAT4190;1 Repaso de Álgebra y Geometría;0;1 Repaso de álgebra y geometría;2,9;462;0 Avance menor a 25 temas;No alcanzo meta;1,5
202310;N;463;N;18/01/2023 4:26:09 p. m.;202310 Matemáticas Fundamentales;Álgebra universitaria con trigonometría;18/01/2023 4:29:51 p. m.;307;61;0,383333333;18;143;18;143;0,45;0;0;0,45;Ciencia de Datos;División de Ciencias Básicas;MATEMATICAS FUNDAMENTALES;MAT4190;1 Repaso de Álgebra y Geometría;0;1 Repaso de álgebra y geometría;4,1;463;0 Avance menor a 25 temas;No alcanzo meta;3
202310;N;464;N;13/01/2023 9:08:47 a. m.;202310 Matemáticas Fundamentales;Álgebra universitaria con trigonometría;13/01/2023 9:12:32 a. m.;314;59;0,45;6;143;61;143;13,08333333;61;4,357428013;13,08333333;Ciencia de Datos;División de Ciencias Básicas;MATEMATICAS FUNDAMENTALES;MAT4190;1 Repaso de Álgebra y Geometría;55;1 Repaso de álgebra y geometría;4,5;464;2 Avance entre [ 55 - 80 temas];No alcanzo meta;3
202310;N;465;N;13/01/2023 9:00:46 a. m.;202310 Matemáticas Fundamentales;Álgebra universitaria con trigonometría;13/01/2023 9:04:59 a. m.;408;76;0,783333333;36;143;93;143;13,11666667;60;4,424197479;13,11666667;Ciencia de Datos;División de Ciencias Básicas;MATEMATICAS FUNDAMENTALES;MAT4190;3 Gráficos y funciones;57;1 Repaso de álgebra y geometría;4,4;465;2 Avance entre [ 55 - 80 temas];No alcanzo meta;4,2
202310;N;466;N;18/01/2023 4:26:02 p. m.;202310 Matemáticas Fundamentales;Álgebra universitaria con trigonometría;18/01/2023 4:28:33 p. m.;417;74;1,35;133;143;133;143;1,433333333;0;0;1,433333333;Matemáticas;División de Ciencias Básicas;MATEMATICAS FUNDAMENTALES;MAT4190;4 Funciones polinómicas y racionales;0;4 Funciones polinómicas y racionales;5;466;0 Avance menor a 25 temas;No alcanzo meta;4,9
202310;N;467;N;13/01/2023 8:57:31 a. m.;202310 Matemáticas Fundamentales;Álgebra universitaria con trigonometría;13/01/2023 9:01:01 a. m.;359;74;1,6;39;143;140;143;22,48333333;108;4,403261675;22,48333333;Ciencia de Datos;División de Ciencias Básicas;MATEMATICAS FUNDAMENTALES;MAT4190;4 Funciones polinómicas y racionales;101;1 Repaso de álgebra y geometría;4,6;467;3 Avance superior a 80 temas;No alcanzo meta;4
202310;N;468;N;13/01/2023 9:00:04 a. m.;202310 Matemáticas Fundamentales;Álgebra universitaria con trigonometría;13/01/2023 9:05:33 a. m.;369;69;1,833333333;35;143;141;143;33,86666667;99;2,922605087;33,86666667;Ciencia de Datos;División de Ciencias Básicas;MATEMATICAS FUNDAMENTALES;MAT4190;5 Funciones trigonométricas;106;1 Repaso de álgebra y geometría;4,5;468;3 Avance superior a 80 temas;Cumplimiento meta;4,4
202310;N;235;N;13/01/2023 9:05:51 a. m.;202310 Matemáticas Fundamentales;Álgebra universitaria con trigonometría;13/01/2023 9:11:13 a. m.;472;76;1,716666667;70;143;143;143;15,15;75;4,817156998;15,15;Ciencia de Datos;División de Ciencias Básicas;MATEMATICAS FUNDAMENTALES;MAT4190;5 Funciones trigonométricas;73;1 Repaso de álgebra y geometría;4,8;235;2 Avance entre [ 55 - 80 temas];Cumplimiento meta;4,1
202310;N;469;N;13/01/2023 9:01:14 a. m.;202310 Matemáticas Fundamentales;Álgebra universitaria con trigonometría;13/01/2023 9:05:20 a. m.;377;77;1,316666667;64;143;143;143;12,28333333;84;6,83559755;12,28333333;Matemáticas;División de Ciencias Básicas;MATEMATICAS FUNDAMENTALES;MAT4190;5 Funciones trigonométricas;79;1 Repaso de álgebra y geometría;5;469;2 Avance entre [ 55 - 80 temas];Cumplimiento meta;4,9
202310;N;470;N;13/01/2023 9:06:52 a. m.;202310 Matemáticas Fundamentales;Álgebra universitaria con trigonometría;13/01/2023 9:10:36 a. m.;387;70;1,15;81;143;143;143;15,6;67;4,165702384;15,6;Ciencia de Datos;División de Ciencias Básicas;MATEMATICAS FUNDAMENTALES;MAT4190;5 Funciones trigonométricas;62;1 Repaso de álgebra y geometría;4,8;470;2 Avance entre [ 55 - 80 temas];Cumplimiento meta;4,8
202330;N;471;N;21/07/2023 8:39:05 a. m.;202330 Pre- Mat Fundamentales;Álgebra universitaria con trigonometría;21/07/2023 8:45:03 a. m.;355;71;1,066666667;140;143;143;143;2,516666667;3;1,194293929;2,516666667;Matemáticas;División de Ciencias Básicas;MATEMATICAS FUNDAMENTALES;MAT4190;5 Funciones trigonométricas;3;4 Funciones polinómicas y racionales;5;471;0 Avance menor a 25 temas;Cumplimiento meta;5
202330;N;472;N;21/07/2023 3:36:23 p. m.;202330 Pre- Mat Fundamentales;Álgebra universitaria con trigonometría;21/07/2023 3:40:48 p. m.;357;75;1;27;143;42;42;2,4;17;6,259418106;2,4;Ciencia de Datos;División de Ciencias Básicas;MATEMATICAS FUNDAMENTALES;MAT4190;1 Repaso de Álgebra y Geometría;15;1 Repaso de álgebra y geometría;3,6;472;0 Avance menor a 25 temas;No alcanzo meta;3,4
202330;N;473;N;21/07/2023 8:45:20 a. m.;202330 Pre- Mat Fundamentales;Álgebra universitaria con trigonometría;21/07/2023 8:53:34 a. m.;342;71;0,4;8;143;16;143;4,333333333;9;1,844262295;4,333333333;Ciencia de Datos;División de Ciencias Básicas;MATEMATICAS FUNDAMENTALES;MAT4190;1 Repaso de Álgebra y Geometría;8;1 Repaso de álgebra y geometría;2,3;473;0 Avance menor a 25 temas;No alcanzo meta;3,3
202330;N;474;N;10/07/2023 8:26:12 a. m.;202330 Pre- Mat Fundamentales;Álgebra universitaria con trigonometría;10/07/2023 8:34:05 a. m.;353;74;0,25;17;143;41;143;6,066666667;28;3,960940723;6,066666667;Ciencia de Datos;División de Ciencias Básicas;MATEMATICAS FUNDAMENTALES;MAT4190;1 Repaso de Álgebra y Geometría;24;1 Repaso de álgebra y geometría;2,8;474;0 Avance menor a 25 temas;No alcanzo meta;3,3
202330;N;475;N;12/07/2023 8:49:39 a. m.;202330 Pre- Mat Fundamentales;Álgebra universitaria con trigonometría;12/07/2023 8:53:46 a. m.;370;78;1,633333333;18;143;59;143;14,35;38;2,437891804;14,35;Ciencia de Datos;División de Ciencias Básicas;MATEMATICAS FUNDAMENTALES;MAT4190;1 Repaso de Álgebra y Geometría;41;1 Repaso de álgebra y geometría;4,6;475;1 Avance entre [ 25 - 55 temas];No alcanzo meta;3,8
202330;N;476;N;10/07/2023 8:46:33 a. m.;202330 Pre- Mat Fundamentales;Álgebra universitaria con trigonometría;10/07/2023 8:50:28 a. m.;323;70;0,466666667;17;143;95;143;25,91666667;83;2,971570687;25,91666667;Ciencia de Datos;División de Ciencias Básicas;MATEMATICAS FUNDAMENTALES;MAT4190;3 Gráficos y funciones;78;1 Repaso de álgebra y geometría;4,5;476;2 Avance entre [ 55 - 80 temas];No alcanzo meta;3,1
202330;N;477;N;10/07/2023 9:41:14 a. m.;202330 Pre- Mat Fundamentales;Álgebra universitaria con trigonometría;10/07/2023 9:47:13 a. m.;351;69;2,716666667;71;143;143;143;32,26666667;83;2,231962181;32,26666667;Ciencia de Datos;División de Ciencias Básicas;MATEMATICAS FUNDAMENTALES;MAT4190;5 Funciones trigonométricas;72;1 Repaso de álgebra y geometría;3,9;477;2 Avance entre [ 55 - 80 temas];Cumplimiento meta;4,2
202330;N;478;N;17/07/2023 8:40:55 a. m.;202330 Pre- Mat Fundamentales;Álgebra universitaria con trigonometría;17/07/2023 8:45:09 a. m.;337;73;3,333333333;26;143;84;143;28,76666667;70;2,328567429;28,76666667;Ciencia de Datos;División de Ciencias Básicas;MATEMATICAS FUNDAMENTALES;MAT4190;1 Repaso de Álgebra y Geometría;58;1 Repaso de álgebra y geometría;2,7;478;2 Avance entre [ 55 - 80 temas];No alcanzo meta;1,5
202330;N;479;N;4/07/2023 9:00:47 a. m.;202330 Pre- Mat Fundamentales;Álgebra universitaria con trigonometría;4/07/2023 9:04:02 a. m.;320;61;1,033333333;36;143;101;143;17,26666667;74;3,99793987;17,26666667;Ciencia de Datos;División de Ciencias Básicas;MATEMATICAS FUNDAMENTALES;MAT4190;3 Gráficos y funciones;65;1 Repaso de álgebra y geometría;2,8;479;2 Avance entre [ 55 - 80 temas];No alcanzo meta;3,4
202330;N;480;N;21/07/2023 2:24:28 p. m.;202330 Pre- Mat Fundamentales;Álgebra universitaria con trigonometría;21/07/2023 2:31:15 p. m.;392;76;1,6;84;143;143;143;12,28333333;59;4,800650936;12,28333333;Ciencia de Datos;División de Ciencias Básicas;MATEMATICAS FUNDAMENTALES;MAT4190;5 Funciones trigonométricas;59;1 Repaso de álgebra y geometría;5;480;2 Avance entre [ 55 - 80 temas];Cumplimiento meta;4,9
202330;N;481;N;21/07/2023 2:09:16 p. m.;202330 Pre- Mat Fundamentales;Álgebra universitaria con trigonometría;21/07/2023 2:11:59 p. m.;376;77;0,4;19;143;85;143;12,61666667;63;4,516739671;12,61666667;Ciencia de Datos;División de Ciencias Básicas;MATEMATICAS FUNDAMENTALES;MAT4190;2 Ecuaciones y desigualdades;66;1 Repaso de álgebra y geometría;4,1;481;2 Avance entre [ 55 - 80 temas];No alcanzo meta;4,2
202330;N;482;N;21/07/2023 8:43:19 a. m.;202330 Pre- Mat Fundamentales;Álgebra universitaria con trigonometría;21/07/2023 8:46:44 a. m.;377;83;1,666666667;42;143;68;143;6,033333333;27;4,314159292;6,033333333;Matemáticas;División de Ciencias Básicas;MATEMATICAS FUNDAMENTALES;MAT4190;1 Repaso de Álgebra y Geometría;26;1 Repaso de álgebra y geometría;3,4;482;1 Avance entre [ 25 - 55 temas];No alcanzo meta;3,4
202330;N;483;N;14/07/2023 8:21:29 a. m.;202330 Pre- Mat Fundamentales;Álgebra universitaria con trigonometría;14/07/2023 8:26:44 a. m.;361;69;0,883333333;60;143;110;143;12,93333333;53;4,10022779;12,93333333;Ciencia de Datos;División de Ciencias Básicas;MATEMATICAS FUNDAMENTALES;MAT4190;3 Gráficos y funciones;50;1 Repaso de álgebra y geometría;4,8;483;1 Avance entre [ 25 - 55 temas];No alcanzo meta;4,5
202410;N;484;N;15/01/2024 9:15:11 a. m.;202410 Mat. Fundamentales;Álgebra universitaria con trigonometría;15/01/2024 9:18:23 a. m.;353;65;1,833333333;83;143;142;143;13,41666667;53;3,800848773;13,41666667;Ciencia de Datos;División de Ciencias Básicas;MATEMATICAS FUNDAMENTALES;MAT4190;5 Funciones trigonométricas;59;1 Repaso de álgebra y geometría;2,5;484;2 Avance entre [ 55 - 80 temas];Cumplimiento meta;3,1
202410;N;485;N;17/01/2024 10:27:19 a. m.;202410 Mat. Fundamentales;Álgebra universitaria con trigonometría;17/01/2024 10:29:15 a. m.;388;77;0,516666667;22;143;65;143;10,45;41;3,921777022;10,45;Ciencia de Datos;División de Ciencias Básicas;MATEMATICAS FUNDAMENTALES;MAT4190;1 Repaso de Álgebra y Geometría;43;1 Repaso de álgebra y geometría;3,9;485;1 Avance entre [ 25 - 55 temas];No alcanzo meta;3,5
202410;N;486;N;19/01/2024 9:25:18 a. m.;202410 Mat. Fundamentales;Álgebra universitaria con trigonometría;19/01/2024 9:30:18 a. m.;379;75;1,383333333;43;143;43;143;1,933333333;0;0;1,933333333;Ciencia de Datos;División de Ciencias Básicas;MATEMATICAS FUNDAMENTALES;MAT4190;1 Repaso de Álgebra y Geometría;0;1 Repaso de álgebra y geometría;3,8;486;0 Avance menor a 25 temas;No alcanzo meta;3,8
202410;N;487;N;15/01/2024 9:02:17 a. m.;202410 Mat. Fundamentales;Álgebra universitaria con trigonometría;15/01/2024 9:07:21 a. m.;318;63;0,95;13;143;71;143;15,66666667;59;3,576180086;15,66666667;Ciencia de Datos;División de Ciencias Básicas;MATEMATICAS FUNDAMENTALES;MAT4190;1 Repaso de Álgebra y Geometría;58;1 Repaso de álgebra y geometría;3;487;2 Avance entre [ 55 - 80 temas];No alcanzo meta;3,6
202410;N;484;N;16/01/2024 8:39:41 a. m.;202410 Mat. Fundamentales;Álgebra universitaria con trigonometría;16/01/2024 8:44:15 a. m.;353;65;2,116666667;73;143;107;143;11,03333333;37;3,173803526;11,03333333;Ciencia de Datos;División de Ciencias Básicas;MATEMATICAS FUNDAMENTALES;MAT4190;3 Gráficos y funciones;34;1 Repaso de álgebra y geometría;2,5;484;1 Avance entre [ 25 - 55 temas];No alcanzo meta;3,1
202410;N;488;N;19/01/2024 8:37:07 a. m.;202410 Mat. Fundamentales;Álgebra universitaria con trigonometría;19/01/2024 8:41:11 a. m.;384;79;1,433333333;102;143;143;143;11,38333333;42;3,600439078;11,38333333;Ciencia de Datos;División de Ciencias Básicas;MATEMATICAS FUNDAMENTALES;MAT4190;5 Funciones trigonométricas;41;3 Gráficos y funciones;4,6;488;1 Avance entre [ 25 - 55 temas];Cumplimiento meta;4,4
202410;N;489;N;15/01/2024 9:18:23 a. m.;202410 Mat. Fundamentales;Álgebra universitaria con trigonometría;15/01/2024 9:27:36 a. m.;297;63;1,2;87;143;88;143;2,416666667;1;0,414555504;2,416666667;Ciencia de Datos;División de Ciencias Básicas;MATEMATICAS FUNDAMENTALES;MAT4190;2 Ecuaciones y desigualdades;1;2 Ecuaciones y desigualdades;2;489;0 Avance menor a 25 temas;No alcanzo meta;1,5
202410;N;490;N;15/01/2024 9:14:26 a. m.;202410 Mat. Fundamentales;Álgebra universitaria con trigonometría;15/01/2024 9:17:49 a. m.;297;100;1,6;34;143;47;143;14,13333333;17;0,919919802;14,13333333;Ciencia de Datos;División de Ciencias Básicas;MATEMATICAS FUNDAMENTALES;MAT4190;1 Repaso de Álgebra y Geometría;13;1 Repaso de álgebra y geometría;1,5;490;0 Avance menor a 25 temas;No alcanzo meta;3
202410;N;491;N;15/01/2024 9:01:58 a. m.;202410 Mat. Fundamentales;Álgebra universitaria con trigonometría;15/01/2024 9:05:11 a. m.;348;74;1,116666667;36;143;135;143;23,41666667;96;3,885752242;23,41666667;Ciencia de Datos;División de Ciencias Básicas;MATEMATICAS FUNDAMENTALES;MAT4190;4 Funciones polinómicas y racionales;99;1 Repaso de álgebra y geometría;3,2;491;3 Avance superior a 80 temas;No alcanzo meta;4,2
202410;N;492;N;16/01/2024 8:57:48 a. m.;202410 Mat. Fundamentales;Álgebra universitaria con trigonometría;16/01/2024 9:01:18 a. m.;355;71;1,566666667;33;143;59;143;5,816666667;29;4,464796795;5,816666667;Ciencia de Datos;División de Ciencias Básicas;MATEMATICAS FUNDAMENTALES;MAT4190;1 Repaso de Álgebra y Geometría;26;1 Repaso de álgebra y geometría;2,5;492;1 Avance entre [ 25 - 55 temas];No alcanzo meta;3,5
202410;N;493;N;15/01/2024 9:04:58 a. m.;202410 Mat. Fundamentales;Álgebra universitaria con trigonometría;15/01/2024 9:11:36 a. m.;372;71;0,933333333;39;143;121;143;11,38333333;81;6,937600624;11,38333333;Matemáticas;División de Ciencias Básicas;MATEMATICAS FUNDAMENTALES;MAT4190;3 Gráficos y funciones;82;1 Repaso de álgebra y geometría;3,4;493;3 Avance superior a 80 temas;No alcanzo meta;3,7
202410;N;494;N;15/01/2024 9:11:29 a. m.;202410 Mat. Fundamentales;Álgebra universitaria con trigonometría;15/01/2024 9:21:22 a. m.;396;74;1,316666667;25;143;74;143;15,21666667;46;3,021511851;15,21666667;Matemáticas;División de Ciencias Básicas;MATEMATICAS FUNDAMENTALES;MAT4190;1 Repaso de Álgebra y Geometría;49;1 Repaso de álgebra y geometría;3;494;1 Avance entre [ 25 - 55 temas];No alcanzo meta;3,7
202410;N;495;N;15/01/2024 9:04:28 a. m.;202410 Mat. Fundamentales;Álgebra universitaria con trigonometría;15/01/2024 9:10:41 a. m.;358;68;1,5;104;143;141;143;12,43333333;48;3,456823206;12,43333333;Ciencia de Datos;División de Ciencias Básicas;MATEMATICAS FUNDAMENTALES;MAT4190;5 Funciones trigonométricas;37;3 Gráficos y funciones;3,9;495;1 Avance entre [ 25 - 55 temas];Cumplimiento meta;3,9
202410;N;496;N;15/01/2024 9:09:39 a. m.;202410 Mat. Fundamentales;Álgebra universitaria con trigonometría;15/01/2024 9:11:58 a. m.;372;79;1,183333333;27;143;101;143;27,33333333;86;2,816815535;27,33333333;Ciencia de Datos;División de Ciencias Básicas;MATEMATICAS FUNDAMENTALES;MAT4190;3 Gráficos y funciones;74;1 Repaso de álgebra y geometría;2,5;496;2 Avance entre [ 55 - 80 temas];No alcanzo meta;3,6
202430;N;497;N;8/07/2024 9:39:30 a. m.;202430 Pre-Mat Fundamentales;Álgebra universitaria con trigonometría;8/07/2024 10:07:06 a. m.;389;81;0,4;138;143;143;143;1,85;5;2,706359946;1,85;Matemáticas;División de Ciencias Básicas;MATEMATICAS FUNDAMENTALES;MAT4190;5 Funciones trigonométricas;5;4 Funciones polinómicas y racionales;4,3;497;0 Avance menor a 25 temas;Cumplimiento meta;4,7
202430;N;498;N;8/07/2024 10:05:48 a. m.;202430 Pre-Mat Fundamentales;Álgebra universitaria con trigonometría;8/07/2024 10:09:23 a. m.;363;68;0,866666667;51;143;143;143;22,18333333;91;4,103720406;22,18333333;Ciencia de Datos;División de Ciencias Básicas;MATEMATICAS FUNDAMENTALES;MAT4190;5 Funciones trigonométricas;92;1 Repaso de álgebra y geometría;4,1;498;3 Avance superior a 80 temas;Cumplimiento meta;4,5
202430;N;499;N;8/07/2024 9:38:32 a. m.;202430 Pre-Mat Fundamentales;Álgebra universitaria con trigonometría;8/07/2024 10:08:34 a. m.;394;81;0,9;66;143;143;143;12,55;75;5,736416953;12,55;Ciencia de Datos;División de Ciencias Básicas;MATEMATICAS FUNDAMENTALES;MAT4190;5 Funciones trigonométricas;77;1 Repaso de álgebra y geometría;4,8;499;2 Avance entre [ 55 - 80 temas];Cumplimiento meta;4,3
202430;N;500;N;8/07/2024 10:04:27 a. m.;202430 Pre-Mat Fundamentales;Álgebra universitaria con trigonometría;8/07/2024 10:11:03 a. m.;353;67;0,533333333;14;143;91;143;34,41666667;90;2,26683781;34,41666667;Ciencia de Datos;División de Ciencias Básicas;MATEMATICAS FUNDAMENTALES;MAT4190;3 Gráficos y funciones;77;1 Repaso de álgebra y geometría;3,1;500;2 Avance entre [ 55 - 80 temas];No alcanzo meta;2,5
202430;N;501;N;8/07/2024 10:04:33 a. m.;202430 Pre-Mat Fundamentales;Álgebra universitaria con trigonometría;8/07/2024 10:12:09 a. m.;291;64;0,283333333;2;143;68;143;71,3;61;0,729395171;71,3;Ciencia de Datos;División de Ciencias Básicas;MATEMATICAS FUNDAMENTALES;MAT4190;1 Repaso de Álgebra y Geometría;66;1 Repaso de álgebra y geometría;;501;2 Avance entre [ 55 - 80 temas];No alcanzo meta;1,5
202430;N;502;N;8/07/2024 9:36:35 a. m.;202430 Pre-Mat Fundamentales;Álgebra universitaria con trigonometría;8/07/2024 10:09:28 a. m.;368;72;0,916666667;22;143;143;143;38,8;129;3,195876289;38,8;Ciencia de Datos;División de Ciencias Básicas;MATEMATICAS FUNDAMENTALES;MAT4190;5 Funciones trigonométricas;121;1 Repaso de álgebra y geometría;3,8;502;3 Avance superior a 80 temas;Cumplimiento meta;3,2
202430;N;503;N;9/07/2024 9:28:11 a. m.;202430 Pre-Mat Fundamentales;Álgebra universitaria con trigonometría;9/07/2024 9:32:48 a. m.;358;70;0,483333333;29;143;143;143;27,73333333;126;4,073784774;27,73333333;Ciencia de Datos;División de Ciencias Básicas;MATEMATICAS FUNDAMENTALES;MAT4190;5 Funciones trigonométricas;114;1 Repaso de álgebra y geometría;3,9;503;3 Avance superior a 80 temas;Cumplimiento meta;3,8
202430;N;504;N;8/07/2024 10:04:39 a. m.;202430 Pre-Mat Fundamentales;Álgebra universitaria con trigonometría;8/07/2024 10:09:17 a. m.;331;61;0,616666667;37;143;122;143;25,78333333;108;3,879644797;25,78333333;Ciencia de Datos;División de Ciencias Básicas;MATEMATICAS FUNDAMENTALES;MAT4190;3 Gráficos y funciones;85;1 Repaso de álgebra y geometría;3;504;3 Avance superior a 80 temas;No alcanzo meta;2,4
202430;N;505;N;23/07/2024 8:13:05 a. m.;202430 Pre-Mat Fundamentales;Álgebra universitaria con trigonometría;23/07/2024 8:20:43 a. m.;314;65;0,85;8;143;26;143;8,483333333;23;2,123267473;8,483333333;Ciencia de Datos;División de Ciencias Básicas;MATEMATICAS FUNDAMENTALES;MAT4190;1 Repaso de Álgebra y Geometría;18;1 Repaso de álgebra y geometría;3,4;505;0 Avance menor a 25 temas;No alcanzo meta;2,7
202430;N;506;N;15/07/2024 8:12:11 a. m.;202430 Pre-Mat Fundamentales;Álgebra universitaria con trigonometría;15/07/2024 8:15:25 a. m.;371;72;1,6;32;143;79;143;14,43333333;53;3,466004275;14,43333333;Ciencia de Datos;División de Ciencias Básicas;MATEMATICAS FUNDAMENTALES;MAT4190;1 Repaso de Álgebra y Geometría;47;1 Repaso de álgebra y geometría;2,6;506;1 Avance entre [ 25 - 55 temas];No alcanzo meta;3,3
202510;N;507;N;13/01/2025 2:37:48 p. m.;202510 Pre Álgebra y trigonometria Arquietctura;Álgebra universitaria con trigonometría;13/01/2025 2:46:20 p. m.;287;62;1,466666667;24;70;34;70;10,36666667;13;0,964242668;10,36666667;Arquitectura;Escuela Arquitectura Urb y Dis;ALGEBRA Y TRIGONOMETRIA;MAT1011;3 Plano de coordenadas, distancia y punto medio;10;2 Ecuaciones racionales que se reducen a lineales;3,8;507;0 Avance menor a 15 temas;No alcanzo meta;4,1
202510;N;508;N;13/01/2025 2:41:11 p. m.;202510 Pre Álgebra y trigonometria Arquietctura;Álgebra universitaria con trigonometría;13/01/2025 2:43:35 p. m.;334;67;0,9;9;70;25;70;9,633333333;19;1,661426635;9,633333333;Arquitectura;Escuela Arquitectura Urb y Dis;ALGEBRA Y TRIGONOMETRIA;MAT1011;2 Ecuaciones racionales que se reducen a lineales;16;1 Geometría;4,1;508;1 Avance entre [ 15 - 23 temas];No alcanzo meta;4,4
202510;N;509;N;13/01/2025 2:41:30 p. m.;202510 Pre Álgebra y trigonometria Arquietctura;Álgebra universitaria con trigonometría;13/01/2025 2:42:59 p. m.;326;74;0,35;2;70;6;70;4,75;5;0,841416384;4,75;Arquitectura;Escuela Arquitectura Urb y Dis;ALGEBRA Y TRIGONOMETRIA;MAT1011;1 Geometría;4;1 Geometría;4,3;509;0 Avance menor a 15 temas;No alcanzo meta;3,4
202510;N;510;N;13/01/2025 2:36:28 p. m.;202510 Pre Álgebra y trigonometria Arquietctura;Álgebra universitaria con trigonometría;13/01/2025 2:39:23 p. m.;278;59;0,366666667;3;70;25;70;9,2;26;2,283987915;9,2;Arquitectura;Escuela Arquitectura Urb y Dis;ALGEBRA Y TRIGONOMETRIA;MAT1011;2 Ecuaciones racionales que se reducen a lineales;22;1 Geometría;3,4;510;1 Avance entre [ 15 - 23 temas];No alcanzo meta;3,3
202510;N;511;N;13/01/2025 2:42:44 p. m.;202510 Pre Álgebra y trigonometria Arquietctura;Álgebra universitaria con trigonometría;13/01/2025 2:44:26 p. m.;336;69;0,366666667;2;70;32;70;19,78333333;39;1,768818261;19,78333333;Arquitectura;Escuela Arquitectura Urb y Dis;ALGEBRA Y TRIGONOMETRIA;MAT1011;3 Plano de coordenadas, distancia y punto medio;30;1 Geometría;4,1;511;3 Avance superior a 29 temas;No alcanzo meta;4,3
202510;N;512;N;13/01/2025 2:41:02 p. m.;202510 Pre Álgebra y trigonometria Arquietctura;Álgebra universitaria con trigonometría;13/01/2025 2:43:51 p. m.;377;76;1,233333333;11;70;29;70;9,25;22;1,947290922;9,25;Arquitectura;Escuela Arquitectura Urb y Dis;ALGEBRA Y TRIGONOMETRIA;MAT1011;3 Plano de coordenadas, distancia y punto medio;18;1 Geometría;4,2;512;1 Avance entre [ 15 - 23 temas];No alcanzo meta;4,4
202510;N;513;N;13/01/2025 2:41:19 p. m.;202510 Pre Álgebra y trigonometria Arquietctura;Álgebra universitaria con trigonometría;13/01/2025 2:44:29 p. m.;402;75;1,766666667;32;70;63;70;16,06666667;34;1,930194749;16,06666667;Arquitectura;Escuela Arquitectura Urb y Dis;ALGEBRA Y TRIGONOMETRIA;MAT1011;4 Pendientes y ecuaciones de rectas;31;3 Plano de coordenadas, distancia y punto medio;5;513;3 Avance superior a 29 temas;Cumplimiento meta;5
202510;N;514;N;13/01/2025 2:39:58 p. m.;202510 Pre Álgebra y trigonometria Arquietctura;Álgebra universitaria con trigonometría;13/01/2025 2:41:21 p. m.;269;68;1,416666667;6;70;29;70;15,41666667;30;1,491623131;15,41666667;Arquitectura;Escuela Arquitectura Urb y Dis;ALGEBRA Y TRIGONOMETRIA;MAT1011;3 Plano de coordenadas, distancia y punto medio;23;1 Geometría;4,1;514;2 Avance entre [ 23 - 29 temas];No alcanzo meta;3,8
202510;N;515;N;13/01/2025 2:38:52 p. m.;202510 Pre Álgebra y trigonometria Arquietctura;Álgebra universitaria con trigonometría;13/01/2025 2:39:36 p. m.;323;64;1,083333333;26;70;36;70;3,233333333;13;3,085097266;3,233333333;Arquitectura;Escuela Arquitectura Urb y Dis;ALGEBRA Y TRIGONOMETRIA;MAT1011;4 Pendientes y ecuaciones de rectas;10;3 Plano de coordenadas, distancia y punto medio;2,7;515;0 Avance menor a 15 temas;Cumplimiento meta;3,9
202510;N;516;N;13/01/2025 2:42:42 p. m.;202510 Pre Álgebra y trigonometria Arquietctura;Álgebra universitaria con trigonometría;13/01/2025 2:43:54 p. m.;332;70;0,433333333;2;70;30;70;11,33333333;30;2,469135802;11,33333333;Arquitectura;Escuela Arquitectura Urb y Dis;ALGEBRA Y TRIGONOMETRIA;MAT1011;3 Plano de coordenadas, distancia y punto medio;28;1 Geometría;3,6;516;2 Avance entre [ 23 - 29 temas];No alcanzo meta;3,5
202510;N;517;N;16/01/2025 2:10:59 p. m.;202510 Pre Álgebra y trigonometria Arquietctura;Álgebra universitaria con trigonometría;16/01/2025 2:11:39 p. m.;362;73;0,933333333;11;70;21;70;2,316666667;11;4,304160689;2,316666667;Arquitectura;Escuela Arquitectura Urb y Dis;ALGEBRA Y TRIGONOMETRIA;MAT1011;1 Geometría;10;1 Geometría;5;517;0 Avance menor a 15 temas;No alcanzo meta;4,6
202510;N;518;N;13/01/2025 2:37:17 p. m.;202510 Pre Álgebra y trigonometria Arquietctura;Álgebra universitaria con trigonometría;13/01/2025 2:44:35 p. m.;270;58;1,033333333;6;70;24;70;10,01666667;20;1,797802686;10,01666667;Arquitectura;Escuela Arquitectura Urb y Dis;ALGEBRA Y TRIGONOMETRIA;MAT1011;2 Ecuaciones racionales que se reducen a lineales;18;1 Geometría;2,9;518;1 Avance entre [ 15 - 23 temas];No alcanzo meta;3,2
202510;N;519;N;13/01/2025 2:40:35 p. m.;202510 Pre Álgebra y trigonometria Arquietctura;Álgebra universitaria con trigonometría;13/01/2025 2:42:23 p. m.;356;75;0,866666667;5;70;34;70;25,48333333;42;1,295161677;25,48333333;Arquitectura;Escuela Arquitectura Urb y Dis;ALGEBRA Y TRIGONOMETRIA;MAT1011;3 Plano de coordenadas, distancia y punto medio;29;1 Geometría;5;519;3 Avance superior a 29 temas;No alcanzo meta;3,9
202510;N;520;N;13/01/2025 2:39:02 p. m.;202510 Pre Álgebra y trigonometria Arquietctura;Álgebra universitaria con trigonometría;13/01/2025 2:41:09 p. m.;262;60;0,8;6;70;31;70;11,76666667;30;2,124144442;11,76666667;Arquitectura;Escuela Arquitectura Urb y Dis;ALGEBRA Y TRIGONOMETRIA;MAT1011;3 Plano de coordenadas, distancia y punto medio;25;1 Geometría;4,4;520;2 Avance entre [ 23 - 29 temas];No alcanzo meta;3,1
202510;N;521;N;13/01/2025 2:38:59 p. m.;202510 Pre Álgebra y trigonometria Arquietctura;Álgebra universitaria con trigonometría;13/01/2025 2:40:46 p. m.;361;71;0,8;21;70;31;70;3,383333333;13;2,962962963;3,383333333;Arquitectura;Escuela Arquitectura Urb y Dis;ALGEBRA Y TRIGONOMETRIA;MAT1011;3 Plano de coordenadas, distancia y punto medio;10;1 Geometría;5;521;0 Avance menor a 15 temas;No alcanzo meta;5
202530;N;522;N;21/07/2025 8:33:09 a. m.;202530 Pre Álgebra y trigonometría Arquitectura;Álgebra universitaria con trigonometría;21/07/2025 8:36:33 a. m.;322;72;0,266666667;4;70;11;70;6,216666667;9;1,125502456;6,216666667;Arquitectura;Escuela Arquitectura Urb y Dis;ALGEBRA Y TRIGONOMETRIA;MAT1011;1 Geometría;7;1 Geometría;4,3;522;0 Avance menor a 15 temas;No alcanzo meta;4,5
202530;N;523;N;14/07/2025 8:44:19 a. m.;202530 Pre Álgebra y trigonometría Arquitectura;Álgebra universitaria con trigonometría;14/07/2025 8:48:30 a. m.;308;60;1,366666667;8;70;28;70;16,01666667;24;1,248634306;16,01666667;Arquitectura;Escuela Arquitectura Urb y Dis;ALGEBRA Y TRIGONOMETRIA;MAT1011;3 Plano de coordenadas, distancia y punto medio;20;1 Geometría;5;523;1 Avance entre [ 15 - 23 temas];No alcanzo meta;4,5
202530;N;524;N;14/07/2025 8:44:03 a. m.;202530 Pre Álgebra y trigonometría Arquitectura;Álgebra universitaria con trigonometría;14/07/2025 8:47:54 a. m.;361;72;1,416666667;17;70;41;70;12,56666667;22;1,591899003;12,56666667;Arquitectura;Escuela Arquitectura Urb y Dis;ALGEBRA Y TRIGONOMETRIA;MAT1011;4 Pendientes y ecuaciones de rectas;24;1 Geometría;4,3;524;2 Avance entre [ 23 - 29 temas];Cumplimiento meta;4,8
202530;N;525;N;14/07/2025 8:45:45 a. m.;202530 Pre Álgebra y trigonometría Arquitectura;Álgebra universitaria con trigonometría;14/07/2025 8:49:07 a. m.;330;65;0,566666667;8;70;24;70;5,2;17;3,079719831;5,2;Arquitectura;Escuela Arquitectura Urb y Dis;ALGEBRA Y TRIGONOMETRIA;MAT1011;2 Ecuaciones racionales que se reducen a lineales;16;1 Geometría;5;525;1 Avance entre [ 15 - 23 temas];No alcanzo meta;4,7
202530;N;526;N;14/07/2025 8:41:25 a. m.;202530 Pre Álgebra y trigonometría Arquitectura;Álgebra universitaria con trigonometría;14/07/2025 8:45:45 a. m.;322;60;0,266666667;2;70;49;70;17,4;56;2,700588958;17,4;Arquitectura;Escuela Arquitectura Urb y Dis;ALGEBRA Y TRIGONOMETRIA;MAT1011;4 Pendientes y ecuaciones de rectas;47;1 Geometría;4,7;526;3 Avance superior a 29 temas;Cumplimiento meta;4,3
202530;N;527;N;16/07/2025 8:54:40 a. m.;202530 Pre Álgebra y trigonometría Arquitectura;Álgebra universitaria con trigonometría;16/07/2025 8:57:54 a. m.;282;56;1,733333333;25;70;35;70;4,416666667;10;2,265861027;4,416666667;Arquitectura;Escuela Arquitectura Urb y Dis;ALGEBRA Y TRIGONOMETRIA;MAT1011;4 Pendientes y ecuaciones de rectas;10;2 Ecuaciones racionales que se reducen a lineales;5;527;0 Avance menor a 15 temas;Cumplimiento meta;5
202530;N;528;N;14/07/2025 8:44:33 a. m.;202530 Pre Álgebra y trigonometría Arquitectura;Álgebra universitaria con trigonometría;14/07/2025 8:47:59 a. m.;361;71;0,983333333;43;70;70;70;12,26666667;31;2,444268417;12,26666667;Arquitectura;Escuela Arquitectura Urb y Dis;ALGEBRA Y TRIGONOMETRIA;MAT1011;4 Pendientes y ecuaciones de rectas;27;4 Pendientes y ecuaciones de rectas;5;528;2 Avance entre [ 23 - 29 temas];Cumplimiento meta;4,7
202530;N;529;N;14/07/2025 8:44:39 a. m.;202530 Pre Álgebra y trigonometría Arquitectura;Álgebra universitaria con trigonometría;14/07/2025 8:47:47 a. m.;330;74;0,316666667;3;70;34;70;8,016666667;35;3,868552413;8,016666667;Arquitectura;Escuela Arquitectura Urb y Dis;ALGEBRA Y TRIGONOMETRIA;MAT1011;3 Plano de coordenadas, distancia y punto medio;31;1 Geometría;5;529;3 Avance superior a 29 temas;No alcanzo meta;4,8
202530;N;530;N;14/07/2025 8:41:19 a. m.;202530 Pre Álgebra y trigonometría Arquitectura;Álgebra universitaria con trigonometría;14/07/2025 8:45:48 a. m.;306;58;0,466666667;5;70;25;70;12,35;29;2,187612532;12,35;Arquitectura;Escuela Arquitectura Urb y Dis;ALGEBRA Y TRIGONOMETRIA;MAT1011;2 Ecuaciones racionales que se reducen a lineales;20;1 Geometría;5;530;1 Avance entre [ 15 - 23 temas];No alcanzo meta;4,8
202310;N;531;N;13/01/2023 8:55:38 a. m.;202310 Pre-Cálculo ANEC Uninorte;Precálculo;13/01/2023 9:00:39 a. m.;380;66;0,65;4;79;27;79;9,85;25;2,336738726;9,85;Negocios Internacionales;Escuela de Negocios;CALCULO I (ANEC);MAT1100;2 Ecuaciones y desigualdades;23;1 Repaso de álgebra y geometría;4,6;531;1 Avance entre [ 18 - 37 temas];No alcanzo meta;4,2
202310;N;532;N;13/01/2023 9:16:55 a. m.;202310 Pre-Cálculo ANEC Uninorte;Precálculo;13/01/2023 9:23:54 a. m.;286;63;1,2;8;79;12;79;2,983333333;4;1,340782123;2,983333333;Negocios Internacionales;Escuela de Negocios;CALCULO I (ANEC);MAT1100;2 Ecuaciones y desigualdades;4;1 Repaso de álgebra y geometría;4,2;532;0 Avance menor a 18 temas;No alcanzo meta;3,6
202310;N;533;N;13/01/2023 8:59:04 a. m.;202310 Pre-Cálculo ANEC Uninorte;Precálculo;13/01/2023 9:04:16 a. m.;297;65;0,75;3;79;15;79;14,11666667;12;0,849657777;14,11666667;Administración de Empresas;Escuela de Negocios;CALCULO I (ANEC);MAT1100;2 Ecuaciones y desigualdades;12;1 Repaso de álgebra y geometría;4,7;533;0 Avance menor a 18 temas;No alcanzo meta;4,7
202310;N;534;N;20/01/2023 1:50:19 p. m.;202310 Pre-Cálculo ANEC Uninorte;Precálculo;20/01/2023 1:56:53 p. m.;388;73;0,366666667;3;79;20;79;12,03333333;19;1,49677777;12,03333333;Negocios Internacionales;Escuela de Negocios;CALCULO I (ANEC);MAT1100;2 Ecuaciones y desigualdades;17;1 Repaso de álgebra y geometría;4,1;534;0 Avance menor a 18 temas;No alcanzo meta;4,3
202310;N;535;N;13/01/2023 9:02:25 a. m.;202310 Pre-Cálculo ANEC Uninorte;Precálculo;13/01/2023 9:07:20 a. m.;327;64;0,716666667;10;79;30;79;15,76666667;20;1,141407736;15,76666667;Contaduría Pública;Escuela de Negocios;CALCULO I (ANEC);MAT1100;2 Ecuaciones y desigualdades;20;1 Repaso de álgebra y geometría;4,7;535;1 Avance entre [ 18 - 37 temas];No alcanzo meta;4,3
202310;N;536;N;13/01/2023 8:55:30 a. m.;202310 Pre-Cálculo ANEC Uninorte;Precálculo;13/01/2023 8:59:50 a. m.;362;75;0,733333333;5;79;31;79;13,95;29;1,863131494;13,95;Economía;Div Humanidades, Artes y Cs. S;CALCULO I (ANEC);MAT1100;3 Temas Parcial 1 Cálculo I;26;1 Repaso de álgebra y geometría;4,7;536;1 Avance entre [ 18 - 37 temas];Cumplimiento meta;4,9
202310;N;537;N;13/01/2023 8:55:27 a. m.;202310 Pre-Cálculo ANEC Uninorte;Precálculo;13/01/2023 8:59:24 a. m.;422;79;1,683333333;47;79;63;79;7,366666667;16;2,171127026;7,366666667;Negocios Internacionales;Escuela de Negocios;CALCULO I (ANEC);MAT1100;4 Temas Parcial 2 Cálculo I;16;3 Temas Parcial 1 Cálculo I;5;537;0 Avance menor a 18 temas;Cumplimiento meta;5
202310;N;538;N;14/01/2023 9:01:11 a. m.;202310 Pre-Cálculo ANEC Uninorte;Precálculo;14/01/2023 9:07:48 a. m.;340;64;1,883333333;5;79;5;79;2,55;0;0;2,55;Negocios Internacionales;Escuela de Negocios;CALCULO I (ANEC);MAT1100;1 Repaso de Álgebra y Geometría;0;1 Repaso de álgebra y geometría;;538;0 Avance menor a 18 temas;No alcanzo meta;1,5
202310;N;539;N;13/01/2023 8:57:08 a. m.;202310 Pre-Cálculo ANEC Uninorte;Precálculo;13/01/2023 9:00:44 a. m.;287;73;0,3;3;79;10;79;5,816666667;8;1,204070906;5,816666667;Administración de Empresas;Escuela de Negocios;CALCULO I (ANEC);MAT1100;1 Repaso de Álgebra y Geometría;7;1 Repaso de álgebra y geometría;2,3;539;0 Avance menor a 18 temas;No alcanzo meta;2,7
202310;N;540;N;13/01/2023 9:18:05 a. m.;202310 Pre-Cálculo ANEC Uninorte;Precálculo;13/01/2023 9:24:10 a. m.;336;67;0,583333333;3;79;10;79;4,883333333;7;1,431574163;4,883333333;Negocios Internacionales;Escuela de Negocios;CALCULO I (ANEC);MAT1100;1 Repaso de Álgebra y Geometría;7;1 Repaso de álgebra y geometría;3,8;540;0 Avance menor a 18 temas;No alcanzo meta;3,2
202310;N;541;N;13/01/2023 9:18:14 a. m.;202310 Pre-Cálculo ANEC Uninorte;Precálculo;13/01/2023 9:24:32 a. m.;359;78;0,583333333;6;79;10;79;5,183333333;4;0,771786901;5,183333333;Negocios Internacionales;Escuela de Negocios;CALCULO I (ANEC);MAT1100;1 Repaso de Álgebra y Geometría;4;1 Repaso de álgebra y geometría;4,6;541;0 Avance menor a 18 temas;No alcanzo meta;4,3
202310;N;542;N;13/01/2023 8:55:32 a. m.;202310 Pre-Cálculo ANEC Uninorte;Precálculo;13/01/2023 9:01:35 a. m.;365;76;0,8;4;79;11;79;5,233333333;7;1,335877863;5,233333333;Negocios Internacionales;Escuela de Negocios;CALCULO I (ANEC);MAT1100;2 Ecuaciones y desigualdades;7;1 Repaso de álgebra y geometría;5;542;0 Avance menor a 18 temas;No alcanzo meta;4,8
202310;N;543;N;13/01/2023 9:05:20 a. m.;202310 Pre-Cálculo ANEC Uninorte;Precálculo;13/01/2023 9:09:42 a. m.;350;74;0,933333333;10;79;12;79;3,566666667;2;0,560354891;3,566666667;Contaduría Pública;Escuela de Negocios;CALCULO I (ANEC);MAT1100;2 Ecuaciones y desigualdades;2;1 Repaso de álgebra y geometría;5;543;0 Avance menor a 18 temas;No alcanzo meta;4
202310;N;544;N;13/01/2023 9:21:32 a. m.;202310 Pre-Cálculo ANEC Uninorte;Precálculo;13/01/2023 9:24:33 a. m.;394;76;0,833333333;8;79;12;79;6,05;4;0,661734295;6,05;Negocios Internacionales;Escuela de Negocios;CALCULO I (ANEC);MAT1100;2 Ecuaciones y desigualdades;4;1 Repaso de álgebra y geometría;4,9;544;0 Avance menor a 18 temas;No alcanzo meta;4,9
202310;N;545;N;13/01/2023 8:57:57 a. m.;202310 Pre-Cálculo ANEC Uninorte;Precálculo;13/01/2023 9:03:21 a. m.;320;61;0,966666667;3;79;12;79;7,85;9;1,146294003;7,85;Negocios Internacionales;Escuela de Negocios;CALCULO I (ANEC);MAT1100;2 Ecuaciones y desigualdades;9;1 Repaso de álgebra y geometría;3,5;545;0 Avance menor a 18 temas;No alcanzo meta;3
202310;N;546;N;13/01/2023 8:55:29 a. m.;202310 Pre-Cálculo ANEC Uninorte;Precálculo;13/01/2023 9:01:34 a. m.;337;66;0,533333333;3;79;14;79;6,583333333;13;1,670463174;6,583333333;Negocios Internacionales;Escuela de Negocios;CALCULO I (ANEC);MAT1100;2 Ecuaciones y desigualdades;11;1 Repaso de álgebra y geometría;4;546;0 Avance menor a 18 temas;No alcanzo meta;4,1
202310;N;547;N;16/01/2023 1:59:21 p. m.;202310 Pre-Cálculo ANEC Uninorte;Precálculo;16/01/2023 2:05:39 p. m.;393;74;0,883333333;10;79;17;79;3,483333333;8;2,006369427;3,483333333;Negocios Internacionales;Escuela de Negocios;CALCULO I (ANEC);MAT1100;2 Ecuaciones y desigualdades;7;1 Repaso de álgebra y geometría;4,5;547;0 Avance menor a 18 temas;No alcanzo meta;4,8
202310;N;548;N;13/01/2023 9:01:51 a. m.;202310 Pre-Cálculo ANEC Uninorte;Precálculo;13/01/2023 9:06:34 a. m.;374;80;0,866666667;11;79;17;79;2,85;6;2,106700478;2,85;Administración de Empresas;Escuela de Negocios;CALCULO I (ANEC);MAT1100;2 Ecuaciones y desigualdades;6;2 Ecuaciones y desigualdades;4,8;548;0 Avance menor a 18 temas;No alcanzo meta;4,7
202310;N;549;N;13/01/2023 8:55:35 a. m.;202310 Pre-Cálculo ANEC Uninorte;Precálculo;13/01/2023 8:58:47 a. m.;363;70;1,05;9;79;18;79;6,1;9;1,475477025;6,1;Negocios Internacionales;Escuela de Negocios;CALCULO I (ANEC);MAT1100;2 Ecuaciones y desigualdades;9;1 Repaso de álgebra y geometría;4,9;549;0 Avance menor a 18 temas;No alcanzo meta;4,6
202310;N;550;N;13/01/2023 8:55:29 a. m.;202310 Pre-Cálculo ANEC Uninorte;Precálculo;13/01/2023 9:01:51 a. m.;362;82;1,583333333;12;79;20;79;5,5;8;1,45631068;5,5;Economía;Div Humanidades, Artes y Cs. S;CALCULO I (ANEC);MAT1100;2 Ecuaciones y desigualdades;8;2 Ecuaciones y desigualdades;4,3;550;0 Avance menor a 18 temas;No alcanzo meta;4,6
202310;N;551;N;14/01/2023 9:03:15 a. m.;202310 Pre-Cálculo ANEC Uninorte;Precálculo;14/01/2023 9:07:33 a. m.;305;62;2,8;23;79;23;79;3,016666667;0;0;3,016666667;Administración de Empresas;Escuela de Negocios;CALCULO I (ANEC);MAT1100;2 Ecuaciones y desigualdades;0;2 Ecuaciones y desigualdades;2,7;551;0 Avance menor a 18 temas;No alcanzo meta;3,1
202310;N;552;N;13/01/2023 8:55:46 a. m.;202310 Pre-Cálculo ANEC Uninorte;Precálculo;13/01/2023 9:00:02 a. m.;364;80;0,633333333;22;79;30;79;4,683333333;8;1,708894559;4,683333333;Economía;Div Humanidades, Artes y Cs. S;CALCULO I (ANEC);MAT1100;2 Ecuaciones y desigualdades;8;2 Ecuaciones y desigualdades;4,7;552;0 Avance menor a 18 temas;No alcanzo meta;4,1
202310;N;553;N;13/01/2023 8:58:01 a. m.;202310 Pre-Cálculo ANEC Uninorte;Precálculo;13/01/2023 9:01:13 a. m.;358;74;0,766666667;7;79;35;79;9,6;31;2,916582275;9,6;Negocios Internacionales;Escuela de Negocios;CALCULO I (ANEC);MAT1100;3 Temas Parcial 1 Cálculo I;28;1 Repaso de álgebra y geometría;3,8;553;1 Avance entre [ 18 - 37 temas];Cumplimiento meta;4,5
202310;N;554;N;21/12/2022 11:16:36 a. m.;202310 Pre-Cálculo ANEC Uninorte;Precálculo;21/12/2022 11:19:23 a. m.;333;70;0,45;33;79;35;79;5,483333333;2;0,364908013;6,1;Administración de Empresas;Escuela de Negocios;CALCULO I (ANEC);MAT1100;3 Temas Parcial 1 Cálculo I;2;3 Temas Parcial 1 Cálculo I;4,1;554;0 Avance menor a 18 temas;Cumplimiento meta;3,5
202310;N;555;N;13/01/2023 9:01:08 a. m.;202310 Pre-Cálculo ANEC Uninorte;Precálculo;13/01/2023 9:05:55 a. m.;341;71;1,883333333;61;79;78;79;7,616666667;17;2,230401983;7,616666667;Administración de Empresas;Escuela de Negocios;CALCULO I (ANEC);MAT1100;4 Temas Parcial 2 Cálculo I;17;4 Temas Parcial 2 Cálculo I;4,9;555;0 Avance menor a 18 temas;Cumplimiento meta;4,6
202310;N;556;N;21/12/2022 9:54:14 a. m.;202310 Pre-Cálculo ANEC Uninorte;Precálculo;21/12/2022 9:59:55 a. m.;369;78;0,566666667;6;79;79;79;8,2;14;1,584721658;34,18333333;Negocios Internacionales;Escuela de Negocios;CALCULO I (ANEC);MAT1100;4 Temas Parcial 2 Cálculo I;73;1 Repaso de álgebra y geometría;4,5;556;3 Avance superior a 55 temas;Cumplimiento meta;4,5
202310;N;446;N;17/01/2023 1:55:33 p. m.;202310 Pre-Cálculo ANEC Uninorte;Precálculo;17/01/2023 2:00:02 p. m.;355;74;0,583333333;12;79;15;79;1,183333333;3;2,551381999;1,183333333;Ciencia de Datos;División de Ciencias Básicas;CALCULO I (ANEC);MAT1100;2 Ecuaciones y desigualdades;3;2 Ecuaciones y desigualdades;;446;0 Avance menor a 18 temas;No alcanzo meta;1,5
202330;N;557;N;21/07/2023 8:45:13 a. m.;202330 Pre-Cálculo ANEC;Precálculo;21/07/2023 8:49:12 a. m.;377;72;1,2;16;79;36;79;7,283333333;26;2,745681272;7,283333333;Negocios Internacionales;Escuela de Negocios;CALCULO I (ANEC);MAT1100;3 Temas Parcial 1 Cálculo I;20;2 Ecuaciones y desigualdades;4,9;557;1 Avance entre [ 18 - 37 temas];Cumplimiento meta;4,9
202330;N;558;N;5/07/2023 8:33:00 a. m.;202330 Pre-Cálculo ANEC;Precálculo;5/07/2023 8:36:38 a. m.;350;82;0,65;3;79;40;79;16,56666667;31;1,629833328;16,56666667;Economía;Div Humanidades, Artes y Cs. S;CALCULO I (ANEC);MAT1100;3 Temas Parcial 1 Cálculo I;37;1 Repaso de álgebra y geometría;4,7;558;2 Avance entre [ 37 - 55 temas];Cumplimiento meta;4,6
202330;N;559;N;10/07/2023 9:40:57 a. m.;202330 Pre-Cálculo ANEC;Precálculo;10/07/2023 9:45:42 a. m.;344;71;0,616666667;5;79;8;79;2,866666667;3;1,046410232;2,866666667;Negocios Internacionales;Escuela de Negocios;CALCULO I (ANEC);MAT1100;1 Repaso de Álgebra y Geometría;3;1 Repaso de álgebra y geometría;3,3;559;0 Avance menor a 18 temas;No alcanzo meta;3,2
202330;N;560;N;26/06/2023 9:13:07 a. m.;202330 Pre-Cálculo ANEC;Precálculo;26/06/2023 9:17:01 a. m.;357;72;0,283333333;7;79;73;79;37,8;89;2,116231051;37,8;Negocios Internacionales;Escuela de Negocios;CALCULO I (ANEC);MAT1100;4 Temas Parcial 2 Cálculo I;66;1 Repaso de álgebra y geometría;4,5;560;3 Avance superior a 55 temas;Cumplimiento meta;4,9
202330;N;561;N;10/07/2023 9:39:55 a. m.;202330 Pre-Cálculo ANEC;Precálculo;10/07/2023 9:46:34 a. m.;333;74;0,333333333;3;79;50;79;27,85;51;1,652117524;27,85;Negocios Internacionales;Escuela de Negocios;CALCULO I (ANEC);MAT1100;3 Temas Parcial 1 Cálculo I;47;1 Repaso de álgebra y geometría;5;561;2 Avance entre [ 37 - 55 temas];Cumplimiento meta;5
202330;N;562;N;27/06/2023 9:11:00 a. m.;202330 Pre-Cálculo ANEC;Precálculo;27/06/2023 9:16:55 a. m.;320;68;1,666666667;33;79;55;79;24,46666667;27;0,899009047;24,46666667;Negocios Internacionales;Escuela de Negocios;CALCULO I (ANEC);MAT1100;3 Temas Parcial 1 Cálculo I;22;3 Temas Parcial 1 Cálculo I;3,3;562;1 Avance entre [ 18 - 37 temas];Cumplimiento meta;3,6
202330;N;563;N;10/07/2023 9:40:15 a. m.;202330 Pre-Cálculo ANEC;Precálculo;10/07/2023 9:45:20 a. m.;370;78;0,716666667;9;79;49;79;19,26666667;45;2,076933062;19,26666667;Negocios Internacionales;Escuela de Negocios;CALCULO I (ANEC);MAT1100;3 Temas Parcial 1 Cálculo I;40;1 Repaso de álgebra y geometría;4,8;563;2 Avance entre [ 37 - 55 temas];Cumplimiento meta;5
202330;N;564;N;27/06/2023 9:00:07 a. m.;202330 Pre-Cálculo ANEC;Precálculo;27/06/2023 9:03:10 a. m.;350;71;0,616666667;10;79;30;79;8,916666667;22;2,244109213;8,916666667;Administración de Empresas;Escuela de Negocios;CALCULO I (ANEC);MAT1100;2 Ecuaciones y desigualdades;20;1 Repaso de álgebra y geometría;4,2;564;1 Avance entre [ 18 - 37 temas];No alcanzo meta;3,4
202330;N;565;N;21/07/2023 8:45:14 a. m.;202330 Pre-Cálculo ANEC;Precálculo;21/07/2023 8:49:36 a. m.;318;64;1,266666667;9;79;28;79;21,9;23;0,867425876;21,9;Negocios Internacionales;Escuela de Negocios;CALCULO I (ANEC);MAT1100;2 Ecuaciones y desigualdades;19;1 Repaso de álgebra y geometría;4;565;1 Avance entre [ 18 - 37 temas];No alcanzo meta;4,1
202330;N;566;N;4/07/2023 8:52:24 a. m.;202330 Pre-Cálculo ANEC;Precálculo;4/07/2023 8:58:30 a. m.;365;73;0,533333333;5;79;54;79;19,1;54;2,356775001;19,1;Negocios Internacionales;Escuela de Negocios;CALCULO I (ANEC);MAT1100;3 Temas Parcial 1 Cálculo I;49;1 Repaso de álgebra y geometría;5;566;2 Avance entre [ 37 - 55 temas];Cumplimiento meta;4,9
202330;N;567;N;11/07/2023 10:13:27 a. m.;202330 Pre-Cálculo ANEC;Precálculo;11/07/2023 10:16:50 a. m.;347;71;1,366666667;20;79;20;79;1,416666667;0;0;1,416666667;Negocios Internacionales;Escuela de Negocios;CALCULO I (ANEC);MAT1100;2 Ecuaciones y desigualdades;0;2 Ecuaciones y desigualdades;5;567;0 Avance menor a 18 temas;No alcanzo meta;4,6
202330;N;568;N;21/07/2023 8:45:07 a. m.;202330 Pre-Cálculo ANEC;Precálculo;21/07/2023 8:54:25 a. m.;345;78;0,533333333;8;79;14;79;9,8;7;0,612262252;9,8;Economía;Div Humanidades, Artes y Cs. S;CALCULO I (ANEC);MAT1100;2 Ecuaciones y desigualdades;6;1 Repaso de álgebra y geometría;5;568;0 Avance menor a 18 temas;No alcanzo meta;5
202330;N;569;N;10/07/2023 9:41:31 a. m.;202330 Pre-Cálculo ANEC;Precálculo;10/07/2023 9:44:17 a. m.;343;67;0,8;6;79;48;79;26,48333333;41;1,434623936;26,48333333;Administración de Empresas;Escuela de Negocios;CALCULO I (ANEC);MAT1100;3 Temas Parcial 1 Cálculo I;42;1 Repaso de álgebra y geometría;5;569;2 Avance entre [ 37 - 55 temas];Cumplimiento meta;4,9
202330;N;570;N;10/07/2023 9:39:57 a. m.;202330 Pre-Cálculo ANEC;Precálculo;10/07/2023 9:44:07 a. m.;345;76;1,066666667;6;79;42;79;21,96666667;38;1,456347501;21,96666667;Administración de Empresas;Escuela de Negocios;CALCULO I (ANEC);MAT1100;3 Temas Parcial 1 Cálculo I;36;1 Repaso de álgebra y geometría;5;570;1 Avance entre [ 18 - 37 temas];Cumplimiento meta;4,4
202330;N;571;N;20/07/2023 10:20:35 a. m.;202330 Pre-Cálculo ANEC;Precálculo;20/07/2023 10:35:00 a. m.;331;65;3,95;49;79;49;79;4,266666667;0;0;4,266666667;Economía;Div Humanidades, Artes y Cs. S;CALCULO I (ANEC);MAT1100;3 Temas Parcial 1 Cálculo I;0;3 Temas Parcial 1 Cálculo I;3,9;571;0 Avance menor a 18 temas;Cumplimiento meta;4,5
202330;N;572;N;26/06/2023 9:15:31 a. m.;202330 Pre-Cálculo ANEC;Precálculo;26/06/2023 9:20:47 a. m.;334;74;0,883333333;3;79;9;79;7,533333333;8;0,795755968;7,533333333;Administración de Empresas;Escuela de Negocios;CALCULO I (ANEC);MAT1100;1 Repaso de Álgebra y Geometría;6;1 Repaso de álgebra y geometría;3,9;572;0 Avance menor a 18 temas;No alcanzo meta;3,2
202330;N;573;N;21/07/2023 8:45:17 a. m.;202330 Pre-Cálculo ANEC;Precálculo;21/07/2023 8:50:06 a. m.;374;76;1,633333333;15;79;55;79;14,88333333;40;2,485352838;14,88333333;Negocios Internacionales;Escuela de Negocios;CALCULO I (ANEC);MAT1100;3 Temas Parcial 1 Cálculo I;40;2 Ecuaciones y desigualdades;5;573;2 Avance entre [ 37 - 55 temas];Cumplimiento meta;4,7
202330;N;574;N;10/07/2023 9:39:55 a. m.;202330 Pre-Cálculo ANEC;Precálculo;10/07/2023 9:44:01 a. m.;396;80;0,983333333;7;79;33;79;9,866666667;25;2,230734565;9,866666667;_No Matriculado;_No Matriculado;CALCULO I (ANEC);MAT1100;3 Temas Parcial 1 Cálculo I;26;1 Repaso de álgebra y geometría;;574;1 Avance entre [ 18 - 37 temas];Cumplimiento meta;1,5
202330;N;575;N;10/07/2023 9:40:18 a. m.;202330 Pre-Cálculo ANEC;Precálculo;10/07/2023 9:44:11 a. m.;364;79;0,366666667;3;79;46;79;18,48333333;47;2,38098817;18,48333333;Negocios Internacionales;Escuela de Negocios;CALCULO I (ANEC);MAT1100;3 Temas Parcial 1 Cálculo I;43;1 Repaso de álgebra y geometría;4,5;575;2 Avance entre [ 37 - 55 temas];Cumplimiento meta;4
202330;N;576;N;7/07/2023 8:42:01 a. m.;202330 Pre-Cálculo ANEC;Precálculo;7/07/2023 8:46:15 a. m.;322;67;0,65;6;79;54;79;22,73333333;58;2,110792158;22,73333333;Administración de Empresas;Escuela de Negocios;CALCULO I (ANEC);MAT1100;3 Temas Parcial 1 Cálculo I;48;1 Repaso de álgebra y geometría;4,8;576;2 Avance entre [ 37 - 55 temas];Cumplimiento meta;4,5
202330;N;577;N;21/07/2023 8:54:45 a. m.;202330 Pre-Cálculo ANEC;Precálculo;21/07/2023 8:57:23 a. m.;319;66;0,783333333;6;79;10;79;2,916666667;4;1,368171021;2,916666667;Negocios Internacionales;Escuela de Negocios;CALCULO I (ANEC);MAT1100;1 Repaso de Álgebra y Geometría;4;1 Repaso de álgebra y geometría;5;577;0 Avance menor a 18 temas;No alcanzo meta;4,2
202330;N;578;N;10/07/2023 9:40:12 a. m.;202330 Pre-Cálculo ANEC;Precálculo;10/07/2023 9:45:23 a. m.;368;73;0,35;3;79;31;79;14,86666667;30;1,883936081;14,86666667;Negocios Internacionales;Escuela de Negocios;CALCULO I (ANEC);MAT1100;3 Temas Parcial 1 Cálculo I;28;1 Repaso de álgebra y geometría;4,7;578;1 Avance entre [ 18 - 37 temas];Cumplimiento meta;4,7
202330;N;579;N;21/07/2023 8:43:41 a. m.;202330 Pre-Cálculo ANEC;Precálculo;21/07/2023 8:46:31 a. m.;336;63;0,6;3;79;6;79;2,516666667;3;1,18851106;2,516666667;Administración de Empresas;Escuela de Negocios;CALCULO I (ANEC);MAT1100;1 Repaso de Álgebra y Geometría;3;1 Repaso de álgebra y geometría;4,9;579;0 Avance menor a 18 temas;No alcanzo meta;4,6
202330;N;580;N;27/06/2023 8:32:43 a. m.;202330 Pre-Cálculo ANEC;Precálculo;27/06/2023 8:39:09 a. m.;349;69;0,383333333;6;79;77;79;50,33333333;86;1,609333694;50,33333333;Negocios Internacionales;Escuela de Negocios;CALCULO I (ANEC);MAT1100;4 Temas Parcial 2 Cálculo I;71;1 Repaso de álgebra y geometría;4,8;580;3 Avance superior a 55 temas;Cumplimiento meta;4,9
202330;N;581;N;10/07/2023 9:40:01 a. m.;202330 Pre-Cálculo ANEC;Precálculo;10/07/2023 9:47:06 a. m.;389;79;0,733333333;7;79;75;79;37,51666667;72;1,812823057;37,51666667;Negocios Internacionales;Escuela de Negocios;CALCULO I (ANEC);MAT1100;4 Temas Parcial 2 Cálculo I;68;1 Repaso de álgebra y geometría;5;581;3 Avance superior a 55 temas;Cumplimiento meta;5
202330;N;582;N;10/07/2023 9:40:06 a. m.;202330 Pre-Cálculo ANEC;Precálculo;10/07/2023 9:45:43 a. m.;327;66;0,833333333;8;79;57;79;28,56666667;48;1,5406612;28,56666667;Administración de Empresas;Escuela de Negocios;CALCULO I (ANEC);MAT1100;4 Temas Parcial 2 Cálculo I;49;1 Repaso de álgebra y geometría;4,8;582;2 Avance entre [ 37 - 55 temas];Cumplimiento meta;4,7
202330;N;583;N;10/07/2023 8:26:49 a. m.;202330 Precálculo ING-GEO;Precálculo;10/07/2023 8:33:58 a. m.;323;66;0,816666667;3;79;79;79;58,61666667;85;1,398760448;58,61666667;Ingeniería Sistemas Y Computac;División de Ingenierías;CALCULO I;MAT1101;4 Temas Parcial 2 Cálculo I;76;1 Repaso de álgebra y geometría;4,3;583;3 Avance superior a 60 temas;Cumplimiento meta;3,5
202330;N;584;N;10/07/2023 8:26:57 a. m.;202330 Precálculo ING-GEO;Precálculo;10/07/2023 8:31:43 a. m.;342;68;0,75;6;79;79;79;29,41666667;84;2,583959805;29,41666667;Ingeniería Civil;División de Ingenierías;CALCULO I;MAT1101;4 Temas Parcial 2 Cálculo I;73;1 Repaso de álgebra y geometría;4,1;584;3 Avance superior a 60 temas;Cumplimiento meta;4,5
202330;N;585;N;17/07/2023 8:32:46 a. m.;202330 Precálculo ING-GEO;Precálculo;17/07/2023 8:38:28 a. m.;333;68;0,666666667;8;79;54;79;26,68333333;56;1,986258588;26,68333333;Ingeniería Industrial;División de Ingenierías;CALCULO I;MAT1101;3 Temas Parcial 1 Cálculo I;46;1 Repaso de álgebra y geometría;4,7;585;2 Avance entre [ 40 - 60 temas];Cumplimiento meta;4,9
202330;N;586;N;13/07/2023 8:45:47 a. m.;202330 Precálculo ING-GEO;Precálculo;13/07/2023 8:50:52 a. m.;405;75;1,216666667;12;79;17;79;2,95;6;1,698914582;2,95;Ingeniería Sistemas Y Computac;División de Ingenierías;CALCULO I;MAT1101;2 Ecuaciones y desigualdades;5;2 Ecuaciones y desigualdades;4,5;586;0 Avance menor a 19 temas;No alcanzo meta;3,5
202330;N;587;N;10/07/2023 8:30:59 a. m.;202330 Precálculo ING-GEO;Precálculo;10/07/2023 8:37:26 a. m.;380;75;0,733333333;11;79;57;79;25,81666667;57;1,897896606;25,81666667;Geología;División de Ciencias Básicas;CALCULO I;MAT1101;4 Temas Parcial 2 Cálculo I;46;2 Ecuaciones y desigualdades;3,1;587;2 Avance entre [ 40 - 60 temas];Cumplimiento meta;1,5
202330;N;588;N;21/07/2023 8:44:50 a. m.;202330 Precálculo ING-GEO;Precálculo;21/07/2023 8:48:54 a. m.;380;74;1,166666667;18;79;20;79;6,75;4;0,296393875;6,75;Ingeniería Sistemas Y Computac;División de Ingenierías;CALCULO I;MAT1101;2 Ecuaciones y desigualdades;2;2 Ecuaciones y desigualdades;3,2;588;0 Avance menor a 19 temas;No alcanzo meta;3,3
202330;N;589;N;10/07/2023 8:51:02 a. m.;202330 Precálculo ING-GEO;Precálculo;10/07/2023 8:53:44 a. m.;367;65;0,8;13;79;28;79;4,133333333;17;3,625377644;4,133333333;Ingeniería Electrónica;División de Ingenierías;CALCULO I;MAT1101;2 Ecuaciones y desigualdades;15;2 Ecuaciones y desigualdades;3,5;589;0 Avance menor a 19 temas;No alcanzo meta;3,6
202330;N;590;N;14/07/2023 8:54:48 a. m.;202330 Precálculo ING-GEO;Precálculo;14/07/2023 8:59:29 a. m.;345;68;1,083333333;4;79;33;79;8,883333333;29;3,036835692;8,883333333;Ingeniería Sistemas Y Computac;División de Ingenierías;CALCULO I;MAT1101;3 Temas Parcial 1 Cálculo I;29;1 Repaso de álgebra y geometría;3,1;590;1 Avance entre [ 19 - 40 temas];Cumplimiento meta;3
202330;N;591;N;7/07/2023 8:34:56 a. m.;202330 Precálculo ING-GEO;Precálculo;7/07/2023 8:47:25 a. m.;337;74;2,716666667;24;79;77;79;24,1;49;1,867844254;24,1;Ingeniería Sistemas Y Computac;División de Ingenierías;CALCULO I;MAT1101;4 Temas Parcial 2 Cálculo I;53;2 Ecuaciones y desigualdades;4,3;591;2 Avance entre [ 40 - 60 temas];Cumplimiento meta;4,6
202330;N;592;N;21/07/2023 8:47:29 a. m.;202330 Precálculo ING-GEO;Precálculo;21/07/2023 8:54:10 a. m.;394;73;1,683333333;34;79;40;79;3,333333333;7;1,801200801;3,333333333;Ingeniería Sistemas Y Computac;División de Ingenierías;CALCULO I;MAT1101;3 Temas Parcial 1 Cálculo I;6;3 Temas Parcial 1 Cálculo I;5;592;0 Avance menor a 19 temas;Cumplimiento meta;4,5
202330;N;593;N;5/07/2023 8:31:48 a. m.;202330 Precálculo ING-GEO;Precálculo;5/07/2023 8:36:09 a. m.;369;75;1,683333333;21;79;79;79;49,66666667;64;1,248419899;49,66666667;Ingeniería Sistemas Y Computac;División de Ingenierías;CALCULO I;MAT1101;4 Temas Parcial 2 Cálculo I;58;2 Ecuaciones y desigualdades;4,4;593;2 Avance entre [ 40 - 60 temas];Cumplimiento meta;4,2
202330;N;594;N;4/07/2023 8:49:38 a. m.;202330 Precálculo ING-GEO;Precálculo;4/07/2023 8:52:18 a. m.;343;65;0,283333333;6;79;37;79;15,86666667;37;1,953884133;15,86666667;Ingeniería Industrial;División de Ingenierías;CALCULO I;MAT1101;3 Temas Parcial 1 Cálculo I;31;1 Repaso de álgebra y geometría;4,2;594;1 Avance entre [ 19 - 40 temas];Cumplimiento meta;4
202330;N;595;N;21/07/2023 8:47:28 a. m.;202330 Precálculo ING-GEO;Precálculo;21/07/2023 8:53:07 a. m.;337;65;2,033333333;10;79;13;79;6,816666667;4;0,440474734;6,816666667;Ingeniería Sistemas Y Computac;División de Ingenierías;CALCULO I;MAT1101;2 Ecuaciones y desigualdades;3;1 Repaso de álgebra y geometría;1,9;595;0 Avance menor a 19 temas;No alcanzo meta;2,6
202330;N;596;N;11/07/2023 8:20:27 a. m.;202330 Precálculo ING-GEO;Precálculo;11/07/2023 8:25:35 a. m.;354;71;0,616666667;8;79;33;79;12,31666667;27;2,028763356;12,31666667;Ingeniería Sistemas Y Computac;División de Ingenierías;CALCULO I;MAT1101;3 Temas Parcial 1 Cálculo I;25;1 Repaso de álgebra y geometría;3,2;596;1 Avance entre [ 19 - 40 temas];Cumplimiento meta;3,4
202330;N;597;N;30/06/2023 9:06:27 a. m.;202330 Precálculo ING-GEO;Precálculo;30/06/2023 9:13:00 a. m.;286;56;0,833333333;4;79;38;79;35,7;42;0,952314264;35,7;Ingeniería Sistemas Y Computac;División de Ingenierías;CALCULO I;MAT1101;3 Temas Parcial 1 Cálculo I;34;1 Repaso de álgebra y geometría;3,9;597;1 Avance entre [ 19 - 40 temas];Cumplimiento meta;2,8
202330;N;598;N;29/06/2023 9:06:45 a. m.;202330 Precálculo ING-GEO;Precálculo;29/06/2023 9:13:49 a. m.;268;59;0,883333333;6;79;79;79;47,56666667;83;1,576808073;47,56666667;Ingeniería Industrial;División de Ingenierías;CALCULO I;MAT1101;4 Temas Parcial 2 Cálculo I;73;1 Repaso de álgebra y geometría;4,5;598;3 Avance superior a 60 temas;Cumplimiento meta;4
202330;N;483;N;21/07/2023 2:10:25 p. m.;202330 Precálculo ING-GEO;Precálculo;21/07/2023 2:11:44 p. m.;361;69;2,166666667;40;79;45;79;4,883333333;6;1,023832546;4,883333333;Ciencia de Datos;División de Ciencias Básicas;CALCULO I;MAT1101;3 Temas Parcial 1 Cálculo I;5;3 Temas Parcial 1 Cálculo I;4,5;483;0 Avance menor a 19 temas;Cumplimiento meta;4,4
202330;N;599;N;13/07/2023 8:53:23 a. m.;202330 Precálculo ING-GEO;Precálculo;13/07/2023 8:56:34 a. m.;360;73;0,316666667;4;79;15;79;5,366666667;12;2,047358081;5,366666667;Ingeniería Sistemas Y Computac;División de Ingenierías;CALCULO I;MAT1101;2 Ecuaciones y desigualdades;11;1 Repaso de álgebra y geometría;3,8;599;0 Avance menor a 19 temas;No alcanzo meta;3,2
202330;N;600;N;7/07/2023 9:00:57 a. m.;202330 Precálculo ING-GEO;Precálculo;7/07/2023 9:06:02 a. m.;296;57;0,416666667;3;79;21;79;11,8;22;1,524885281;11,8;Ingeniería Sistemas Y Computac;División de Ingenierías;CALCULO I;MAT1101;2 Ecuaciones y desigualdades;18;1 Repaso de álgebra y geometría;2,2;600;0 Avance menor a 19 temas;No alcanzo meta;2,7
202330;N;601;N;29/06/2023 9:06:28 a. m.;202330 Precálculo ING-GEO;Precálculo;29/06/2023 9:09:52 a. m.;367;100;0,25;6;79;54;79;23,6;72;2,583863794;23,6;Ingeniería Industrial;División de Ingenierías;CALCULO I;MAT1101;3 Temas Parcial 1 Cálculo I;48;1 Repaso de álgebra y geometría;3,9;601;2 Avance entre [ 40 - 60 temas];Cumplimiento meta;3,8
202330;N;602;N;10/07/2023 8:26:55 a. m.;202330 Precálculo ING-GEO;Precálculo;10/07/2023 8:30:41 a. m.;363;69;1,3;21;79;56;79;24,16666667;39;1,407236229;24,16666667;Ingeniería Sistemas Y Computac;División de Ingenierías;CALCULO I;MAT1101;3 Temas Parcial 1 Cálculo I;35;2 Ecuaciones y desigualdades;4,6;602;1 Avance entre [ 19 - 40 temas];Cumplimiento meta;4,5
202330;N;603;N;21/07/2023 2:20:57 p. m.;202330 Precálculo ING-GEO;Precálculo;21/07/2023 2:23:10 p. m.;389;76;0,783333333;5;79;13;79;7,266666667;10;1,101464795;7,266666667;Ingeniería Civil;División de Ingenierías;CALCULO I;MAT1101;2 Ecuaciones y desigualdades;8;1 Repaso de álgebra y geometría;3,5;603;0 Avance menor a 19 temas;No alcanzo meta;3,9
202330;N;604;N;4/07/2023 8:50:59 a. m.;202330 Precálculo ING-GEO;Precálculo;4/07/2023 8:55:16 a. m.;303;65;0,616666667;5;79;37;79;18,55;35;1,563435965;18,55;Ingeniería Industrial;División de Ingenierías;CALCULO I;MAT1101;3 Temas Parcial 1 Cálculo I;32;1 Repaso de álgebra y geometría;4,5;604;1 Avance entre [ 19 - 40 temas];Cumplimiento meta;4,6
202330;N;605;N;13/07/2023 8:46:29 a. m.;202330 Precálculo ING-GEO;Precálculo;13/07/2023 8:51:11 a. m.;373;79;0,45;5;79;26;79;12,11666667;22;1,732077806;12,11666667;Ingeniería Industrial;División de Ingenierías;CALCULO I;MAT1101;2 Ecuaciones y desigualdades;21;1 Repaso de álgebra y geometría;4,7;605;1 Avance entre [ 19 - 40 temas];No alcanzo meta;4,1
202330;N;606;N;5/07/2023 8:36:19 a. m.;202330 Precálculo ING-GEO;Precálculo;5/07/2023 8:41:40 a. m.;362;72;0,533333333;3;79;15;79;10,01666667;15;1,197173341;10,01666667;Ingeniería Industrial;División de Ingenierías;CALCULO I;MAT1101;2 Ecuaciones y desigualdades;12;1 Repaso de álgebra y geometría;3,7;606;0 Avance menor a 19 temas;No alcanzo meta;3,7
202330;N;607;N;13/07/2023 8:47:39 a. m.;202330 Precálculo ING-GEO;Precálculo;13/07/2023 8:51:33 a. m.;368;70;0,833333333;3;79;19;79;11,51666667;17;1,389927849;11,51666667;Ingeniería Industrial;División de Ingenierías;CALCULO I;MAT1101;2 Ecuaciones y desigualdades;16;1 Repaso de álgebra y geometría;3,3;607;0 Avance menor a 19 temas;No alcanzo meta;3,8
202330;N;608;N;11/07/2023 8:33:50 a. m.;202330 Precálculo ING-GEO;Precálculo;11/07/2023 8:39:37 a. m.;345;69;0,45;8;79;31;79;8,333333333;27;2,882209694;8,333333333;Ingeniería Sistemas Y Computac;División de Ingenierías;CALCULO I;MAT1101;3 Temas Parcial 1 Cálculo I;23;1 Repaso de álgebra y geometría;2;608;1 Avance entre [ 19 - 40 temas];Cumplimiento meta;1,5
202330;N;609;N;11/07/2023 8:34:09 a. m.;202330 Precálculo ING-GEO;Precálculo;11/07/2023 8:37:35 a. m.;383;78;2,25;45;79;79;79;13,23333333;36;2,719546742;13,23333333;Ingeniería Civil;División de Ingenierías;CALCULO I;MAT1101;4 Temas Parcial 2 Cálculo I;34;3 Temas Parcial 1 Cálculo I;5;609;1 Avance entre [ 19 - 40 temas];Cumplimiento meta;4,8
202330;N;610;N;10/07/2023 8:27:59 a. m.;202330 Precálculo ING-GEO;Precálculo;10/07/2023 8:32:17 a. m.;324;58;1,45;7;79;79;79;41,18333333;88;1,966563033;41,18333333;Ingeniería Sistemas Y Computac;División de Ingenierías;CALCULO I;MAT1101;4 Temas Parcial 2 Cálculo I;72;1 Repaso de álgebra y geometría;4,7;610;3 Avance superior a 60 temas;Cumplimiento meta;4
202330;N;611;N;29/06/2023 9:08:15 a. m.;202330 Precálculo ING-GEO;Precálculo;29/06/2023 9:12:10 a. m.;266;44;1,35;8;79;79;79;54,38333333;86;1,397579776;54,38333333;Ingeniería Sistemas Y Computac;División de Ingenierías;CALCULO I;MAT1101;4 Temas Parcial 2 Cálculo I;71;1 Repaso de álgebra y geometría;3,5;611;3 Avance superior a 60 temas;Cumplimiento meta;4
202330;N;443;N;10/07/2023 8:48:26 a. m.;202330 Precálculo ING-GEO;Precálculo;10/07/2023 8:53:22 a. m.;412;71;2,183333333;26;79;69;79;31,51666667;46;1,205785656;31,51666667;Ingeniería Sistemas Y Computac;División de Ingenierías;CALCULO I;MAT1101;4 Temas Parcial 2 Cálculo I;43;2 Ecuaciones y desigualdades;5;443;2 Avance entre [ 40 - 60 temas];Cumplimiento meta;4,6
202330;N;612;N;10/07/2023 8:27:59 a. m.;202330 Precálculo ING-GEO;Precálculo;10/07/2023 8:32:30 a. m.;366;66;1,266666667;12;79;78;79;25,56666667;65;2,503368247;25,56666667;Ingeniería Sistemas Y Computac;División de Ingenierías;CALCULO I;MAT1101;4 Temas Parcial 2 Cálculo I;66;2 Ecuaciones y desigualdades;3,9;612;3 Avance superior a 60 temas;Cumplimiento meta;3,4
202330;N;613;N;29/06/2023 9:06:35 a. m.;202330 Precálculo ING-GEO;Precálculo;29/06/2023 9:12:06 a. m.;333;66;0,5;4;79;75;79;52,75;92;1,554469627;52,75;Ingeniería Civil;División de Ingenierías;CALCULO I;MAT1101;4 Temas Parcial 2 Cálculo I;71;1 Repaso de álgebra y geometría;4,4;613;3 Avance superior a 60 temas;Cumplimiento meta;4,2
202330;N;614;N;4/07/2023 8:54:50 a. m.;202330 Precálculo ING-GEO;Precálculo;4/07/2023 8:58:07 a. m.;341;69;0,866666667;13;79;44;79;17,1;42;2,105947351;17,1;Ingeniería Electrónica;División de Ingenierías;CALCULO I;MAT1101;3 Temas Parcial 1 Cálculo I;31;2 Ecuaciones y desigualdades;4,7;614;1 Avance entre [ 19 - 40 temas];Cumplimiento meta;4,2
202330;N;615;N;10/07/2023 8:51:21 a. m.;202330 Precálculo ING-GEO;Precálculo;10/07/2023 8:55:56 a. m.;403;69;0,95;23;79;72;79;19,98333333;57;2,703040921;19,98333333;Ingeniería Industrial;División de Ingenierías;CALCULO I;MAT1101;4 Temas Parcial 2 Cálculo I;49;2 Ecuaciones y desigualdades;5;615;2 Avance entre [ 40 - 60 temas];Cumplimiento meta;5
202410;N;616;N;15/01/2024 9:03:15 a. m.;202410 Pre-Cálculo ANEC;Precálculo;15/01/2024 9:08:51 a. m.;278;50;4,6;31;79;39;79;11,43333333;14;0,700184771;11,43333333;Administración de Empresas;Escuela de Negocios;CALCULO I (ANEC);MAT1100;3 Temas Parcial 1 Cálculo I;8;3 Temas Parcial 1 Cálculo I;3,1;616;0 Avance menor a 18 temas;Cumplimiento meta;3,1
202410;N;617;N;15/01/2024 9:01:25 a. m.;202410 Pre-Cálculo ANEC;Precálculo;15/01/2024 9:05:51 a. m.;382;78;2,266666667;22;79;74;79;30,15;55;1,658374793;30,15;Administración de Empresas;Escuela de Negocios;CALCULO I (ANEC);MAT1100;4 Temas Parcial 2 Cálculo I;52;2 Ecuaciones y desigualdades;5;617;2 Avance entre [ 37 - 55 temas];Cumplimiento meta;5
202410;N;618;N;15/01/2024 9:44:02 a. m.;202410 Pre-Cálculo ANEC;Precálculo;15/01/2024 9:48:16 a. m.;344;55;1,233333333;9;79;48;79;43,33333333;45;0,946305498;43,33333333;Negocios Internacionales;Escuela de Negocios;CALCULO I (ANEC);MAT1100;3 Temas Parcial 1 Cálculo I;39;1 Repaso de álgebra y geometría;5;618;2 Avance entre [ 37 - 55 temas];Cumplimiento meta;4,6
202410;N;619;N;15/01/2024 9:47:06 a. m.;202410 Pre-Cálculo ANEC;Precálculo;15/01/2024 9:51:38 a. m.;333;71;2,016666667;9;79;42;79;26,55;34;1,205437023;26,55;Negocios Internacionales;Escuela de Negocios;CALCULO I (ANEC);MAT1100;3 Temas Parcial 1 Cálculo I;33;1 Repaso de álgebra y geometría;4,5;619;1 Avance entre [ 18 - 37 temas];Cumplimiento meta;3,6
202410;N;620;N;15/01/2024 1:49:12 p. m.;202410 Pre-Cálculo ANEC;Precálculo;15/01/2024 1:56:05 p. m.;357;70;0,833333333;12;79;55;79;20,66666667;32;1,548116593;20,66666667;Negocios Internacionales;Escuela de Negocios;CALCULO I (ANEC);MAT1100;3 Temas Parcial 1 Cálculo I;43;2 Ecuaciones y desigualdades;4,1;620;2 Avance entre [ 37 - 55 temas];Cumplimiento meta;3
202410;N;621;N;15/01/2024 9:48:32 a. m.;202410 Pre-Cálculo ANEC;Precálculo;15/01/2024 9:53:06 a. m.;419;78;0,333333333;3;79;71;79;39,96666667;67;1,651100734;39,96666667;Negocios Internacionales;Escuela de Negocios;CALCULO I (ANEC);MAT1100;4 Temas Parcial 2 Cálculo I;68;1 Repaso de álgebra y geometría;5;621;3 Avance superior a 55 temas;Cumplimiento meta;4,6
202410;N;622;N;11/01/2024 2:10:34 p. m.;202410 Pre-Cálculo ANEC;Precálculo;11/01/2024 2:16:41 p. m.;362;71;0,683333333;7;79;34;79;29,25;35;0,957065001;29,25;Administración de Empresas;Escuela de Negocios;CALCULO I (ANEC);MAT1100;3 Temas Parcial 1 Cálculo I;27;1 Repaso de álgebra y geometría;4;622;1 Avance entre [ 18 - 37 temas];Cumplimiento meta;4
202410;N;623;N;15/01/2024 9:12:22 a. m.;202410 Pre-Cálculo ANEC;Precálculo;15/01/2024 9:16:04 a. m.;361;80;0,583333333;3;79;13;79;12,98333333;12;0,770350081;12,98333333;Economía;Div Humanidades, Artes y Cs. S;CALCULO I (ANEC);MAT1100;2 Ecuaciones y desigualdades;10;1 Repaso de álgebra y geometría;4,3;623;0 Avance menor a 18 temas;No alcanzo meta;3,4
202410;N;624;N;15/01/2024 9:30:03 a. m.;202410 Pre-Cálculo ANEC;Precálculo;15/01/2024 9:44:52 a. m.;288;63;1,75;7;79;27;79;12,03333333;23;1,661704632;12,03333333;Negocios Internacionales;Escuela de Negocios;CALCULO I (ANEC);MAT1100;2 Ecuaciones y desigualdades;20;1 Repaso de álgebra y geometría;2,3;624;1 Avance entre [ 18 - 37 temas];No alcanzo meta;1,5
202410;N;625;N;15/01/2024 9:05:50 a. m.;202410 Pre-Cálculo ANEC;Precálculo;15/01/2024 9:09:26 a. m.;361;81;1,283333333;7;79;39;79;30,08333333;41;1,163123448;30,08333333;Economía;Div Humanidades, Artes y Cs. S;CALCULO I (ANEC);MAT1100;3 Temas Parcial 1 Cálculo I;32;1 Repaso de álgebra y geometría;3,1;625;1 Avance entre [ 18 - 37 temas];Cumplimiento meta;3,1
202410;N;626;N;15/01/2024 9:00:00 a. m.;202410 Pre-Cálculo ANEC;Precálculo;15/01/2024 9:05:33 a. m.;296;62;2,183333333;32;79;57;79;21,85;30;1,144543073;21,85;Administración de Empresas;Escuela de Negocios;CALCULO I (ANEC);MAT1100;4 Temas Parcial 2 Cálculo I;25;3 Temas Parcial 1 Cálculo I;4;626;1 Avance entre [ 18 - 37 temas];Cumplimiento meta;3,4
202410;N;627;N;15/01/2024 9:48:58 a. m.;202410 Pre-Cálculo ANEC;Precálculo;15/01/2024 9:52:25 a. m.;381;72;0,6;4;79;60;79;26,31666667;53;1,975412863;26,31666667;Negocios Internacionales;Escuela de Negocios;CALCULO I (ANEC);MAT1100;4 Temas Parcial 2 Cálculo I;56;1 Repaso de álgebra y geometría;4,9;627;3 Avance superior a 55 temas;Cumplimiento meta;4,3
202410;N;628;N;15/01/2024 9:39:46 a. m.;202410 Pre-Cálculo ANEC;Precálculo;15/01/2024 9:45:48 a. m.;348;66;1,033333333;11;79;27;79;16,61666667;19;0,963339577;16,61666667;Negocios Internacionales;Escuela de Negocios;CALCULO I (ANEC);MAT1100;2 Ecuaciones y desigualdades;16;2 Ecuaciones y desigualdades;4;628;0 Avance menor a 18 temas;No alcanzo meta;3,3
202410;N;629;N;15/01/2024 9:46:48 a. m.;202410 Pre-Cálculo ANEC;Precálculo;15/01/2024 9:51:00 a. m.;324;65;1,116666667;8;79;17;79;10,43333333;11;0,862459073;10,43333333;Negocios Internacionales;Escuela de Negocios;CALCULO I (ANEC);MAT1100;2 Ecuaciones y desigualdades;9;1 Repaso de álgebra y geometría;5;629;0 Avance menor a 18 temas;No alcanzo meta;4,4
202410;N;630;N;8/01/2024 2:43:18 p. m.;202410 Pre-Cálculo ANEC;Precálculo;17/01/2024 3:11:09 p. m.;317;68;1,433333333;8;79;8;79;1,766666667;0;0;1,766666667;Administración de Empresas;Escuela de Negocios;CALCULO I (ANEC);MAT1100;1 Repaso de Álgebra y Geometría;0;1 Repaso de álgebra y geometría;3,6;630;0 Avance menor a 18 temas;No alcanzo meta;3,6
202410;N;631;N;15/01/2024 9:42:53 a. m.;202410 Pre-Cálculo ANEC;Precálculo;15/01/2024 9:45:27 a. m.;422;77;0,45;12;79;49;79;19,01666667;38;1,893352812;19,01666667;Negocios Internacionales;Escuela de Negocios;CALCULO I (ANEC);MAT1100;3 Temas Parcial 1 Cálculo I;37;2 Ecuaciones y desigualdades;5;631;2 Avance entre [ 37 - 55 temas];Cumplimiento meta;4,6
202410;N;632;N;15/01/2024 9:49:37 a. m.;202410 Pre-Cálculo ANEC;Precálculo;15/01/2024 9:54:35 a. m.;368;72;0,616666667;10;79;55;79;22,63333333;44;1,944751381;22,63333333;Negocios Internacionales;Escuela de Negocios;CALCULO I (ANEC);MAT1100;3 Temas Parcial 1 Cálculo I;45;1 Repaso de álgebra y geometría;5;632;2 Avance entre [ 37 - 55 temas];Cumplimiento meta;4,4
202410;N;633;N;15/01/2024 9:41:42 a. m.;202410 Pre-Cálculo ANEC;Precálculo;15/01/2024 9:46:32 a. m.;320;65;1,166666667;15;79;25;79;18,21666667;13;0,548713572;18,21666667;Negocios Internacionales;Escuela de Negocios;CALCULO I (ANEC);MAT1100;2 Ecuaciones y desigualdades;10;2 Ecuaciones y desigualdades;3,8;633;0 Avance menor a 18 temas;No alcanzo meta;1,5
202410;N;634;N;15/01/2024 9:02:05 a. m.;202410 Pre-Cálculo ANEC;Precálculo;15/01/2024 9:04:08 a. m.;316;60;0,733333333;3;79;35;79;19,53333333;32;1,382232903;19,53333333;Administración de Empresas;Escuela de Negocios;CALCULO I (ANEC);MAT1100;3 Temas Parcial 1 Cálculo I;32;1 Repaso de álgebra y geometría;3;634;1 Avance entre [ 18 - 37 temas];Cumplimiento meta;3,1
202410;N;635;N;11/01/2024 2:09:38 p. m.;202410 Pre-Cálculo ANEC;Precálculo;11/01/2024 2:15:12 p. m.;336;70;0,883333333;9;79;72;79;31,85;82;2,009857373;31,85;Negocios Internacionales;Escuela de Negocios;CALCULO I (ANEC);MAT1100;4 Temas Parcial 2 Cálculo I;63;1 Repaso de álgebra y geometría;4;635;3 Avance superior a 55 temas;Cumplimiento meta;3,1
202410;N;636;N;11/01/2024 2:10:36 p. m.;202410 Pre-Cálculo ANEC;Precálculo;11/01/2024 2:15:05 p. m.;381;69;0,75;9;79;43;79;31,15;40;1,091784854;31,15;Negocios Internacionales;Escuela de Negocios;CALCULO I (ANEC);MAT1100;3 Temas Parcial 1 Cálculo I;34;1 Repaso de álgebra y geometría;4,4;636;1 Avance entre [ 18 - 37 temas];Cumplimiento meta;3,3
202410;N;637;N;15/01/2024 9:49:52 a. m.;202410 Pre-Cálculo ANEC;Precálculo;15/01/2024 9:54:32 a. m.;341;71;1,366666667;25;79;50;79;40,93333333;36;0,683927699;40,93333333;Negocios Internacionales;Escuela de Negocios;CALCULO I (ANEC);MAT1100;3 Temas Parcial 1 Cálculo I;25;2 Ecuaciones y desigualdades;2,6;637;1 Avance entre [ 18 - 37 temas];Cumplimiento meta;3,1
202410;N;638;N;15/01/2024 9:04:21 a. m.;202410 Pre-Cálculo ANEC;Precálculo;15/01/2024 9:12:02 a. m.;263;0;3,35;5;79;38;79;56,41666667;59;0,779884494;56,41666667;Contaduría Pública;Escuela de Negocios;CALCULO I (ANEC);MAT1100;3 Temas Parcial 1 Cálculo I;33;1 Repaso de álgebra y geometría;4;638;1 Avance entre [ 18 - 37 temas];Cumplimiento meta;3,6
202410;N;639;N;17/01/2024 8:59:33 a. m.;202410 Pre-Cálculo ANEC;Precálculo;17/01/2024 9:06:08 a. m.;378;76;0,433333333;3;79;74;79;32,66666667;78;2,265363912;32,66666667;Ingeniería Civil;División de Ingenierías;CALCULO I (ANEC);MAT1100;4 Temas Parcial 2 Cálculo I;71;1 Repaso de álgebra y geometría;;639;3 Avance superior a 55 temas;Cumplimiento meta;1,5
202410;N;640;N;15/01/2024 1:50:20 p. m.;202410 Pre-Cálculo ANEC;Precálculo;15/01/2024 1:53:17 p. m.;301;63;2,35;15;79;24;79;7,9;11;1,13940076;7,9;Administración de Empresas;Escuela de Negocios;CALCULO I (ANEC);MAT1100;2 Ecuaciones y desigualdades;9;2 Ecuaciones y desigualdades;3,5;640;0 Avance menor a 18 temas;No alcanzo meta;3
202410;N;641;N;22/01/2024 9:43:33 a. m.;202410 Pre-Cálculo ANEC;Precálculo;22/01/2024 9:52:36 a. m.;356;70;0,933333333;7;79;9;79;1,85;3;1,080108011;1,85;Negocios Internacionales;Escuela de Negocios;CALCULO I (ANEC);MAT1100;1 Repaso de Álgebra y Geometría;2;1 Repaso de álgebra y geometría;2,8;641;0 Avance menor a 18 temas;No alcanzo meta;3,2
202410;N;642;N;11/01/2024 2:10:39 p. m.;202410 Pre-Cálculo ANEC;Precálculo;11/01/2024 2:16:32 p. m.;370;78;0,25;3;79;60;79;44,23333333;69;1,447027125;44,23333333;Negocios Internacionales;Escuela de Negocios;CALCULO I (ANEC);MAT1100;4 Temas Parcial 2 Cálculo I;57;1 Repaso de álgebra y geometría;4;642;3 Avance superior a 55 temas;Cumplimiento meta;4,4
202410;N;643;N;15/01/2024 9:49:51 a. m.;202410 Pre-Cálculo ANEC;Precálculo;15/01/2024 9:54:42 a. m.;396;74;1,05;7;79;74;79;28,51666667;79;2,699938638;28,51666667;Negocios Internacionales;Escuela de Negocios;CALCULO I (ANEC);MAT1100;4 Temas Parcial 2 Cálculo I;67;1 Repaso de álgebra y geometría;4,7;643;3 Avance superior a 55 temas;Cumplimiento meta;4,6
202430;N;644;N;26/07/2024 8:53:59 a. m.;202430 Pre-Cálculo ANEC;Precálculo;26/07/2024 8:57:33 a. m.;352;68;1,616666667;24;79;30;79;6,483333333;6;0,925886236;6,483333333;Negocios Internacionales;Escuela de Negocios;CALCULO I (ANEC);MAT1100;2 Ecuaciones y desigualdades;6;2 Ecuaciones y desigualdades;4,4;644;0 Avance menor a 18 temas;No alcanzo meta;4,4
202430;N;645;N;15/07/2024 8:23:44 a. m.;202430 Pre-Cálculo ANEC;Precálculo;15/07/2024 8:31:57 a. m.;370;73;1,466666667;8;79;38;79;18,31666667;31;1,637629077;18,31666667;Administración de Empresas;Escuela de Negocios;CALCULO I (ANEC);MAT1100;3 Temas Parcial 1 Cálculo I;30;1 Repaso de álgebra y geometría;5;645;1 Avance entre [ 18 - 37 temas];Cumplimiento meta;4,2
202430;N;646;N;18/07/2024 8:49:31 a. m.;202430 Pre-Cálculo ANEC;Precálculo;18/07/2024 8:51:58 a. m.;360;71;1,4;9;79;27;79;19,61666667;22;0,917860026;19,61666667;Negocios Internacionales;Escuela de Negocios;CALCULO I (ANEC);MAT1100;2 Ecuaciones y desigualdades;18;1 Repaso de álgebra y geometría;3,1;646;1 Avance entre [ 18 - 37 temas];No alcanzo meta;3
202430;N;647;N;15/07/2024 8:30:30 a. m.;202430 Pre-Cálculo ANEC;Precálculo;15/07/2024 8:33:46 a. m.;335;71;1,05;24;79;42;79;12,28333333;21;1,465035835;12,28333333;Administración de Empresas;Escuela de Negocios;CALCULO I (ANEC);MAT1100;3 Temas Parcial 1 Cálculo I;18;2 Ecuaciones y desigualdades;4,5;647;1 Avance entre [ 18 - 37 temas];Cumplimiento meta;4
202430;N;648;N;8/07/2024 3:01:26 p. m.;202430 Pre-Cálculo ANEC;Precálculo;8/07/2024 3:05:39 p. m.;358;71;0,75;12;79;73;79;29,41666667;70;2,175185514;29,41666667;Economía;Div Humanidades, Artes y Cs. S;CALCULO I (ANEC);MAT1100;4 Temas Parcial 2 Cálculo I;61;2 Ecuaciones y desigualdades;4,5;648;3 Avance superior a 55 temas;Cumplimiento meta;4,3
202430;N;649;N;17/07/2024 8:28:27 a. m.;202430 Pre-Cálculo ANEC;Precálculo;17/07/2024 8:32:44 a. m.;356;72;1,833333333;33;79;62;79;13,56666667;33;2,136760883;13,56666667;Administración de Empresas;Escuela de Negocios;CALCULO I (ANEC);MAT1100;4 Temas Parcial 2 Cálculo I;29;3 Temas Parcial 1 Cálculo I;5;649;1 Avance entre [ 18 - 37 temas];Cumplimiento meta;5
202430;N;650;N;16/07/2024 8:42:22 a. m.;202430 Pre-Cálculo ANEC;Precálculo;16/07/2024 8:49:18 a. m.;342;72;1,183333333;9;79;10;79;2,783333333;2;0,36036036;2,783333333;Negocios Internacionales;Escuela de Negocios;CALCULO I (ANEC);MAT1100;1 Repaso de Álgebra y Geometría;1;1 Repaso de álgebra y geometría;4,2;650;0 Avance menor a 18 temas;No alcanzo meta;3,8
202430;N;651;N;15/07/2024 8:29:53 a. m.;202430 Pre-Cálculo ANEC;Precálculo;15/07/2024 8:41:46 a. m.;398;78;2,366666667;16;79;49;79;17,16666667;28;1,631701632;17,16666667;Negocios Internacionales;Escuela de Negocios;CALCULO I (ANEC);MAT1100;3 Temas Parcial 1 Cálculo I;33;2 Ecuaciones y desigualdades;5;651;1 Avance entre [ 18 - 37 temas];Cumplimiento meta;4,8
202430;N;652;N;26/07/2024 8:42:20 a. m.;202430 Pre-Cálculo ANEC;Precálculo;26/07/2024 8:48:45 a. m.;374;74;1,816666667;13;79;21;79;15,31666667;9;0,522051226;15,31666667;Negocios Internacionales;Escuela de Negocios;CALCULO I (ANEC);MAT1100;2 Ecuaciones y desigualdades;8;2 Ecuaciones y desigualdades;4,2;652;0 Avance menor a 18 temas;No alcanzo meta;4,8
202430;N;653;N;19/07/2024 8:17:27 a. m.;202430 Pre-Cálculo ANEC;Precálculo;19/07/2024 8:23:33 a. m.;392;85;1,05;12;79;22;79;5,516666667;10;1,811411895;5,516666667;Economía;Div Humanidades, Artes y Cs. S;CALCULO I (ANEC);MAT1100;2 Ecuaciones y desigualdades;10;2 Ecuaciones y desigualdades;5;653;0 Avance menor a 18 temas;No alcanzo meta;4
202430;N;654;N;15/07/2024 8:27:07 a. m.;202430 Pre-Cálculo ANEC;Precálculo;15/07/2024 8:31:34 a. m.;359;73;3,216666667;35;79;68;79;19,3;37;1,709598503;19,3;Administración de Empresas;Escuela de Negocios;CALCULO I (ANEC);MAT1100;4 Temas Parcial 2 Cálculo I;33;3 Temas Parcial 1 Cálculo I;5;654;1 Avance entre [ 18 - 37 temas];Cumplimiento meta;4,7
202430;N;655;N;12/07/2024 3:13:24 p. m.;202430 Pre-Cálculo ANEC;Precálculo;12/07/2024 3:17:28 p. m.;419;75;1,466666667;23;79;50;79;12,11666667;30;2,22823346;12,11666667;Administración de Empresas;Escuela de Negocios;CALCULO I (ANEC);MAT1100;3 Temas Parcial 1 Cálculo I;27;2 Ecuaciones y desigualdades;5;655;1 Avance entre [ 18 - 37 temas];Cumplimiento meta;4,4
202430;N;656;N;15/07/2024 8:35:39 a. m.;202430 Pre-Cálculo ANEC;Precálculo;15/07/2024 8:38:29 a. m.;265;53;1,916666667;4;79;7;79;7,35;5;0,407932011;7,35;Administración de Empresas;Escuela de Negocios;CALCULO I (ANEC);MAT1100;1 Repaso de Álgebra y Geometría;3;1 Repaso de álgebra y geometría;2,6;656;0 Avance menor a 18 temas;No alcanzo meta;3,1
202430;N;657;N;16/07/2024 8:31:25 a. m.;202430 Pre-Cálculo ANEC;Precálculo;16/07/2024 8:35:12 a. m.;327;61;0,783333333;8;79;17;79;7,25;12;1,242378926;7,25;Negocios Internacionales;Escuela de Negocios;CALCULO I (ANEC);MAT1100;2 Ecuaciones y desigualdades;9;1 Repaso de álgebra y geometría;4,6;657;0 Avance menor a 18 temas;No alcanzo meta;4,1
202430;N;658;N;18/07/2024 1:40:14 p. m.;202430 Pre-Cálculo ANEC;Precálculo;18/07/2024 1:45:14 p. m.;365;70;0,583333333;5;79;8;79;2,933333333;5;1,024959666;2,933333333;Administración de Empresas;Escuela de Negocios;CALCULO I (ANEC);MAT1100;1 Repaso de Álgebra y Geometría;3;1 Repaso de álgebra y geometría;4,5;658;0 Avance menor a 18 temas;No alcanzo meta;4,2
202430;N;659;N;16/07/2024 8:34:11 a. m.;202430 Pre-Cálculo ANEC;Precálculo;16/07/2024 8:40:14 a. m.;311;63;0,55;5;79;26;79;7,516666667;22;2,793172246;7,516666667;Administración de Empresas;Escuela de Negocios;CALCULO I (ANEC);MAT1100;2 Ecuaciones y desigualdades;21;1 Repaso de álgebra y geometría;5;659;1 Avance entre [ 18 - 37 temas];No alcanzo meta;4,5
202430;N;660;N;16/07/2024 8:35:24 a. m.;202430 Pre-Cálculo ANEC;Precálculo;16/07/2024 8:38:13 a. m.;320;67;0,766666667;20;79;30;79;14,3;12;0,699029126;14,3;Negocios Internacionales;Escuela de Negocios;CALCULO I (ANEC);MAT1100;2 Ecuaciones y desigualdades;10;2 Ecuaciones y desigualdades;3;660;0 Avance menor a 18 temas;No alcanzo meta;3,3
202430;N;661;N;22/07/2024 8:35:35 a. m.;202430 Pre-Cálculo ANEC;Precálculo;22/07/2024 8:38:30 a. m.;342;79;1,383333333;7;79;7;79;4,2;4;0;4,2;Contaduría Pública;Escuela de Negocios;CALCULO I (ANEC);MAT1100;1 Repaso de Álgebra y Geometría;0;1 Repaso de álgebra y geometría;3,2;661;0 Avance menor a 18 temas;No alcanzo meta;3,1
202430;N;662;N;17/07/2024 8:26:03 a. m.;202430 Pre-Cálculo ANEC;Precálculo;17/07/2024 8:29:50 a. m.;329;69;1,266666667;27;79;79;79;15,65;59;3,450295511;15,65;Ingeniería Industrial;División de Ingenierías;CALCULO I (ANEC);MAT1100;4 Temas Parcial 2 Cálculo I;52;2 Ecuaciones y desigualdades;;662;2 Avance entre [ 37 - 55 temas];Cumplimiento meta;1,5
202430;N;663;N;19/07/2024 8:18:12 a. m.;202430 Pre-Cálculo ANEC;Precálculo;19/07/2024 8:22:27 a. m.;390;100;0,75;8;79;28;79;16,46666667;23;1,336145086;16,46666667;Negocios Internacionales;Escuela de Negocios;CALCULO I (ANEC);MAT1100;2 Ecuaciones y desigualdades;20;1 Repaso de álgebra y geometría;3,8;663;1 Avance entre [ 18 - 37 temas];No alcanzo meta;3,5
202430;N;664;N;16/07/2024 9:12:21 a. m.;202430 Pre-Cálculo ANEC;Precálculo;16/07/2024 9:19:12 a. m.;383;77;1,95;24;79;40;79;6,783333333;17;2,358142962;6,783333333;Contaduría Pública;Escuela de Negocios;CALCULO I (ANEC);MAT1100;3 Temas Parcial 1 Cálculo I;16;2 Ecuaciones y desigualdades;4,7;664;0 Avance menor a 18 temas;Cumplimiento meta;4,7
202430;N;665;N;26/07/2024 8:53:59 a. m.;202430 Pre-Cálculo ANEC;Precálculo;26/07/2024 8:57:27 a. m.;244;47;0,683333333;4;79;13;79;5,933333333;10;1,516569931;5,933333333;Administración de Empresas;Escuela de Negocios;CALCULO I (ANEC);MAT1100;2 Ecuaciones y desigualdades;9;1 Repaso de álgebra y geometría;2,6;665;0 Avance menor a 18 temas;No alcanzo meta;3,1
202430;N;666;N;16/07/2024 8:34:16 a. m.;202430 Pre-Cálculo ANEC;Precálculo;16/07/2024 8:39:43 a. m.;322;62;0,283333333;4;79;12;79;3,95;9;2,027027027;3,95;Administración de Empresas;Escuela de Negocios;CALCULO I (ANEC);MAT1100;2 Ecuaciones y desigualdades;8;1 Repaso de álgebra y geometría;3,5;666;0 Avance menor a 18 temas;No alcanzo meta;3,4
202430;N;667;N;15/07/2024 2:12:38 p. m.;202430 Pre-Cálculo ANEC;Precálculo;15/07/2024 2:17:54 p. m.;305;57;1,116666667;6;79;17;79;7,883333333;15;1,395791477;7,883333333;Administración de Empresas;Escuela de Negocios;CALCULO I (ANEC);MAT1100;2 Ecuaciones y desigualdades;11;1 Repaso de álgebra y geometría;2,4;667;0 Avance menor a 18 temas;No alcanzo meta;1,5
202430;N;668;N;16/07/2024 8:46:53 a. m.;202430 Pre-Cálculo ANEC;Precálculo;16/07/2024 8:57:57 a. m.;270;71;1,783333333;5;79;20;79;15,26666667;20;0,982300402;15,26666667;Administración de Empresas;Escuela de Negocios;CALCULO I (ANEC);MAT1100;2 Ecuaciones y desigualdades;15;1 Repaso de álgebra y geometría;4;668;0 Avance menor a 18 temas;No alcanzo meta;3
202430;N;669;N;15/07/2024 8:32:48 a. m.;202430 Pre-Cálculo ANEC;Precálculo;15/07/2024 8:36:26 a. m.;300;65;2,066666667;34;79;39;79;10,08333333;7;0,495936079;10,08333333;Administración de Empresas;Escuela de Negocios;CALCULO I (ANEC);MAT1100;3 Temas Parcial 1 Cálculo I;5;3 Temas Parcial 1 Cálculo I;2,2;669;0 Avance menor a 18 temas;Cumplimiento meta;1,5
202430;N;670;N;15/07/2024 8:35:31 a. m.;202430 Pre-Cálculo ANEC;Precálculo;15/07/2024 8:38:24 a. m.;321;58;2,366666667;24;79;31;79;13,16666667;12;0,531690438;13,16666667;Administración de Empresas;Escuela de Negocios;CALCULO I (ANEC);MAT1100;3 Temas Parcial 1 Cálculo I;7;2 Ecuaciones y desigualdades;3,6;670;0 Avance menor a 18 temas;Cumplimiento meta;3,5
202430;N;671;N;15/07/2024 8:23:58 a. m.;202430 Pre-Cálculo ANEC;Precálculo;15/07/2024 8:31:50 a. m.;345;71;2,6;20;79;43;79;21,18333333;25;1,133159337;21,18333333;Administración de Empresas;Escuela de Negocios;CALCULO I (ANEC);MAT1100;3 Temas Parcial 1 Cálculo I;23;2 Ecuaciones y desigualdades;3;671;1 Avance entre [ 18 - 37 temas];Cumplimiento meta;3,2
202430;N;672;N;8/07/2024 9:42:22 a. m.;202430 Pre-Cálculo ANEC;Precálculo;8/07/2024 10:10:14 a. m.;321;67;0,433333333;6;79;59;79;28,71666667;73;2,228347599;28,71666667;Administración de Empresas;Escuela de Negocios;CALCULO I (ANEC);MAT1100;4 Temas Parcial 2 Cálculo I;53;1 Repaso de álgebra y geometría;4,8;672;2 Avance entre [ 37 - 55 temas];Cumplimiento meta;4,4
202430;N;673;N;15/07/2024 8:24:21 a. m.;202430 Pre-Cálculo ING -GEO;Precálculo;15/07/2024 8:29:30 a. m.;370;73;0,383333333;5;79;39;79;12,15;38;2,79950597;12,15;Ingeniería Civil;División de Ingenierías;CALCULO I;MAT1101;3 Temas Parcial 1 Cálculo I;34;1 Repaso de álgebra y geometría;4,8;673;1 Avance entre [ 19 - 40 temas];Cumplimiento meta;4,1
202430;N;674;N;15/07/2024 8:10:58 a. m.;202430 Pre-Cálculo ING -GEO;Precálculo;15/07/2024 8:15:37 a. m.;378;76;0,65;4;79;22;79;16,85;22;1,068354931;16,85;Ingeniería Civil;División de Ingenierías;CALCULO I;MAT1101;2 Ecuaciones y desigualdades;18;1 Repaso de álgebra y geometría;3,5;674;0 Avance menor a 19 temas;No alcanzo meta;1,5
202430;N;498;N;17/07/2024 12:20:02 p. m.;202430 Pre-Cálculo ING -GEO;Precálculo;17/07/2024 12:41:15 p. m.;363;68;0,75;24;79;36;79;5,233333333;12;2,291047942;5,233333333;Ciencia de Datos;División de Ciencias Básicas;CALCULO I;MAT1101;3 Temas Parcial 1 Cálculo I;12;2 Ecuaciones y desigualdades;4,3;498;0 Avance menor a 19 temas;Cumplimiento meta;4,1
202430;N;675;N;15/07/2024 8:24:15 a. m.;202430 Pre-Cálculo ING -GEO;Precálculo;15/07/2024 8:28:10 a. m.;357;71;0,65;4;79;47;79;34,26666667;45;1,196265318;34,26666667;Ingeniería Electrónica;División de Ingenierías;CALCULO I;MAT1101;3 Temas Parcial 1 Cálculo I;43;1 Repaso de álgebra y geometría;4,3;675;2 Avance entre [ 40 - 60 temas];Cumplimiento meta;3,6
202430;N;676;N;19/07/2024 8:19:38 a. m.;202430 Pre-Cálculo ING -GEO;Precálculo;19/07/2024 8:22:56 a. m.;399;81;1,166666667;9;79;61;79;33,45;60;1,704120783;33,45;Ingeniería Civil;División de Ingenierías;CALCULO I;MAT1101;4 Temas Parcial 2 Cálculo I;52;1 Repaso de álgebra y geometría;5;676;2 Avance entre [ 40 - 60 temas];Cumplimiento meta;4,7
202430;N;677;N;8/07/2024 10:04:34 a. m.;202430 Pre-Cálculo ING -GEO;Precálculo;8/07/2024 10:09:34 a. m.;386;79;0,583333333;3;79;32;79;36,61666667;35;0,846576901;36,61666667;Ingeniería Sistemas Y Computac;División de Ingenierías;CALCULO I;MAT1101;3 Temas Parcial 1 Cálculo I;29;1 Repaso de álgebra y geometría;3,3;677;1 Avance entre [ 19 - 40 temas];Cumplimiento meta;3,2
202430;N;678;N;8/07/2024 10:04:34 a. m.;202430 Pre-Cálculo ING -GEO;Precálculo;8/07/2024 10:08:57 a. m.;334;66;0,55;4;79;69;79;34,11666667;76;1,99342041;34,11666667;Ingeniería Civil;División de Ingenierías;CALCULO I;MAT1101;4 Temas Parcial 2 Cálculo I;65;1 Repaso de álgebra y geometría;4,1;678;3 Avance superior a 60 temas;Cumplimiento meta;2,8
202430;N;679;N;15/07/2024 8:25:06 a. m.;202430 Pre-Cálculo ING -GEO;Precálculo;15/07/2024 8:29:07 a. m.;369;73;1,9;13;79;79;79;24,58333333;57;2,237616825;24,58333333;Ingeniería Industrial;División de Ingenierías;CALCULO I;MAT1101;4 Temas Parcial 2 Cálculo I;66;2 Ecuaciones y desigualdades;4,5;679;3 Avance superior a 60 temas;Cumplimiento meta;4,6
202430;N;680;N;17/07/2024 1:43:23 p. m.;202430 Pre-Cálculo ING -GEO;Precálculo;17/07/2024 1:47:53 p. m.;376;78;1;11;79;34;34;15,01666667;27;1,531546529;15,01666667;Ingeniería Sistemas Y Computac;División de Ingenierías;CALCULO I;MAT1101;3 Temas Parcial 1 Cálculo I;23;2 Ecuaciones y desigualdades;4,2;680;1 Avance entre [ 19 - 40 temas];Cumplimiento meta;3,5
202430;N;681;N;22/07/2024 2:42:36 p. m.;202430 Pre-Cálculo ING -GEO;Precálculo;22/07/2024 2:45:24 p. m.;390;73;0,55;6;79;15;79;3,883333333;11;2,320750663;3,883333333;Ingeniería Sistemas Y Computac;División de Ingenierías;CALCULO I;MAT1101;2 Ecuaciones y desigualdades;9;1 Repaso de álgebra y geometría;3,5;681;0 Avance menor a 19 temas;No alcanzo meta;3,7
202430;N;499;N;12/07/2024 11:05:31 a. m.;202430 Pre-Cálculo ING -GEO;Precálculo;12/07/2024 11:09:50 a. m.;394;81;1,233333333;34;79;79;79;9,466666667;43;4,543453377;9,466666667;Ciencia de Datos;División de Ciencias Básicas;CALCULO I;MAT1101;4 Temas Parcial 2 Cálculo I;45;3 Temas Parcial 1 Cálculo I;4,3;499;2 Avance entre [ 40 - 60 temas];Cumplimiento meta;3,9
202430;N;682;N;15/07/2024 8:15:53 a. m.;202430 Pre-Cálculo ING -GEO;Precálculo;15/07/2024 8:19:14 a. m.;382;77;1,683333333;45;79;79;79;12,61666667;34;2,694373514;12,61666667;Ingeniería Sistemas Y Computac;División de Ingenierías;CALCULO I;MAT1101;4 Temas Parcial 2 Cálculo I;34;3 Temas Parcial 1 Cálculo I;5;682;1 Avance entre [ 19 - 40 temas];Cumplimiento meta;4,5
202430;N;683;N;8/07/2024 2:58:08 p. m.;202430 Pre-Cálculo ING -GEO;Precálculo;8/07/2024 3:04:36 p. m.;285;58;0,5;3;79;50;79;37,38333333;54;1,337633578;37,38333333;Ingeniería Industrial;División de Ingenierías;CALCULO I;MAT1101;3 Temas Parcial 1 Cálculo I;47;1 Repaso de álgebra y geometría;3;683;2 Avance entre [ 40 - 60 temas];Cumplimiento meta;3,3
202430;N;684;N;18/07/2024 2:37:09 p. m.;202430 Pre-Cálculo ING -GEO;Precálculo;18/07/2024 2:41:02 p. m.;387;78;1,683333333;60;79;60;79;1,8;0;0;1,8;Ingeniería Sistemas Y Computac;División de Ingenierías;CALCULO I;MAT1101;4 Temas Parcial 2 Cálculo I;0;4 Temas Parcial 2 Cálculo I;4,3;684;0 Avance menor a 19 temas;Cumplimiento meta;3,4
202430;N;685;N;15/07/2024 8:12:13 a. m.;202430 Pre-Cálculo ING -GEO;Precálculo;15/07/2024 8:18:41 a. m.;370;74;2,7;26;79;70;79;38,81666667;51;1,185278498;38,81666667;Ingeniería Industrial;División de Ingenierías;CALCULO I;MAT1101;4 Temas Parcial 2 Cálculo I;44;2 Ecuaciones y desigualdades;4;685;2 Avance entre [ 40 - 60 temas];Cumplimiento meta;3,9
202430;N;686;N;17/07/2024 2:01:11 p. m.;202430 Pre-Cálculo ING -GEO;Precálculo;17/07/2024 2:06:32 p. m.;380;67;1,483333333;14;79;37;79;15,01666667;28;1,531036778;15,01666667;Ingeniería Sistemas Y Computac;División de Ingenierías;CALCULO I;MAT1101;3 Temas Parcial 1 Cálculo I;23;2 Ecuaciones y desigualdades;4,8;686;1 Avance entre [ 19 - 40 temas];Cumplimiento meta;4,9
202430;N;687;N;16/07/2024 8:56:47 a. m.;202430 Pre-Cálculo ING -GEO;Precálculo;16/07/2024 9:03:56 a. m.;309;58;0,633333333;4;79;34;79;12,86666667;31;2,254762213;12,86666667;Ingeniería Industrial;División de Ingenierías;CALCULO I;MAT1101;3 Temas Parcial 1 Cálculo I;30;1 Repaso de álgebra y geometría;1,5;687;1 Avance entre [ 19 - 40 temas];Cumplimiento meta;1,5
202430;N;500;N;15/07/2024 8:57:52 a. m.;202430 Pre-Cálculo ING -GEO;Precálculo;15/07/2024 8:59:43 a. m.;353;67;0,683333333;3;79;34;79;34,33333333;43;1,019409228;34,33333333;Ciencia de Datos;División de Ciencias Básicas;CALCULO I;MAT1101;3 Temas Parcial 1 Cálculo I;31;1 Repaso de álgebra y geometría;2;500;1 Avance entre [ 19 - 40 temas];Cumplimiento meta;2
202430;N;688;N;23/07/2024 8:12:06 a. m.;202430 Pre-Cálculo ING -GEO;Precálculo;23/07/2024 8:20:11 a. m.;378;74;2,65;10;79;17;79;11,35;9;0,616589185;11,35;Ingeniería Industrial;División de Ingenierías;CALCULO I;MAT1101;2 Ecuaciones y desigualdades;7;1 Repaso de álgebra y geometría;4,2;688;0 Avance menor a 19 temas;No alcanzo meta;3,6
202430;N;689;N;22/07/2024 2:57:36 p. m.;202430 Pre-Cálculo ING -GEO;Precálculo;22/07/2024 2:59:11 p. m.;382;76;2,733333333;34;79;34;79;2,916666667;1;0;2,916666667;Ingeniería Industrial;División de Ingenierías;CALCULO I;MAT1101;3 Temas Parcial 1 Cálculo I;0;3 Temas Parcial 1 Cálculo I;4,1;689;0 Avance menor a 19 temas;Cumplimiento meta;4,2
202430;N;690;N;15/07/2024 8:07:48 a. m.;202430 Pre-Cálculo ING -GEO;Precálculo;15/07/2024 8:10:09 a. m.;336;67;1,466666667;13;79;36;79;20,66666667;30;1,112948103;20,66666667;Ingeniería Electrónica;División de Ingenierías;CALCULO I;MAT1101;3 Temas Parcial 1 Cálculo I;23;2 Ecuaciones y desigualdades;3,3;690;1 Avance entre [ 19 - 40 temas];Cumplimiento meta;3,2
202430;N;691;N;15/07/2024 8:12:14 a. m.;202430 Pre-Cálculo ING -GEO;Precálculo;15/07/2024 8:17:43 a. m.;377;73;3,166666667;17;79;59;79;28,58333333;42;1,329639889;28,58333333;Ingeniería Civil;División de Ingenierías;CALCULO I;MAT1101;4 Temas Parcial 2 Cálculo I;42;2 Ecuaciones y desigualdades;4,6;691;2 Avance entre [ 40 - 60 temas];Cumplimiento meta;4
202430;N;692;N;8/07/2024 9:36:48 a. m.;202430 Pre-Cálculo ING -GEO;Precálculo;8/07/2024 10:07:39 a. m.;330;61;0,55;5;79;67;79;29,58333333;82;2,331846984;29,58333333;Ingeniería Industrial;División de Ingenierías;CALCULO I;MAT1101;4 Temas Parcial 2 Cálculo I;62;1 Repaso de álgebra y geometría;3,6;692;3 Avance superior a 60 temas;Cumplimiento meta;3
202430;N;693;N;8/07/2024 9:40:14 a. m.;202430 Pre-Cálculo ING -GEO;Precálculo;8/07/2024 10:07:34 a. m.;358;70;0,616666667;13;79;72;79;37,36666667;74;1,685881854;37,36666667;Ingeniería Sistemas Y Computac;División de Ingenierías;CALCULO I;MAT1101;4 Temas Parcial 2 Cálculo I;59;2 Ecuaciones y desigualdades;3,9;693;2 Avance entre [ 40 - 60 temas];Cumplimiento meta;3,5
202430;N;694;N;19/07/2024 9:00:10 a. m.;202430 Pre-Cálculo ING -GEO;Precálculo;19/07/2024 9:02:15 a. m.;279;58;1,183333333;10;79;19;79;6,933333333;10;1,299117883;6,933333333;Ingeniería Electrónica;División de Ingenierías;CALCULO I;MAT1101;2 Ecuaciones y desigualdades;9;1 Repaso de álgebra y geometría;2,6;694;0 Avance menor a 19 temas;No alcanzo meta;3
202430;N;695;N;19/07/2024 8:18:40 a. m.;202430 Pre-Cálculo ING -GEO;Precálculo;19/07/2024 8:23:23 a. m.;264;61;2,433333333;38;79;38;79;3,133333333;0;0;3,133333333;Ingeniería Industrial;División de Ingenierías;CALCULO I;MAT1101;3 Temas Parcial 1 Cálculo I;0;3 Temas Parcial 1 Cálculo I;;695;0 Avance menor a 19 temas;Cumplimiento meta;1,5
202430;N;696;N;18/07/2024 2:37:07 p. m.;202430 Pre-Cálculo ING -GEO;Precálculo;18/07/2024 2:39:49 p. m.;388;76;1,6;19;79;19;79;1,716666667;0;0;1,716666667;Ingeniería Civil;División de Ingenierías;CALCULO I;MAT1101;2 Ecuaciones y desigualdades;0;2 Ecuaciones y desigualdades;4;696;0 Avance menor a 19 temas;No alcanzo meta;3,7
202430;N;697;N;8/07/2024 10:04:33 a. m.;202430 Pre-Cálculo ING -GEO;Precálculo;8/07/2024 10:10:42 a. m.;355;72;0,383333333;4;79;38;79;18,83333333;35;1,751566532;18,83333333;Ingeniería Mecánica;División de Ingenierías;CALCULO I;MAT1101;3 Temas Parcial 1 Cálculo I;34;1 Repaso de álgebra y geometría;3;697;1 Avance entre [ 19 - 40 temas];Cumplimiento meta;3,1
202430;N;502;N;15/07/2024 8:55:11 a. m.;202430 Pre-Cálculo ING -GEO;Precálculo;15/07/2024 8:57:19 a. m.;368;72;0,633333333;14;79;58;79;25,8;44;1,627626593;25,8;Ciencia de Datos;División de Ciencias Básicas;CALCULO I;MAT1101;4 Temas Parcial 2 Cálculo I;44;2 Ecuaciones y desigualdades;3,5;502;2 Avance entre [ 40 - 60 temas];Cumplimiento meta;2,7
202430;N;698;N;16/07/2024 2:28:42 p. m.;202430 Pre-Cálculo ING -GEO;Precálculo;16/07/2024 2:30:11 p. m.;327;63;2,066666667;20;79;22;79;5,733333333;3;0,348550128;5,733333333;Ingeniería Sistemas Y Computac;División de Ingenierías;CALCULO I;MAT1101;2 Ecuaciones y desigualdades;2;2 Ecuaciones y desigualdades;3,2;698;0 Avance menor a 19 temas;No alcanzo meta;3
202430;N;699;N;15/07/2024 2:07:01 p. m.;202430 Pre-Cálculo ING -GEO;Precálculo;15/07/2024 2:10:08 p. m.;357;75;0,8;5;79;79;79;33,53333333;87;2,385745173;33,53333333;Ingeniería Mecánica;División de Ingenierías;CALCULO I;MAT1101;4 Temas Parcial 2 Cálculo I;74;1 Repaso de álgebra y geometría;4,6;699;3 Avance superior a 60 temas;Cumplimiento meta;3,7
202430;N;700;N;15/07/2024 8:22:05 a. m.;202430 Pre-Cálculo ING -GEO;Precálculo;15/07/2024 8:29:03 a. m.;336;64;0,566666667;5;79;38;79;18,05;32;1,77274406;18,05;Ingeniería Industrial;División de Ingenierías;CALCULO I;MAT1101;3 Temas Parcial 1 Cálculo I;33;1 Repaso de álgebra y geometría;3,3;700;1 Avance entre [ 19 - 40 temas];Cumplimiento meta;3,3
202430;N;701;N;8/07/2024 9:41:13 a. m.;202430 Pre-Cálculo ING -GEO;Precálculo;8/07/2024 10:06:21 a. m.;353;74;0,566666667;7;79;60;79;22,4;53;2,276164737;22,4;Ingeniería Civil;División de Ingenierías;CALCULO I;MAT1101;4 Temas Parcial 2 Cálculo I;53;1 Repaso de álgebra y geometría;3,9;701;2 Avance entre [ 40 - 60 temas];Cumplimiento meta;3,7
202430;N;702;N;15/07/2024 1:59:05 p. m.;202430 Pre-Cálculo ING -GEO;Precálculo;15/07/2024 2:01:33 p. m.;369;71;1,083333333;6;79;34;79;27,7;34;1,046689993;27,7;Ingeniería Mecánica;División de Ingenierías;CALCULO I;MAT1101;3 Temas Parcial 1 Cálculo I;28;1 Repaso de álgebra y geometría;4;702;1 Avance entre [ 19 - 40 temas];Cumplimiento meta;3,4
202430;N;703;N;17/07/2024 1:45:43 p. m.;202430 Pre-Cálculo ING -GEO;Precálculo;17/07/2024 1:48:03 p. m.;431;81;0,316666667;8;79;12;79;2,433333333;4;1,638598088;2,433333333;Ingeniería Sistemas Y Computac;División de Ingenierías;CALCULO I;MAT1101;2 Ecuaciones y desigualdades;4;1 Repaso de álgebra y geometría;3;703;0 Avance menor a 19 temas;No alcanzo meta;1,5
202430;N;704;N;27/07/2024 8:46:30 a. m.;202430 Pre-Cálculo ING -GEO;Precálculo;27/07/2024 8:49:56 a. m.;357;63;1,95;30;79;34;79;3,45;4;1,156998232;3,45;Ingeniería Industrial;División de Ingenierías;CALCULO I;MAT1101;3 Temas Parcial 1 Cálculo I;4;2 Ecuaciones y desigualdades;5;704;0 Avance menor a 19 temas;Cumplimiento meta;5
202430;N;705;N;15/07/2024 8:07:48 a. m.;202430 Pre-Cálculo ING -GEO;Precálculo;15/07/2024 8:13:20 a. m.;357;75;0,316666667;3;79;31;79;17,91666667;34;1,730957145;17,91666667;Ingeniería Industrial;División de Ingenierías;CALCULO I;MAT1101;3 Temas Parcial 1 Cálculo I;28;1 Repaso de álgebra y geometría;3,6;705;1 Avance entre [ 19 - 40 temas];Cumplimiento meta;3,6
202430;N;706;N;15/07/2024 1:44:56 p. m.;202430 Pre-Cálculo ING -GEO;Precálculo;15/07/2024 1:53:21 p. m.;352;69;0,5;8;79;49;79;21,61666667;46;1,989129178;21,61666667;Ingeniería Civil;División de Ingenierías;CALCULO I;MAT1101;3 Temas Parcial 1 Cálculo I;41;1 Repaso de álgebra y geometría;4,5;706;2 Avance entre [ 40 - 60 temas];Cumplimiento meta;4,3
202430;N;707;N;8/07/2024 10:05:09 a. m.;202430 Pre-Cálculo ING -GEO;Precálculo;8/07/2024 10:10:37 a. m.;325;63;0,483333333;7;79;74;79;29,05;71;2,203498436;29,05;Ingeniería Sistemas Y Computac;División de Ingenierías;CALCULO I;MAT1101;4 Temas Parcial 2 Cálculo I;67;1 Repaso de álgebra y geometría;2,9;707;3 Avance superior a 60 temas;Cumplimiento meta;3,4
202430;N;503;N;17/07/2024 10:19:38 a. m.;202430 Pre-Cálculo ING -GEO;Precálculo;17/07/2024 11:02:16 a. m.;358;70;1,85;27;79;68;79;21,63333333;49;1,803236578;21,63333333;Ciencia de Datos;División de Ciencias Básicas;CALCULO I;MAT1101;4 Temas Parcial 2 Cálculo I;41;2 Ecuaciones y desigualdades;2,8;503;2 Avance entre [ 40 - 60 temas];Cumplimiento meta;2,7
202430;N;708;N;18/07/2024 2:38:51 p. m.;202430 Pre-Cálculo ING -GEO;Precálculo;18/07/2024 2:41:59 p. m.;352;71;1,7;7;79;7;79;1,816666667;0;0;1,816666667;Ingeniería Civil;División de Ingenierías;CALCULO I;MAT1101;1 Repaso de Álgebra y Geometría;0;1 Repaso de álgebra y geometría;2;708;0 Avance menor a 19 temas;No alcanzo meta;1,5
202430;N;709;N;15/07/2024 8:13:54 a. m.;202430 Pre-Cálculo ING -GEO;Precálculo;15/07/2024 8:17:18 a. m.;365;75;1,4;7;79;61;79;34,18333333;67;1,784480867;34,18333333;Ingeniería Industrial;División de Ingenierías;CALCULO I;MAT1101;4 Temas Parcial 2 Cálculo I;54;1 Repaso de álgebra y geometría;2;709;2 Avance entre [ 40 - 60 temas];Cumplimiento meta;3,3
202430;N;710;N;15/07/2024 9:04:25 a. m.;202430 Pre-Cálculo ING -GEO;Precálculo;15/07/2024 9:08:25 a. m.;405;77;1,416666667;72;79;79;79;6,4;9;1,249349297;6,4;Ingeniería Industrial;División de Ingenierías;CALCULO I;MAT1101;4 Temas Parcial 2 Cálculo I;7;4 Temas Parcial 2 Cálculo I;5;710;0 Avance menor a 19 temas;Cumplimiento meta;4,5
202430;N;711;N;22/07/2024 8:53:12 a. m.;202430 Pre-Cálculo ING -GEO;Precálculo;22/07/2024 8:58:33 a. m.;393;72;2,016666667;29;79;49;79;12,6;22;1,746840468;12,6;Ingeniería Civil;División de Ingenierías;CALCULO I;MAT1101;3 Temas Parcial 1 Cálculo I;20;2 Ecuaciones y desigualdades;4,6;711;1 Avance entre [ 19 - 40 temas];Cumplimiento meta;4,3
202430;N;712;N;15/07/2024 1:58:55 p. m.;202430 Pre-Cálculo ING -GEO;Precálculo;15/07/2024 2:01:20 p. m.;346;75;1,583333333;11;79;44;79;23,1;42;1,688453814;23,1;Ingeniería Sistemas Y Computac;División de Ingenierías;CALCULO I;MAT1101;3 Temas Parcial 1 Cálculo I;33;2 Ecuaciones y desigualdades;2,5;712;1 Avance entre [ 19 - 40 temas];Cumplimiento meta;3
202430;N;713;N;15/07/2024 8:05:45 a. m.;202430 Pre-Cálculo ING -GEO;Precálculo;15/07/2024 8:08:24 a. m.;345;68;0,516666667;7;79;72;79;30,35;78;2,438198442;30,35;Ingeniería Electrónica;División de Ingenierías;CALCULO I;MAT1101;4 Temas Parcial 2 Cálculo I;65;1 Repaso de álgebra y geometría;4,7;713;3 Avance superior a 60 temas;Cumplimiento meta;3,8
202510;N;714;N;13/01/2025 9:48:05 a. m.;202510 Pre Cálculo ANEC;Precálculo;13/01/2025 9:49:29 a. m.;349;62;0,75;11;79;18;79;6;10;1,166612657;6;Negocios Internacionales;Escuela de Negocios;CALCULO I (ANEC);MAT1100;2 Ecuaciones y desigualdades;7;2 Ecuaciones y desigualdades;4,9;714;0 Avance menor a 18 temas;No alcanzo meta;3,3
202510;N;715;N;13/01/2025 9:53:00 a. m.;202510 Pre Cálculo ANEC;Precálculo;13/01/2025 9:53:56 a. m.;282;48;1,416666667;24;79;33;79;15,95;14;0,564125779;15,95;Contaduría Pública;Escuela de Negocios;CALCULO I (ANEC);MAT1100;3 Temas Parcial 1 Cálculo I;9;2 Ecuaciones y desigualdades;4,3;715;0 Avance menor a 18 temas;Cumplimiento meta;4
202510;N;716;N;13/01/2025 2:18:23 p. m.;202510 Pre Cálculo ANEC;Precálculo;13/01/2025 2:19:03 p. m.;353;85;0,766666667;6;79;47;79;14,18333333;38;2,608338066;14,18333333;Economía;Div Humanidades, Artes y Cs. S;CALCULO I (ANEC);MAT1100;3 Temas Parcial 1 Cálculo I;41;1 Repaso de álgebra y geometría;4,7;716;2 Avance entre [ 37 - 55 temas];Cumplimiento meta;4,9
202510;N;717;N;13/01/2025 2:19:06 p. m.;202510 Pre Cálculo ANEC;Precálculo;13/01/2025 2:21:18 p. m.;386;82;1,133333333;13;79;59;79;22,48333333;49;2,090437361;22,48333333;Economía;Div Humanidades, Artes y Cs. S;CALCULO I (ANEC);MAT1100;4 Temas Parcial 2 Cálculo I;46;2 Ecuaciones y desigualdades;4,8;717;2 Avance entre [ 37 - 55 temas];Cumplimiento meta;4,9
202510;N;718;N;13/01/2025 9:49:11 a. m.;202510 Pre Cálculo ANEC;Precálculo;13/01/2025 9:52:02 a. m.;341;67;0,6;8;79;46;79;21,75;45;1,931355142;21,75;Negocios Internacionales;Escuela de Negocios;CALCULO I (ANEC);MAT1100;3 Temas Parcial 1 Cálculo I;38;1 Repaso de álgebra y geometría;4,9;718;2 Avance entre [ 37 - 55 temas];Cumplimiento meta;4,7
202510;N;719;N;13/01/2025 9:53:29 a. m.;202510 Pre Cálculo ANEC;Precálculo;13/01/2025 9:54:19 a. m.;308;63;0,733333333;35;79;39;79;7,05;7;0,566929134;7,05;Administración de Empresas;Escuela de Negocios;CALCULO I (ANEC);MAT1100;3 Temas Parcial 1 Cálculo I;4;3 Temas Parcial 1 Cálculo I;2,5;719;0 Avance menor a 18 temas;Cumplimiento meta;2,8
202510;N;720;N;13/01/2025 9:49:05 a. m.;202510 Pre Cálculo ANEC;Precálculo;13/01/2025 9:53:39 a. m.;396;75;0,833333333;9;79;52;79;30,9;42;1,327003992;30,9;Negocios Internacionales;Escuela de Negocios;CALCULO I (ANEC);MAT1100;3 Temas Parcial 1 Cálculo I;43;1 Repaso de álgebra y geometría;5;720;2 Avance entre [ 37 - 55 temas];Cumplimiento meta;4,8
202510;N;721;N;13/01/2025 9:49:14 a. m.;202510 Pre Cálculo ANEC;Precálculo;13/01/2025 9:50:55 a. m.;350;69;1,166666667;8;79;43;79;22,78333333;39;1,492482716;22,78333333;Negocios Internacionales;Escuela de Negocios;CALCULO I (ANEC);MAT1100;3 Temas Parcial 1 Cálculo I;35;1 Repaso de álgebra y geometría;2,92;721;1 Avance entre [ 18 - 37 temas];Cumplimiento meta;3,4
202510;N;722;N;13/01/2025 9:52:27 a. m.;202510 Pre Cálculo ANEC;Precálculo;13/01/2025 9:53:30 a. m.;356;75;0,466666667;4;79;34;79;15,66666667;33;2,042589408;15,66666667;Contaduría Pública;Escuela de Negocios;CALCULO I (ANEC);MAT1100;3 Temas Parcial 1 Cálculo I;30;1 Repaso de álgebra y geometría;5;722;1 Avance entre [ 18 - 37 temas];Cumplimiento meta;5
202510;N;723;N;13/01/2025 9:49:14 a. m.;202510 Pre Cálculo ANEC;Precálculo;13/01/2025 9:50:41 a. m.;425;77;1,15;26;79;77;79;23,83333333;50;2,013422819;23,83333333;Negocios Internacionales;Escuela de Negocios;CALCULO I (ANEC);MAT1100;4 Temas Parcial 2 Cálculo I;51;2 Ecuaciones y desigualdades;5;723;2 Avance entre [ 37 - 55 temas];Cumplimiento meta;5
202510;N;724;N;13/01/2025 9:48:42 a. m.;202510 Pre Cálculo ANEC;Precálculo;13/01/2025 9:49:49 a. m.;308;64;0,766666667;5;79;6;79;1,9;2;0,524857851;1,9;Negocios Internacionales;Escuela de Negocios;CALCULO I (ANEC);MAT1100;1 Repaso de Álgebra y Geometría;1;1 Repaso de álgebra y geometría;3,7;724;0 Avance menor a 18 temas;No alcanzo meta;3,5
202510;N;725;N;13/01/2025 9:51:58 a. m.;202510 Pre Cálculo ANEC;Precálculo;13/01/2025 9:53:01 a. m.;372;72;0,466666667;6;79;43;79;15,08333333;50;2,719434004;15,08333333;Contaduría Pública;Escuela de Negocios;CALCULO I (ANEC);MAT1100;3 Temas Parcial 1 Cálculo I;37;1 Repaso de álgebra y geometría;5;725;2 Avance entre [ 37 - 55 temas];Cumplimiento meta;4,7
202510;N;726;N;13/01/2025 9:52:30 a. m.;202510 Pre Cálculo ANEC;Precálculo;13/01/2025 9:54:13 a. m.;367;76;0,283333333;3;79;28;79;24,31666667;33;1,192706667;24,31666667;Básico Negoc Internacionales;Centro de Educ. Continuada;CALCULO I (ANEC);MAT1100;2 Ecuaciones y desigualdades;25;1 Repaso de álgebra y geometría;3,3;726;1 Avance entre [ 18 - 37 temas];No alcanzo meta;3,1
202510;N;727;N;13/01/2025 9:49:42 a. m.;202510 Pre Cálculo ANEC;Precálculo;13/01/2025 9:50:40 a. m.;328;66;0,466666667;5;79;55;79;20,05;55;2,344009753;20,05;Administración de Empresas;Escuela de Negocios;CALCULO I (ANEC);MAT1100;3 Temas Parcial 1 Cálculo I;50;1 Repaso de álgebra y geometría;4,3;727;2 Avance entre [ 37 - 55 temas];Cumplimiento meta;4,2
202510;N;728;N;13/01/2025 9:48:50 a. m.;202510 Pre Cálculo ANEC;Precálculo;13/01/2025 9:50:03 a. m.;404;77;2,316666667;31;79;77;79;26,45;44;1,587484907;26,45;Negocios Internacionales;Escuela de Negocios;CALCULO I (ANEC);MAT1100;4 Temas Parcial 2 Cálculo I;46;3 Temas Parcial 1 Cálculo I;5;728;2 Avance entre [ 37 - 55 temas];Cumplimiento meta;5
202510;N;729;N;13/01/2025 9:49:26 a. m.;202510 Pre Cálculo ANEC;Precálculo;13/01/2025 9:51:41 a. m.;330;59;0,466666667;6;79;46;79;23,8;41;1,680417304;23,8;Negocios Internacionales;Escuela de Negocios;CALCULO I (ANEC);MAT1100;3 Temas Parcial 1 Cálculo I;40;1 Repaso de álgebra y geometría;2,2;729;2 Avance entre [ 37 - 55 temas];Cumplimiento meta;3,5
202510;N;730;N;13/01/2025 9:49:24 a. m.;202510 Pre Cálculo ANEC;Precálculo;13/01/2025 9:53:06 a. m.;389;81;0,85;5;79;34;79;30,08333333;34;0,997441747;30,08333333;Negocios Internacionales;Escuela de Negocios;CALCULO I (ANEC);MAT1100;3 Temas Parcial 1 Cálculo I;29;1 Repaso de álgebra y geometría;4,9;730;1 Avance entre [ 18 - 37 temas];Cumplimiento meta;4,4
202510;N;731;N;13/01/2025 2:23:10 p. m.;202510 Pre Cálculo ANEC;Precálculo;13/01/2025 2:25:03 p. m.;286;71;0,533333333;23;79;43;79;11,18333333;23;1,787398838;11,18333333;Economía;Div Humanidades, Artes y Cs. S;CALCULO I (ANEC);MAT1100;3 Temas Parcial 1 Cálculo I;20;2 Ecuaciones y desigualdades;3,6;731;1 Avance entre [ 18 - 37 temas];Cumplimiento meta;3,9
202510;N;732;N;13/01/2025 9:58:20 a. m.;202510 Pre Cálculo ANEC;Precálculo;13/01/2025 10:00:18 a. m.;246;49;1,366666667;10;79;15;79;12,81666667;8;0,389897327;12,81666667;Administración de Empresas;Escuela de Negocios;CALCULO I (ANEC);MAT1100;2 Ecuaciones y desigualdades;5;1 Repaso de álgebra y geometría;1,9;732;0 Avance menor a 18 temas;No alcanzo meta;2,5
202510;N;733;N;14/01/2025 8:14:41 a. m.;202510 Pre Cálculo ANEC;Precálculo;14/01/2025 8:15:34 a. m.;291;57;0,483333333;3;79;12;79;11,15;13;0,807074355;11,15;Negocios Internacionales;Escuela de Negocios;CALCULO I (ANEC);MAT1100;2 Ecuaciones y desigualdades;9;1 Repaso de álgebra y geometría;3,1;733;0 Avance menor a 18 temas;No alcanzo meta;3,3
202510;N;734;N;13/01/2025 9:52:02 a. m.;202510 Pre Cálculo ANEC;Precálculo;13/01/2025 9:53:34 a. m.;385;78;0,25;4;79;79;79;24,41666667;80;3,113300941;24,41666667;Contaduría Pública;Escuela de Negocios;CALCULO I (ANEC);MAT1100;4 Temas Parcial 2 Cálculo I;75;1 Repaso de álgebra y geometría;5;734;3 Avance superior a 55 temas;Cumplimiento meta;5
202510;N;735;N;13/01/2025 9:55:31 a. m.;202510 Pre Cálculo ANEC;Precálculo;13/01/2025 9:56:50 a. m.;397;74;0,633333333;6;79;76;79;25,4;81;3,031396608;25,4;Contaduría Pública;Escuela de Negocios;CALCULO I (ANEC);MAT1100;4 Temas Parcial 2 Cálculo I;70;1 Repaso de álgebra y geometría;5;735;3 Avance superior a 55 temas;Cumplimiento meta;4,9
202510;N;736;N;13/01/2025 9:51:38 a. m.;202510 Pre Cálculo ANEC;Precálculo;13/01/2025 9:55:53 a. m.;364;68;0,733333333;5;79;28;79;22,33333333;32;1,074920998;22,33333333;Negocios Internacionales;Escuela de Negocios;CALCULO I (ANEC);MAT1100;2 Ecuaciones y desigualdades;23;1 Repaso de álgebra y geometría;4,4;736;1 Avance entre [ 18 - 37 temas];No alcanzo meta;3,6
202510;N;737;N;13/01/2025 9:49:57 a. m.;202510 Pre Cálculo ANEC;Precálculo;13/01/2025 9:51:08 a. m.;292;63;0,85;7;79;52;79;34,88333333;59;1,433372087;34,88333333;Negocios Internacionales;Escuela de Negocios;CALCULO I (ANEC);MAT1100;3 Temas Parcial 1 Cálculo I;45;1 Repaso de álgebra y geometría;4,04;737;2 Avance entre [ 37 - 55 temas];Cumplimiento meta;3,9
202510;N;738;N;13/01/2025 2:23:19 p. m.;202510 Pre Cálculo ANEC;Precálculo;13/01/2025 2:25:21 p. m.;402;100;0,416666667;4;79;22;79;16,68333333;24;1,378736159;16,68333333;Ingeniería Civil;División de Ingenierías;CALCULO I (ANEC);MAT1100;2 Ecuaciones y desigualdades;18;1 Repaso de álgebra y geometría;;738;1 Avance entre [ 18 - 37 temas];No alcanzo meta;1,5
202510;N;739;N;13/01/2025 9:51:24 a. m.;202510 Pre Cálculo ANEC;Precálculo;13/01/2025 9:53:43 a. m.;353;70;0,683333333;18;79;61;79;18,9;52;2,540765464;18,9;Negocios Internacionales;Escuela de Negocios;CALCULO I (ANEC);MAT1100;4 Temas Parcial 2 Cálculo I;43;2 Ecuaciones y desigualdades;4,04;739;2 Avance entre [ 37 - 55 temas];Cumplimiento meta;4,1
202510;N;740;N;13/01/2025 2:22:04 p. m.;202510 Pre Cálculo ANEC;Precálculo;13/01/2025 2:22:47 p. m.;387;84;1,033333333;14;79;63;79;20,78333333;59;2,549268488;20,78333333;Economía;Div Humanidades, Artes y Cs. S;CALCULO I (ANEC);MAT1100;4 Temas Parcial 2 Cálculo I;49;2 Ecuaciones y desigualdades;4,6;740;2 Avance entre [ 37 - 55 temas];Cumplimiento meta;4,5
202510;N;741;N;13/01/2025 9:49:07 a. m.;202510 Pre Cálculo ANEC;Precálculo;13/01/2025 9:51:01 a. m.;418;75;1,433333333;22;79;55;79;21,98333333;48;2,138415651;21,98333333;Negocios Internacionales;Escuela de Negocios;CALCULO I (ANEC);MAT1100;3 Temas Parcial 1 Cálculo I;33;2 Ecuaciones y desigualdades;5;741;1 Avance entre [ 18 - 37 temas];Cumplimiento meta;4,9
202530;N;742;N;21/07/2025 8:26:09 a. m.;202530 Pre Cálculo ANEC;Precálculo;21/07/2025 8:28:44 a. m.;383;82;0,233333333;3;79;21;79;7,133333333;19;2,522185894;7,133333333;Economía;Div Humanidades, Artes y Cs. S;CALCULO I (ANEC);MAT1100;2 Ecuaciones y desigualdades;18;1 Repaso de álgebra y geometría;4,4;742;1 Avance entre [ 18 - 37 temas];No alcanzo meta;4
202530;N;743;N;17/07/2025 2:32:41 p. m.;202530 Pre Cálculo ANEC;Precálculo;17/07/2025 2:36:57 p. m.;337;70;0,733333333;11;79;17;79;5,733333333;9;1,046410232;5,733333333;Negocios Internacionales;Escuela de Negocios;CALCULO I (ANEC);MAT1100;2 Ecuaciones y desigualdades;6;2 Ecuaciones y desigualdades;5;743;0 Avance menor a 18 temas;No alcanzo meta;4,6
202530;N;744;N;16/07/2025 8:25:32 a. m.;202530 Pre Cálculo ANEC;Precálculo;16/07/2025 8:31:04 a. m.;313;69;0,45;5;79;28;79;9,716666667;24;2,366728598;9,716666667;Negocios Internacionales;Escuela de Negocios;CALCULO I (ANEC);MAT1100;2 Ecuaciones y desigualdades;23;1 Repaso de álgebra y geometría;2,3;744;1 Avance entre [ 18 - 37 temas];No alcanzo meta;1,5
202530;N;745;N;14/07/2025 9:07:34 a. m.;202530 Pre Cálculo ANEC;Precálculo;14/07/2025 9:09:48 a. m.;360;70;0,3;4;79;30;79;15,91666667;32;1,758517821;15,91666667;Negocios Internacionales;Escuela de Negocios;CALCULO I (ANEC);MAT1100;2 Ecuaciones y desigualdades;26;1 Repaso de álgebra y geometría;4,3;745;1 Avance entre [ 18 - 37 temas];No alcanzo meta;4,7
202530;N;746;N;14/07/2025 9:07:18 a. m.;202530 Pre Cálculo ANEC;Precálculo;14/07/2025 9:10:59 a. m.;336;65;0,433333333;5;79;46;79;15,46666667;41;2,457691064;15,46666667;Administración de Empresas;Escuela de Negocios;CALCULO I (ANEC);MAT1100;3 Temas Parcial 1 Cálculo I;41;1 Repaso de álgebra y geometría;4,7;746;2 Avance entre [ 37 - 55 temas];Cumplimiento meta;4,8
202530;N;747;N;14/07/2025 9:08:02 a. m.;202530 Pre Cálculo ANEC;Precálculo;14/07/2025 9:11:51 a. m.;396;75;1,7;34;79;79;79;28,9;52;1,764281939;28,9;Contaduría Pública;Escuela de Negocios;CALCULO I (ANEC);MAT1100;4 Temas Parcial 2 Cálculo I;45;3 Temas Parcial 1 Cálculo I;5;747;2 Avance entre [ 37 - 55 temas];Cumplimiento meta;5
202530;N;748;N;16/07/2025 8:16:24 a. m.;202530 Pre Cálculo ANEC;Precálculo;16/07/2025 8:24:56 a. m.;226;48;2,15;65;79;71;79;7,633333333;9;0,785254662;7,633333333;Negocios Internacionales;Escuela de Negocios;CALCULO I (ANEC);MAT1100;4 Temas Parcial 2 Cálculo I;6;4 Temas Parcial 2 Cálculo I;3,4;748;0 Avance menor a 18 temas;Cumplimiento meta;3
202530;N;749;N;14/07/2025 9:08:01 a. m.;202530 Pre Cálculo ANEC;Precálculo;14/07/2025 9:11:33 a. m.;395;72;0,566666667;8;79;42;79;12,51666667;29;2,156932363;12,51666667;Negocios Internacionales;Escuela de Negocios;CALCULO I (ANEC);MAT1100;3 Temas Parcial 1 Cálculo I;34;1 Repaso de álgebra y geometría;4,3;749;1 Avance entre [ 18 - 37 temas];Cumplimiento meta;4,4
202530;N;750;N;14/07/2025 9:07:14 a. m.;202530 Pre Cálculo ANEC;Precálculo;14/07/2025 9:11:52 a. m.;365;74;1,2;17;79;40;79;20,71666667;31;1,109830309;20,71666667;Contaduría Pública;Escuela de Negocios;CALCULO I (ANEC);MAT1100;3 Temas Parcial 1 Cálculo I;23;2 Ecuaciones y desigualdades;5;750;1 Avance entre [ 18 - 37 temas];Cumplimiento meta;4,9
202530;N;751;N;14/07/2025 9:08:54 a. m.;202530 Pre Cálculo ANEC;Precálculo;14/07/2025 9:13:56 a. m.;339;67;1,216666667;11;79;38;79;9,95;29;2,714780471;9,95;Administración de Empresas;Escuela de Negocios;CALCULO I (ANEC);MAT1100;3 Temas Parcial 1 Cálculo I;27;2 Ecuaciones y desigualdades;4,7;751;1 Avance entre [ 18 - 37 temas];Cumplimiento meta;4,8
202530;N;752;N;14/07/2025 9:06:30 a. m.;202530 Pre Cálculo ANEC;Precálculo;14/07/2025 9:10:55 a. m.;387;80;0,666666667;8;79;37;79;15,4;27;1,688159437;15,4;Negocios Internacionales;Escuela de Negocios;CALCULO I (ANEC);MAT1100;3 Temas Parcial 1 Cálculo I;29;1 Repaso de álgebra y geometría;5;752;1 Avance entre [ 18 - 37 temas];Cumplimiento meta;4,3
202530;N;753;N;15/07/2025 8:17:56 a. m.;202530 Pre Cálculo ANEC;Precálculo;15/07/2025 8:22:59 a. m.;316;60;1,116666667;51;79;62;79;9,85;14;1,11649938;9,85;Negocios Internacionales;Escuela de Negocios;CALCULO I (ANEC);MAT1100;4 Temas Parcial 2 Cálculo I;11;3 Temas Parcial 1 Cálculo I;4,4;753;0 Avance menor a 18 temas;Cumplimiento meta;4,2
202530;N;754;N;16/07/2025 2:08:10 p. m.;202530 Pre Cálculo ANEC;Precálculo;16/07/2025 2:11:39 p. m.;302;64;0,716666667;10;79;22;79;15,8;14;0,759146663;15,8;Negocios Internacionales;Escuela de Negocios;CALCULO I (ANEC);MAT1100;2 Ecuaciones y desigualdades;12;1 Repaso de álgebra y geometría;1,8;754;0 Avance menor a 18 temas;No alcanzo meta;1,5
202530;N;755;N;16/07/2025 1:58:29 p. m.;202530 Pre Cálculo ANEC;Precálculo;16/07/2025 2:02:10 p. m.;353;68;0,683333333;5;79;39;79;29,05;36;1,136135418;29,05;Negocios Internacionales;Escuela de Negocios;CALCULO I (ANEC);MAT1100;3 Temas Parcial 1 Cálculo I;34;1 Repaso de álgebra y geometría;3,8;755;1 Avance entre [ 18 - 37 temas];Cumplimiento meta;4,2
202530;N;756;N;14/07/2025 9:07:33 a. m.;202530 Pre Cálculo ANEC;Precálculo;14/07/2025 9:10:33 a. m.;361;81;2,283333333;57;79;79;79;11,95;23;1,8419033;11,95;Economía;Div Humanidades, Artes y Cs. S;CALCULO I (ANEC);MAT1100;4 Temas Parcial 2 Cálculo I;22;4 Temas Parcial 2 Cálculo I;4,6;756;1 Avance entre [ 18 - 37 temas];Cumplimiento meta;4,8
202530;N;757;N;17/07/2025 8:39:58 a. m.;202530 Pre Cálculo ANEC;Precálculo;17/07/2025 8:43:54 a. m.;359;69;1,833333333;19;79;20;79;2,983333333;1;0,334417092;2,983333333;Negocios Internacionales;Escuela de Negocios;CALCULO I (ANEC);MAT1100;2 Ecuaciones y desigualdades;1;2 Ecuaciones y desigualdades;5;757;0 Avance menor a 18 temas;No alcanzo meta;4,9
202530;N;758;N;14/07/2025 9:10:04 a. m.;202530 Pre Cálculo ANEC;Precálculo;14/07/2025 9:15:40 a. m.;374;71;0,7;5;79;38;79;15,01666667;22;1,398730781;15,01666667;Negocios Internacionales;Escuela de Negocios;CALCULO I (ANEC);MAT1100;3 Temas Parcial 1 Cálculo I;33;1 Repaso de álgebra y geometría;4,6;758;1 Avance entre [ 18 - 37 temas];Cumplimiento meta;4,6
202530;N;759;N;14/07/2025 9:08:21 a. m.;202530 Pre Cálculo ANEC;Precálculo;14/07/2025 9:12:52 a. m.;375;79;0,5;4;79;34;79;24,26666667;32;1,195178075;24,26666667;Negocios Internacionales;Escuela de Negocios;CALCULO I (ANEC);MAT1100;3 Temas Parcial 1 Cálculo I;30;1 Repaso de álgebra y geometría;4,2;759;1 Avance entre [ 18 - 37 temas];Cumplimiento meta;4,4
202530;N;760;N;14/07/2025 9:08:13 a. m.;202530 Pre Cálculo ANEC;Precálculo;14/07/2025 9:11:18 a. m.;365;75;0,616666667;6;79;38;79;10,46666667;20;1,911639762;10,46666667;Administración de Empresas;Escuela de Negocios;CALCULO I (ANEC);MAT1100;3 Temas Parcial 1 Cálculo I;32;1 Repaso de álgebra y geometría;5;760;1 Avance entre [ 18 - 37 temas];Cumplimiento meta;4,5
202530;N;761;N;14/07/2025 9:07:55 a. m.;202530 Pre Cálculo ANEC;Precálculo;14/07/2025 9:16:39 a. m.;304;61;1,316666667;34;79;54;79;19,01666667;22;1,05180121;19,01666667;Contaduría Pública;Escuela de Negocios;CALCULO I (ANEC);MAT1100;3 Temas Parcial 1 Cálculo I;20;3 Temas Parcial 1 Cálculo I;4,8;761;1 Avance entre [ 18 - 37 temas];Cumplimiento meta;4
202530;N;762;N;15/07/2025 8:20:42 a. m.;202530 Pre Cálculo ANEC;Precálculo;15/07/2025 8:24:48 a. m.;222;41;0,783333333;28;79;38;79;5,616666667;11;1,7809439;5,616666667;Administración de Empresas;Escuela de Negocios;CALCULO I (ANEC);MAT1100;3 Temas Parcial 1 Cálculo I;10;2 Ecuaciones y desigualdades;;762;0 Avance menor a 18 temas;Cumplimiento meta;1,5
202530;N;763;N;14/07/2025 9:07:19 a. m.;202530 Pre Cálculo ANEC;Precálculo;14/07/2025 9:12:21 a. m.;341;63;0,483333333;5;79;50;79;27,06666667;47;1,625782613;27,06666667;Negocios Internacionales;Escuela de Negocios;CALCULO I (ANEC);MAT1100;3 Temas Parcial 1 Cálculo I;45;1 Repaso de álgebra y geometría;4,5;763;2 Avance entre [ 37 - 55 temas];Cumplimiento meta;3,9
202530;N;764;N;14/07/2025 9:07:20 a. m.;202530 Pre Cálculo ANEC;Precálculo;14/07/2025 9:12:27 a. m.;375;73;0,583333333;13;79;70;79;31,55;63;1,837882562;31,55;Negocios Internacionales;Escuela de Negocios;CALCULO I (ANEC);MAT1100;4 Temas Parcial 2 Cálculo I;57;2 Ecuaciones y desigualdades;4,5;764;3 Avance superior a 55 temas;Cumplimiento meta;4,4
202530;N;765;N;14/07/2025 9:07:14 a. m.;202530 Pre Cálculo ANEC;Precálculo;14/07/2025 9:10:24 a. m.;376;84;0,616666667;16;79;49;79;12,85;33;2,488819755;12,85;Economía;Div Humanidades, Artes y Cs. S;CALCULO I (ANEC);MAT1100;3 Temas Parcial 1 Cálculo I;33;2 Ecuaciones y desigualdades;4,8;765;1 Avance entre [ 18 - 37 temas];Cumplimiento meta;4,7
202530;N;766;N;14/07/2025 9:07:37 a. m.;202530 Pre Cálculo ANEC;Precálculo;14/07/2025 9:12:25 a. m.;355;68;0,533333333;4;79;41;79;23,51666667;36;1,40284584;23,51666667;Negocios Internacionales;Escuela de Negocios;CALCULO I (ANEC);MAT1100;3 Temas Parcial 1 Cálculo I;37;1 Repaso de álgebra y geometría;5;766;2 Avance entre [ 37 - 55 temas];Cumplimiento meta;3,9
202530;N;767;N;18/07/2025 8:41:17 a. m.;202530 Pre Cálculo ANEC;Precálculo;18/07/2025 8:44:31 a. m.;340;76;0,933333333;3;79;8;79;6,566666667;6;0,761292505;6,566666667;Economía;Div Humanidades, Artes y Cs. S;CALCULO I (ANEC);MAT1100;1 Repaso de Álgebra y Geometría;5;1 Repaso de álgebra y geometría;3,1;767;0 Avance menor a 18 temas;No alcanzo meta;3,9
202530;N;768;N;14/07/2025 9:07:04 a. m.;202530 Pre Cálculo ANEC;Precálculo;14/07/2025 9:12:42 a. m.;343;69;0,533333333;3;79;33;79;21,4;28;1,168603519;21,4;Negocios Internacionales;Escuela de Negocios;CALCULO I (ANEC);MAT1100;3 Temas Parcial 1 Cálculo I;30;1 Repaso de álgebra y geometría;3,7;768;1 Avance entre [ 18 - 37 temas];Cumplimiento meta;3,6
202530;N;769;N;14/07/2025 9:07:21 a. m.;202530 Pre Cálculo ANEC;Precálculo;14/07/2025 9:13:07 a. m.;367;89;1,15;25;79;39;79;11,16666667;16;1,253668972;11,16666667;Economía;Div Humanidades, Artes y Cs. S;CALCULO I (ANEC);MAT1100;3 Temas Parcial 1 Cálculo I;14;2 Ecuaciones y desigualdades;3,9;769;0 Avance menor a 18 temas;Cumplimiento meta;3,8
202530;N;770;N;17/07/2025 8:00:34 a. m.;202530 Pre Cálculo ANEC;Precálculo;17/07/2025 8:05:12 a. m.;477;80;1,7;5;79;32;79;22,06666667;28;1,087722832;22,06666667;Negocios Internacionales;Escuela de Negocios;CALCULO I (ANEC);MAT1100;3 Temas Parcial 1 Cálculo I;27;1 Repaso de álgebra y geometría;5;770;1 Avance entre [ 18 - 37 temas];Cumplimiento meta;4,4
202530;N;771;N;14/07/2025 9:07:18 a. m.;202530 Pre Cálculo ANEC;Precálculo;14/07/2025 9:09:49 a. m.;385;77;0,75;21;79;72;79;15,1;59;3,773515512;15,1;Administración de Empresas;Escuela de Negocios;CALCULO I (ANEC);MAT1100;4 Temas Parcial 2 Cálculo I;51;2 Ecuaciones y desigualdades;5;771;2 Avance entre [ 37 - 55 temas];Cumplimiento meta;4,9
202530;N;772;N;14/07/2025 9:07:44 a. m.;202530 Pre Cálculo ANEC;Precálculo;14/07/2025 9:15:00 a. m.;276;52;0,5;4;79;36;79;20,3;33;1,379782356;20,3;Economía;Div Humanidades, Artes y Cs. S;CALCULO I (ANEC);MAT1100;3 Temas Parcial 1 Cálculo I;32;1 Repaso de álgebra y geometría;4,8;772;1 Avance entre [ 18 - 37 temas];Cumplimiento meta;3
202530;N;773;N;14/07/2025 9:07:04 a. m.;202530 Pre Cálculo ANEC;Precálculo;14/07/2025 9:12:53 a. m.;360;73;1,166666667;9;79;35;79;19,7;29;1,31927609;19,7;Negocios Internacionales;Escuela de Negocios;CALCULO I (ANEC);MAT1100;3 Temas Parcial 1 Cálculo I;26;1 Repaso de álgebra y geometría;5;773;1 Avance entre [ 18 - 37 temas];Cumplimiento meta;4,3
202530;N;774;N;21/07/2025 8:55:13 a. m.;202530 Pre Cálculo ING-GEO-DAT;Precálculo;21/07/2025 8:58:11 a. m.;357;67;2,466666667;21;79;21;79;2,566666667;0;0;2,566666667;Ingeniería Industrial;División de Ingenierías;CALCULO I;MAT1101;2 Ecuaciones y desigualdades;0;2 Ecuaciones y desigualdades;2,7;774;0 Avance menor a 19 temas;No alcanzo meta;2,7
202530;N;775;N;14/07/2025 3:07:54 p. m.;202530 Pre Cálculo ING-GEO-DAT;Precálculo;14/07/2025 3:15:13 p. m.;337;69;0,816666667;3;79;51;79;35,68333333;56;1,42957253;35,68333333;Ingeniería Industrial;División de Ingenierías;CALCULO I;MAT1101;3 Temas Parcial 1 Cálculo I;48;1 Repaso de álgebra y geometría;4;775;2 Avance entre [ 40 - 60 temas];Cumplimiento meta;3,8
202530;N;776;N;17/07/2025 5:26:21 p. m.;202530 Pre Cálculo ING-GEO-DAT;Precálculo;17/07/2025 5:30:00 p. m.;373;71;2,616666667;15;79;30;79;8,766666667;15;1,71053882;8,766666667;Ingeniería Industrial;División de Ingenierías;CALCULO I;MAT1101;2 Ecuaciones y desigualdades;15;2 Ecuaciones y desigualdades;4,4;776;0 Avance menor a 19 temas;No alcanzo meta;4,2
202530;N;777;N;17/07/2025 8:30:36 a. m.;202530 Pre Cálculo ING-GEO-DAT;Precálculo;17/07/2025 8:34:54 a. m.;400;70;1,266666667;34;79;78;79;14,96666667;48;3,006625712;14,96666667;Ciencia de Datos;División de Ciencias Básicas;CALCULO I;MAT1101;4 Temas Parcial 2 Cálculo I;44;3 Temas Parcial 1 Cálculo I;4;777;2 Avance entre [ 40 - 60 temas];Cumplimiento meta;4,4
202530;N;778;N;14/07/2025 3:06:41 p. m.;202530 Pre Cálculo ING-GEO-DAT;Precálculo;14/07/2025 3:11:41 p. m.;386;77;0,633333333;13;79;50;79;17,61666667;39;1,987475748;17,61666667;Ingeniería Biomédica;División de Ingenierías;CALCULO I;MAT1101;3 Temas Parcial 1 Cálculo I;37;2 Ecuaciones y desigualdades;;778;1 Avance entre [ 19 - 40 temas];Cumplimiento meta;1,5
202530;N;779;N;14/07/2025 3:07:52 p. m.;202530 Pre Cálculo ING-GEO-DAT;Precálculo;14/07/2025 3:11:11 p. m.;357;79;0,516666667;11;79;79;79;19,38333333;74;3,455389376;19,38333333;Ingeniería Mecánica;División de Ingenierías;CALCULO I;MAT1101;4 Temas Parcial 2 Cálculo I;68;2 Ecuaciones y desigualdades;4,4;779;3 Avance superior a 60 temas;Cumplimiento meta;4,6
202530;N;780;N;17/07/2025 8:34:25 a. m.;202530 Pre Cálculo ING-GEO-DAT;Precálculo;17/07/2025 8:36:50 a. m.;382;71;2,15;44;79;51;79;5,866666667;8;1,192730027;5,866666667;Medicina;División Ciencias de la Salud;CALCULO I;MAT1101;3 Temas Parcial 1 Cálculo I;7;3 Temas Parcial 1 Cálculo I;;780;0 Avance menor a 19 temas;Cumplimiento meta;1,5
202530;N;781;N;15/07/2025 2:13:11 p. m.;202530 Pre Cálculo ING-GEO-DAT;Precálculo;15/07/2025 2:17:41 p. m.;380;71;0,75;8;79;72;79;33,43333333;74;2,063448551;33,43333333;Ingeniería Mecánica;División de Ingenierías;CALCULO I;MAT1101;4 Temas Parcial 2 Cálculo I;64;1 Repaso de álgebra y geometría;4,9;781;3 Avance superior a 60 temas;Cumplimiento meta;4,2
202530;N;782;N;14/07/2025 3:08:25 p. m.;202530 Pre Cálculo ING-GEO-DAT;Precálculo;14/07/2025 3:12:01 p. m.;329;65;1,283333333;8;79;26;79;13,83333333;19;1,300891351;13,83333333;Ingeniería Sistemas Y Computac;División de Ingenierías;CALCULO I;MAT1101;2 Ecuaciones y desigualdades;18;1 Repaso de álgebra y geometría;1;782;0 Avance menor a 19 temas;No alcanzo meta;2,3
202530;N;783;N;14/07/2025 3:07:56 p. m.;202530 Pre Cálculo ING-GEO-DAT;Precálculo;14/07/2025 3:13:34 p. m.;372;77;1,383333333;9;79;39;79;20,36666667;31;1,375114252;20,36666667;Ingeniería Industrial;División de Ingenierías;CALCULO I;MAT1101;3 Temas Parcial 1 Cálculo I;30;1 Repaso de álgebra y geometría;4,5;783;1 Avance entre [ 19 - 40 temas];Cumplimiento meta;4,7
202530;N;784;N;14/07/2025 3:07:09 p. m.;202530 Pre Cálculo ING-GEO-DAT;Precálculo;14/07/2025 3:12:18 p. m.;384;75;0,65;4;79;32;79;20,11666667;34;1,541372595;20,11666667;Ingeniería Sistemas Y Computac;División de Ingenierías;CALCULO I;MAT1101;3 Temas Parcial 1 Cálculo I;28;1 Repaso de álgebra y geometría;5;784;1 Avance entre [ 19 - 40 temas];Cumplimiento meta;3,4
202530;N;785;N;14/07/2025 3:07:36 p. m.;202530 Pre Cálculo ING-GEO-DAT;Precálculo;14/07/2025 3:12:17 p. m.;379;74;1,116666667;22;79;79;79;23,78333333;65;2,648171501;23,78333333;Ingeniería Sistemas Y Computac;División de Ingenierías;CALCULO I;MAT1101;4 Temas Parcial 2 Cálculo I;57;2 Ecuaciones y desigualdades;5;785;2 Avance entre [ 40 - 60 temas];Cumplimiento meta;4,9
202530;N;786;N;14/07/2025 3:07:54 p. m.;202530 Pre Cálculo ING-GEO-DAT;Precálculo;14/07/2025 3:11:40 p. m.;358;68;0,45;3;79;33;79;22,6;39;1,459925775;22,6;Ingeniería Industrial;División de Ingenierías;CALCULO I;MAT1101;3 Temas Parcial 1 Cálculo I;30;1 Repaso de álgebra y geometría;3;786;1 Avance entre [ 19 - 40 temas];Cumplimiento meta;3,2
202530;N;787;N;14/07/2025 3:07:59 p. m.;202530 Pre Cálculo ING-GEO-DAT;Precálculo;14/07/2025 3:12:15 p. m.;379;77;0,5;9;79;37;79;22,33333333;39;1,477593562;22,33333333;Ingeniería Mecánica;División de Ingenierías;CALCULO I;MAT1101;3 Temas Parcial 1 Cálculo I;28;1 Repaso de álgebra y geometría;3,2;787;1 Avance entre [ 19 - 40 temas];Cumplimiento meta;3,6
202530;N;788;N;14/07/2025 3:16:14 p. m.;202530 Pre Cálculo ING-GEO-DAT;Precálculo;14/07/2025 3:20:00 p. m.;301;64;0,5;3;79;15;79;11,26666667;13;1,065351418;11,26666667;Ingeniería Civil;División de Ingenierías;CALCULO I;MAT1101;2 Ecuaciones y desigualdades;12;1 Repaso de álgebra y geometría;1,6;788;0 Avance menor a 19 temas;No alcanzo meta;1,5
202530;N;789;N;14/07/2025 3:10:05 p. m.;202530 Pre Cálculo ING-GEO-DAT;Precálculo;14/07/2025 3:13:28 p. m.;356;65;1,016666667;12;79;34;79;13,46666667;24;1,633360144;13,46666667;Ingeniería Industrial;División de Ingenierías;CALCULO I;MAT1101;3 Temas Parcial 1 Cálculo I;22;2 Ecuaciones y desigualdades;3,9;789;1 Avance entre [ 19 - 40 temas];Cumplimiento meta;3
202530;N;790;N;14/07/2025 3:07:54 p. m.;202530 Pre Cálculo ING-GEO-DAT;Precálculo;14/07/2025 3:12:00 p. m.;322;64;0,85;5;79;40;79;22,21666667;31;1,305473234;22,21666667;Ingeniería Industrial;División de Ingenierías;CALCULO I;MAT1101;3 Temas Parcial 1 Cálculo I;35;1 Repaso de álgebra y geometría;4,5;790;1 Avance entre [ 19 - 40 temas];Cumplimiento meta;3,8
202530;N;791;N;17/07/2025 8:17:44 a. m.;202530 Pre Cálculo ING-GEO-DAT;Precálculo;17/07/2025 8:21:03 a. m.;407;73;1,566666667;57;79;79;79;10,45;24;2,296528627;10,45;Ingeniería Electrónica;División de Ingenierías;CALCULO I;MAT1101;4 Temas Parcial 2 Cálculo I;22;4 Temas Parcial 2 Cálculo I;5;791;1 Avance entre [ 19 - 40 temas];Cumplimiento meta;4,9
202530;N;792;N;18/07/2025 8:36:38 a. m.;202530 Pre Cálculo ING-GEO-DAT;Precálculo;18/07/2025 8:40:19 a. m.;431;69;1,35;22;79;40;79;9,566666667;18;1,882243588;9,566666667;Ingeniería Mecánica;División de Ingenierías;CALCULO I;MAT1101;3 Temas Parcial 1 Cálculo I;18;2 Ecuaciones y desigualdades;5;792;0 Avance menor a 19 temas;Cumplimiento meta;4,5
202530;N;793;N;14/07/2025 3:15:11 p. m.;202530 Pre Cálculo ING-GEO-DAT;Precálculo;14/07/2025 3:18:24 p. m.;313;62;0,95;6;79;16;79;5,6;12;1,785802867;5,6;Ciencia de Datos;División de Ciencias Básicas;CALCULO I;MAT1101;2 Ecuaciones y desigualdades;10;1 Repaso de álgebra y geometría;1,5;793;0 Avance menor a 19 temas;No alcanzo meta;1,5
202530;N;794;N;14/07/2025 3:06:38 p. m.;202530 Pre Cálculo ING-GEO-DAT;Precálculo;14/07/2025 3:12:01 p. m.;384;81;0,8;9;79;61;79;25,91666667;56;2,044753086;25,91666667;Ingeniería Sistemas Y Computac;División de Ingenierías;CALCULO I;MAT1101;4 Temas Parcial 2 Cálculo I;52;1 Repaso de álgebra y geometría;5;794;2 Avance entre [ 40 - 60 temas];Cumplimiento meta;3,5
202530;N;795;N;18/07/2025 8:11:37 a. m.;202530 Pre Cálculo ING-GEO-DAT;Precálculo;18/07/2025 8:15:35 a. m.;365;72;2,75;41;79;73;79;15,78333333;36;2,154701968;15,78333333;Ingeniería Industrial;División de Ingenierías;CALCULO I;MAT1101;4 Temas Parcial 2 Cálculo I;32;3 Temas Parcial 1 Cálculo I;4,2;795;1 Avance entre [ 19 - 40 temas];Cumplimiento meta;4,5
202530;N;796;N;14/07/2025 3:14:21 p. m.;202530 Pre Cálculo ING-GEO-DAT;Precálculo;14/07/2025 3:19:29 p. m.;328;60;1,133333333;5;79;38;79;32,71666667;37;1,039455135;32,71666667;Ciencia de Datos;División de Ciencias Básicas;CALCULO I;MAT1101;3 Temas Parcial 1 Cálculo I;33;1 Repaso de álgebra y geometría;5;796;1 Avance entre [ 19 - 40 temas];Cumplimiento meta;3,7
202530;N;797;N;14/07/2025 3:08:48 p. m.;202530 Pre Cálculo ING-GEO-DAT;Precálculo;14/07/2025 3:12:55 p. m.;407;67;0,8;4;79;38;79;23,91666667;39;1,421289146;23,91666667;Ingeniería Sistemas Y Computac;División de Ingenierías;CALCULO I;MAT1101;3 Temas Parcial 1 Cálculo I;34;1 Repaso de álgebra y geometría;1;797;1 Avance entre [ 19 - 40 temas];Cumplimiento meta;1,5
202530;N;798;N;18/07/2025 1:40:47 p. m.;202530 Pre Cálculo ING-GEO-DAT;Precálculo;18/07/2025 1:45:37 p. m.;380;72;3,733333333;37;79;66;79;26,33333333;32;1,100929041;26,33333333;Ciencia de Datos;División de Ciencias Básicas;CALCULO I;MAT1101;4 Temas Parcial 2 Cálculo I;29;3 Temas Parcial 1 Cálculo I;5;798;1 Avance entre [ 19 - 40 temas];Cumplimiento meta;4,3
202530;N;799;N;14/07/2025 3:07:55 p. m.;202530 Pre Cálculo ING-GEO-DAT;Precálculo;14/07/2025 3:12:13 p. m.;372;78;0,7;5;79;38;79;11,33333333;31;2,558886247;11,33333333;Ingeniería Mecánica;División de Ingenierías;CALCULO I;MAT1101;3 Temas Parcial 1 Cálculo I;33;1 Repaso de álgebra y geometría;4,3;799;1 Avance entre [ 19 - 40 temas];Cumplimiento meta;4,6
202530;N;800;N;14/07/2025 3:07:35 p. m.;202530 Pre Cálculo ING-GEO-DAT;Precálculo;14/07/2025 3:12:10 p. m.;380;73;0,866666667;20;79;50;79;17;27;1,58870256;17;Ingeniería Biomédica;División de Ingenierías;CALCULO I;MAT1101;3 Temas Parcial 1 Cálculo I;30;2 Ecuaciones y desigualdades;;800;1 Avance entre [ 19 - 40 temas];Cumplimiento meta;1,5
202530;N;801;N;14/07/2025 3:14:17 p. m.;202530 Pre Cálculo ING-GEO-DAT;Precálculo;14/07/2025 3:16:53 p. m.;365;77;0,883333333;5;79;51;79;39,51666667;59;1,290767078;39,51666667;Ingeniería Electrónica;División de Ingenierías;CALCULO I;MAT1101;3 Temas Parcial 1 Cálculo I;46;1 Repaso de álgebra y geometría;3,6;801;2 Avance entre [ 40 - 60 temas];Cumplimiento meta;3,9
202530;N;802;N;14/07/2025 3:07:55 p. m.;202530 Pre Cálculo ING-GEO-DAT;Precálculo;14/07/2025 3:13:11 p. m.;386;73;1,1;12;79;43;79;22,51666667;34;1,376418352;22,51666667;Ingeniería Industrial;División de Ingenierías;CALCULO I;MAT1101;3 Temas Parcial 1 Cálculo I;31;2 Ecuaciones y desigualdades;4,6;802;1 Avance entre [ 19 - 40 temas];Cumplimiento meta;3,9
202530;N;803;N;14/07/2025 3:07:55 p. m.;202530 Pre Cálculo ING-GEO-DAT;Precálculo;14/07/2025 3:13:21 p. m.;380;69;1,95;22;79;62;79;27,45;50;1,566960219;27,45;Ingeniería Industrial;División de Ingenierías;CALCULO I;MAT1101;4 Temas Parcial 2 Cálculo I;40;2 Ecuaciones y desigualdades;3,2;803;2 Avance entre [ 40 - 60 temas];Cumplimiento meta;4,1
202530;N;804;N;14/07/2025 3:15:43 p. m.;202530 Pre Cálculo ING-GEO-DAT;Precálculo;14/07/2025 3:19:35 p. m.;353;67;0,783333333;13;79;35;79;15,58333333;27;1,411085574;15,58333333;Ingeniería Civil;División de Ingenierías;CALCULO I;MAT1101;3 Temas Parcial 1 Cálculo I;22;2 Ecuaciones y desigualdades;3,7;804;1 Avance entre [ 19 - 40 temas];Cumplimiento meta;3,7
202530;N;805;N;14/07/2025 3:15:52 p. m.;202530 Pre Cálculo ING-GEO-DAT;Precálculo;14/07/2025 3:20:10 p. m.;367;75;3,45;22;79;37;79;18,8;15;0,797648414;18,8;Ingeniería Electrónica;División de Ingenierías;CALCULO I;MAT1101;3 Temas Parcial 1 Cálculo I;15;2 Ecuaciones y desigualdades;4,7;805;0 Avance menor a 19 temas;Cumplimiento meta;4
202530;N;806;N;17/07/2025 1:53:31 p. m.;202530 Pre Cálculo ING-GEO-DAT;Precálculo;17/07/2025 1:58:28 p. m.;391;75;0,966666667;10;79;79;79;44,98333333;71;1,511549647;44,98333333;Ingeniería Industrial;División de Ingenierías;CALCULO I;MAT1101;4 Temas Parcial 2 Cálculo I;69;1 Repaso de álgebra y geometría;5;806;3 Avance superior a 60 temas;Cumplimiento meta;4,8
202530;N;807;N;14/07/2025 3:15:46 p. m.;202530 Pre Cálculo ING-GEO-DAT;Precálculo;14/07/2025 3:19:12 p. m.;353;80;1,016666667;11;79;67;79;28,5;55;1,824579187;28,5;Ingeniería Eléctrica;División de Ingenierías;CALCULO I;MAT1101;4 Temas Parcial 2 Cálculo I;56;2 Ecuaciones y desigualdades;4,9;807;2 Avance entre [ 40 - 60 temas];Cumplimiento meta;4,8
202530;N;808;N;14/07/2025 3:08:04 p. m.;202530 Pre Cálculo ING-GEO-DAT;Precálculo;14/07/2025 3:13:08 p. m.;345;72;0,933333333;4;79;38;79;31;37;1,161300729;31;Ingeniería Industrial;División de Ingenierías;CALCULO I;MAT1101;3 Temas Parcial 1 Cálculo I;34;1 Repaso de álgebra y geometría;3,7;808;1 Avance entre [ 19 - 40 temas];Cumplimiento meta;3,7
202530;N;809;N;21/07/2025 8:55:37 a. m.;202530 Pre Cálculo ING-GEO-DAT;Precálculo;21/07/2025 8:58:21 a. m.;427;75;2,416666667;36;79;36;79;2,466666667;0;0;2,466666667;Ingeniería Industrial;División de Ingenierías;CALCULO I;MAT1101;3 Temas Parcial 1 Cálculo I;0;3 Temas Parcial 1 Cálculo I;5;809;0 Avance menor a 19 temas;Cumplimiento meta;4,7
202530;N;810;N;14/07/2025 3:15:17 p. m.;202530 Pre Cálculo ING-GEO-DAT;Precálculo;14/07/2025 3:19:46 p. m.;362;70;0,616666667;4;79;74;79;32,45;67;2,003030225;32,45;Ciencia de Datos;División de Ciencias Básicas;CALCULO I;MAT1101;4 Temas Parcial 2 Cálculo I;70;1 Repaso de álgebra y geometría;5;810;3 Avance superior a 60 temas;Cumplimiento meta;4
202530;N;811;N;17/07/2025 8:29:51 a. m.;202530 Pre Cálculo ING-GEO-DAT;Precálculo;17/07/2025 8:35:02 a. m.;381;73;0,483333333;4;79;65;79;29,36666667;65;2,009612837;29,36666667;Ingeniería Industrial;División de Ingenierías;CALCULO I;MAT1101;4 Temas Parcial 2 Cálculo I;61;1 Repaso de álgebra y geometría;4,8;811;3 Avance superior a 60 temas;Cumplimiento meta;4,6
202530;N;812;N;14/07/2025 3:07:31 p. m.;202530 Pre Cálculo ING-GEO-DAT;Precálculo;14/07/2025 3:12:00 p. m.;370;64;1,066666667;44;79;79;79;6,8;36;5,14369693;6,8;Ingeniería Sistemas Y Computac;División de Ingenierías;CALCULO I;MAT1101;4 Temas Parcial 2 Cálculo I;35;3 Temas Parcial 1 Cálculo I;5;812;1 Avance entre [ 19 - 40 temas];Cumplimiento meta;5
202530;N;813;N;14/07/2025 3:15:12 p. m.;202530 Pre Cálculo ING-GEO-DAT;Precálculo;14/07/2025 3:19:01 p. m.;349;67;0,583333333;6;79;14;79;9,066666667;11;0,882785679;9,066666667;Ingeniería Civil;División de Ingenierías;CALCULO I;MAT1101;2 Ecuaciones y desigualdades;8;1 Repaso de álgebra y geometría;2,1;813;0 Avance menor a 19 temas;No alcanzo meta;2,6
202530;N;814;N;14/07/2025 3:14:52 p. m.;202530 Pre Cálculo ING-GEO-DAT;Precálculo;14/07/2025 3:19:59 p. m.;385;73;1,15;12;79;63;79;28,1;53;1,672217665;28,1;Ciencia de Datos;División de Ciencias Básicas;CALCULO I;MAT1101;4 Temas Parcial 2 Cálculo I;51;2 Ecuaciones y desigualdades;5;814;2 Avance entre [ 40 - 60 temas];Cumplimiento meta;4,4
202530;N;815;N;14/07/2025 3:10:44 p. m.;202530 Pre Cálculo ING-GEO-DAT;Precálculo;14/07/2025 3:13:39 p. m.;412;70;0,433333333;3;79;42;79;32,86666667;55;1,368902259;32,86666667;Ingeniería Industrial;División de Ingenierías;CALCULO I;MAT1101;3 Temas Parcial 1 Cálculo I;39;1 Repaso de álgebra y geometría;3,6;815;1 Avance entre [ 19 - 40 temas];Cumplimiento meta;4
202530;N;816;N;14/07/2025 3:12:49 p. m.;202530 Pre Cálculo ING-GEO-DAT;Precálculo;14/07/2025 3:15:49 p. m.;292;50;3,65;25;79;68;79;45,93333333;53;1,001372655;45,93333333;Ciencia de Datos;División de Ciencias Básicas;CALCULO I;MAT1101;4 Temas Parcial 2 Cálculo I;43;2 Ecuaciones y desigualdades;4,1;816;2 Avance entre [ 40 - 60 temas];Cumplimiento meta;3,1
202530;N;817;N;14/07/2025 3:07:56 p. m.;202530 Pre Cálculo ING-GEO-DAT;Precálculo;14/07/2025 3:11:43 p. m.;361;73;0,533333333;9;79;79;79;18,5;63;3,406377195;18,5;Ingeniería Mecánica;División de Ingenierías;CALCULO I;MAT1101;4 Temas Parcial 2 Cálculo I;70;1 Repaso de álgebra y geometría;4,3;817;3 Avance superior a 60 temas;Cumplimiento meta;3,6
202530;N;818;N;18/07/2025 8:20:40 a. m.;202530 Pre Cálculo ING-GEO-DAT;Precálculo;18/07/2025 8:24:13 a. m.;386;75;1,15;26;79;46;79;15,81666667;22;1,264711049;15,81666667;Ingeniería Sistemas Y Computac;División de Ingenierías;CALCULO I;MAT1101;3 Temas Parcial 1 Cálculo I;20;2 Ecuaciones y desigualdades;4,7;818;1 Avance entre [ 19 - 40 temas];Cumplimiento meta;4,5
202530;N;819;N;15/07/2025 8:29:17 a. m.;202530 Pre Cálculo ING-GEO-DAT;Precálculo;15/07/2025 8:32:24 a. m.;377;74;0,516666667;11;79;26;79;4,216666667;15;3,562475261;4,216666667;Ciencia de Datos;División de Ciencias Básicas;CALCULO I;MAT1101;2 Ecuaciones y desigualdades;15;2 Ecuaciones y desigualdades;5;819;0 Avance menor a 19 temas;No alcanzo meta;5
202530;N;820;N;14/07/2025 3:13:02 p. m.;202530 Pre Cálculo ING-GEO-DAT;Precálculo;14/07/2025 3:17:12 p. m.;375;70;1,833333333;39;79;79;79;17,63333333;43;2,268288073;17,63333333;Ingeniería Eléctrica;División de Ingenierías;CALCULO I;MAT1101;4 Temas Parcial 2 Cálculo I;40;3 Temas Parcial 1 Cálculo I;4,9;820;2 Avance entre [ 40 - 60 temas];Cumplimiento meta;5
202530;N;821;N;14/07/2025 3:16:16 p. m.;202530 Pre Cálculo ING-GEO-DAT;Precálculo;14/07/2025 3:20:38 p. m.;348;66;1,366666667;14;79;48;79;15,28333333;37;2,420014171;15,28333333;Ingeniería Eléctrica;División de Ingenierías;CALCULO I;MAT1101;3 Temas Parcial 1 Cálculo I;34;2 Ecuaciones y desigualdades;4,8;821;1 Avance entre [ 19 - 40 temas];Cumplimiento meta;4,6
202530;N;822;N;14/07/2025 3:09:09 p. m.;202530 Pre Cálculo ING-GEO-DAT;Precálculo;14/07/2025 3:12:22 p. m.;439;71;1,883333333;26;79;73;79;23,18333333;54;2,285823819;23,18333333;Ingeniería Sistemas Y Computac;División de Ingenierías;CALCULO I;MAT1101;4 Temas Parcial 2 Cálculo I;47;2 Ecuaciones y desigualdades;5;822;2 Avance entre [ 40 - 60 temas];Cumplimiento meta;4,2
202510;N;823;N;13/01/2025 2:20:29 p. m.;202510 Pre Cálculo ING-GEO-MAT-DAt;Precálculo;13/01/2025 2:21:40 p. m.;345;67;0,416666667;14;79;31;79;12,91666667;19;1,316327189;12,91666667;Ingeniería Industrial;División de Ingenierías;CALCULO I;MAT1101;3 Temas Parcial 1 Cálculo I;17;2 Ecuaciones y desigualdades;2,4;823;0 Avance menor a 19 temas;Cumplimiento meta;3,1
202510;N;824;N;13/01/2025 9:05:17 a. m.;202510 Pre Cálculo ING-GEO-MAT-DAt;Precálculo;13/01/2025 9:06:50 a. m.;314;65;0,4;4;79;42;79;32,98333333;37;0,93983696;32,98333333;Ingeniería Mecánica;División de Ingenierías;CALCULO I;MAT1101;3 Temas Parcial 1 Cálculo I;38;1 Repaso de álgebra y geometría;3;824;1 Avance entre [ 19 - 40 temas];Cumplimiento meta;3
202510;N;825;N;13/01/2025 2:23:10 p. m.;202510 Pre Cálculo ING-GEO-MAT-DAt;Precálculo;13/01/2025 2:25:01 p. m.;390;81;1,1;19;79;50;79;7,866666667;34;3,939982348;7,866666667;Ciencia de Datos;División de Ciencias Básicas;CALCULO I;MAT1101;3 Temas Parcial 1 Cálculo I;31;2 Ecuaciones y desigualdades;3,8;825;1 Avance entre [ 19 - 40 temas];Cumplimiento meta;4,3
202510;N;826;N;13/01/2025 2:20:54 p. m.;202510 Pre Cálculo ING-GEO-MAT-DAt;Precálculo;13/01/2025 2:24:08 p. m.;392;74;2,35;42;79;79;79;17,11666667;41;2,278444037;17,11666667;Ciencia de Datos;División de Ciencias Básicas;CALCULO I;MAT1101;4 Temas Parcial 2 Cálculo I;37;3 Temas Parcial 1 Cálculo I;4,4;826;1 Avance entre [ 19 - 40 temas];Cumplimiento meta;4,9
202510;N;827;N;13/01/2025 2:18:31 p. m.;202510 Pre Cálculo ING-GEO-MAT-DAt;Precálculo;13/01/2025 2:20:35 p. m.;383;74;0,633333333;23;79;72;79;22,71666667;57;2,421070651;22,71666667;Ingeniería Civil;División de Ingenierías;CALCULO I;MAT1101;4 Temas Parcial 2 Cálculo I;49;2 Ecuaciones y desigualdades;4,7;827;2 Avance entre [ 40 - 60 temas];Cumplimiento meta;4,9
202510;N;828;N;13/01/2025 9:02:27 a. m.;202510 Pre Cálculo ING-GEO-MAT-DAt;Precálculo;13/01/2025 9:05:33 a. m.;394;78;0,666666667;8;79;48;79;19,28333333;43;2,073523694;19,28333333;Ingeniería Mecánica;División de Ingenierías;CALCULO I;MAT1101;3 Temas Parcial 1 Cálculo I;40;1 Repaso de álgebra y geometría;4,7;828;2 Avance entre [ 40 - 60 temas];Cumplimiento meta;3,8
202510;N;829;N;13/01/2025 9:01:47 a. m.;202510 Pre Cálculo ING-GEO-MAT-DAt;Precálculo;13/01/2025 9:03:22 a. m.;330;61;1,116666667;6;79;37;79;17,06666667;32;1,582572168;17,06666667;Ingeniería Sistemas Y Computac;División de Ingenierías;CALCULO I;MAT1101;3 Temas Parcial 1 Cálculo I;31;1 Repaso de álgebra y geometría;4,4;829;1 Avance entre [ 19 - 40 temas];Cumplimiento meta;3,7
202510;N;830;N;13/01/2025 8:58:41 a. m.;202510 Pre Cálculo ING-GEO-MAT-DAt;Precálculo;13/01/2025 8:59:43 a. m.;246;46;0,983333333;3;79;23;79;24,45;28;0,817875115;24,45;Ingeniería Mecánica;División de Ingenierías;CALCULO I;MAT1101;2 Ecuaciones y desigualdades;20;1 Repaso de álgebra y geometría;2;830;1 Avance entre [ 19 - 40 temas];No alcanzo meta;1,5
202510;N;831;N;13/01/2025 9:09:19 a. m.;202510 Pre Cálculo ING-GEO-MAT-DAt;Precálculo;13/01/2025 9:11:31 a. m.;417;73;0,35;4;79;56;79;24,13333333;53;2,154299392;24,13333333;Ingeniería Sistemas Y Computac;División de Ingenierías;CALCULO I;MAT1101;3 Temas Parcial 1 Cálculo I;52;1 Repaso de álgebra y geometría;5;831;2 Avance entre [ 40 - 60 temas];Cumplimiento meta;4,2
202510;N;832;N;13/01/2025 8:54:34 a. m.;202510 Pre Cálculo ING-GEO-MAT-DAt;Precálculo;13/01/2025 8:56:32 a. m.;368;73;0,5;8;79;45;79;26,51666667;37;1,168769964;26,51666667;Ingeniería Mecánica;División de Ingenierías;CALCULO I;MAT1101;3 Temas Parcial 1 Cálculo I;37;1 Repaso de álgebra y geometría;4,3;832;1 Avance entre [ 19 - 40 temas];Cumplimiento meta;3,8
202510;N;833;N;13/01/2025 2:22:32 p. m.;202510 Pre Cálculo ING-GEO-MAT-DAt;Precálculo;13/01/2025 2:23:48 p. m.;363;71;2,283333333;18;79;63;79;21,21666667;50;2,121279577;21,21666667;Ciencia de Datos;División de Ciencias Básicas;CALCULO I;MAT1101;4 Temas Parcial 2 Cálculo I;45;2 Ecuaciones y desigualdades;4,4;833;2 Avance entre [ 40 - 60 temas];Cumplimiento meta;4,5
202510;N;834;N;13/01/2025 2:23:11 p. m.;202510 Pre Cálculo ING-GEO-MAT-DAt;Precálculo;13/01/2025 2:25:17 p. m.;432;76;0,65;12;79;36;79;9,85;26;2,436891835;9,85;Ingeniería Industrial;División de Ingenierías;CALCULO I;MAT1101;3 Temas Parcial 1 Cálculo I;24;2 Ecuaciones y desigualdades;3,8;834;1 Avance entre [ 19 - 40 temas];Cumplimiento meta;4,1
202510;N;835;N;13/01/2025 2:19:40 p. m.;202510 Pre Cálculo ING-GEO-MAT-DAt;Precálculo;13/01/2025 2:20:53 p. m.;442;80;0,716666667;31;79;78;79;10,6;60;5,092604721;10,6;Ingeniería Civil;División de Ingenierías;CALCULO I;MAT1101;4 Temas Parcial 2 Cálculo I;47;3 Temas Parcial 1 Cálculo I;5;835;2 Avance entre [ 40 - 60 temas];Cumplimiento meta;4,6
202510;N;836;N;13/01/2025 8:55:16 a. m.;202510 Pre Cálculo ING-GEO-MAT-DAt;Precálculo;13/01/2025 8:57:45 a. m.;395;75;1,266666667;16;79;37;79;16,41666667;25;1,27979415;16,41666667;Ingeniería Electrónica;División de Ingenierías;CALCULO I;MAT1101;3 Temas Parcial 1 Cálculo I;21;2 Ecuaciones y desigualdades;4,4;836;1 Avance entre [ 19 - 40 temas];Cumplimiento meta;3,4
202510;N;837;N;13/01/2025 9:07:15 a. m.;202510 Pre Cálculo ING-GEO-MAT-DAt;Precálculo;13/01/2025 9:08:36 a. m.;370;74;0,716666667;6;79;27;79;14,28333333;25;1,541125878;14,28333333;Ingeniería Sistemas Y Computac;División de Ingenierías;CALCULO I;MAT1101;2 Ecuaciones y desigualdades;21;1 Repaso de álgebra y geometría;5;837;1 Avance entre [ 19 - 40 temas];No alcanzo meta;4,2
202510;N;838;N;13/01/2025 2:22:31 p. m.;202510 Pre Cálculo ING-GEO-MAT-DAt;Precálculo;13/01/2025 2:23:45 p. m.;345;71;0,733333333;5;79;16;79;5,416666667;11;2,030560968;5,416666667;Ciencia de Datos;División de Ciencias Básicas;CALCULO I;MAT1101;2 Ecuaciones y desigualdades;11;1 Repaso de álgebra y geometría;3,7;838;0 Avance menor a 19 temas;No alcanzo meta;3,3
202510;N;839;N;13/01/2025 8:55:36 a. m.;202510 Pre Cálculo ING-GEO-MAT-DAt;Precálculo;13/01/2025 8:57:26 a. m.;423;79;1,316666667;62;79;79;79;6,416666667;18;2,650268491;6,416666667;Ingeniería Electrónica;División de Ingenierías;CALCULO I;MAT1101;4 Temas Parcial 2 Cálculo I;17;4 Temas Parcial 2 Cálculo I;5;839;0 Avance menor a 19 temas;Cumplimiento meta;4,9
202510;N;840;N;13/01/2025 9:09:50 a. m.;202510 Pre Cálculo ING-GEO-MAT-DAt;Precálculo;13/01/2025 9:11:03 a. m.;403;76;1,933333333;31;79;79;79;20,88333333;57;2,442463749;20,88333333;Ingeniería Mecánica;División de Ingenierías;CALCULO I;MAT1101;4 Temas Parcial 2 Cálculo I;48;3 Temas Parcial 1 Cálculo I;4;840;2 Avance entre [ 40 - 60 temas];Cumplimiento meta;4,2
202510;N;841;N;13/01/2025 9:04:42 a. m.;202510 Pre Cálculo ING-GEO-MAT-DAt;Precálculo;13/01/2025 9:06:29 a. m.;368;70;0,716666667;3;79;76;79;25,66666667;76;2,649838174;25,66666667;Ingeniería Mecánica;División de Ingenierías;CALCULO I;MAT1101;4 Temas Parcial 2 Cálculo I;73;1 Repaso de álgebra y geometría;4,2;841;3 Avance superior a 60 temas;Cumplimiento meta;3,7
202510;N;842;N;13/01/2025 2:20:41 p. m.;202510 Pre Cálculo ING-GEO-MAT-DAt;Precálculo;13/01/2025 2:22:19 p. m.;416;77;0,883333333;23;79;47;79;12,73333333;25;1,88370724;12,73333333;Ciencia de Datos;División de Ciencias Básicas;CALCULO I;MAT1101;3 Temas Parcial 1 Cálculo I;24;2 Ecuaciones y desigualdades;4,5;842;1 Avance entre [ 19 - 40 temas];Cumplimiento meta;4,8
202510;N;843;N;13/01/2025 8:56:51 a. m.;202510 Pre Cálculo ING-GEO-MAT-DAt;Precálculo;13/01/2025 8:59:47 a. m.;312;63;1,216666667;8;79;20;79;16,16666667;17;0,742013054;16,16666667;Ingeniería Eléctrica;División de Ingenierías;CALCULO I;MAT1101;2 Ecuaciones y desigualdades;12;1 Repaso de álgebra y geometría;2,7;843;0 Avance menor a 19 temas;No alcanzo meta;3
202510;N;844;N;13/01/2025 9:08:13 a. m.;202510 Pre Cálculo ING-GEO-MAT-DAt;Precálculo;13/01/2025 9:12:01 a. m.;358;72;0,783333333;7;79;40;79;15,88333333;35;1,951902055;15,88333333;Ingeniería Sistemas Y Computac;División de Ingenierías;CALCULO I;MAT1101;3 Temas Parcial 1 Cálculo I;33;1 Repaso de álgebra y geometría;3,9;844;1 Avance entre [ 19 - 40 temas];Cumplimiento meta;4,1
202510;N;845;N;13/01/2025 9:15:24 a. m.;202510 Pre Cálculo ING-GEO-MAT-DAt;Precálculo;13/01/2025 9:16:34 a. m.;425;75;0,5;37;79;64;79;9,033333333;28;2,987276415;9,033333333;Ingeniería Sistemas Y Computac;División de Ingenierías;CALCULO I;MAT1101;4 Temas Parcial 2 Cálculo I;27;3 Temas Parcial 1 Cálculo I;5;845;1 Avance entre [ 19 - 40 temas];Cumplimiento meta;5
202510;N;846;N;13/01/2025 2:19:46 p. m.;202510 Pre Cálculo ING-GEO-MAT-DAt;Precálculo;13/01/2025 2:22:11 p. m.;420;78;0,5;5;79;36;79;13;31;2,308678923;13;Ciencia de Datos;División de Ciencias Básicas;CALCULO I;MAT1101;3 Temas Parcial 1 Cálculo I;31;1 Repaso de álgebra y geometría;4,4;846;1 Avance entre [ 19 - 40 temas];Cumplimiento meta;4,3
202510;N;847;N;13/01/2025 9:01:42 a. m.;202510 Pre Cálculo ING-GEO-MAT-DAt;Precálculo;13/01/2025 9:04:31 a. m.;438;82;1,65;35;79;79;79;23,23333333;44;1,807444952;23,23333333;Ingeniería Mecánica;División de Ingenierías;CALCULO I;MAT1101;4 Temas Parcial 2 Cálculo I;44;3 Temas Parcial 1 Cálculo I;4,7;847;2 Avance entre [ 40 - 60 temas];Cumplimiento meta;4,3
202510;N;848;N;13/01/2025 8:56:01 a. m.;202510 Pre Cálculo ING-GEO-MAT-DAt;Precálculo;13/01/2025 8:57:13 a. m.;399;80;2,133333333;15;79;43;79;19,55;29;1,43185886;19,55;Ingeniería Mecánica;División de Ingenierías;CALCULO I;MAT1101;3 Temas Parcial 1 Cálculo I;28;2 Ecuaciones y desigualdades;4,8;848;1 Avance entre [ 19 - 40 temas];Cumplimiento meta;4,1
202510;N;849;N;13/01/2025 2:24:21 p. m.;202510 Pre Cálculo ING-GEO-MAT-DAt;Precálculo;13/01/2025 2:26:18 p. m.;341;60;0,983333333;7;79;18;79;8,25;14;1,332167126;8,25;Ingeniería Industrial;División de Ingenierías;CALCULO I;MAT1101;2 Ecuaciones y desigualdades;11;1 Repaso de álgebra y geometría;2,2;849;0 Avance menor a 19 temas;No alcanzo meta;3
202510;N;850;N;13/01/2025 2:22:52 p. m.;202510 Pre Cálculo ING-GEO-MAT-DAt;Precálculo;13/01/2025 2:24:34 p. m.;414;77;0,9;5;79;39;79;9,55;21;2,197482778;9,55;Ciencia de Datos;División de Ciencias Básicas;CALCULO I;MAT1101;3 Temas Parcial 1 Cálculo I;34;1 Repaso de álgebra y geometría;3,4;850;1 Avance entre [ 19 - 40 temas];Cumplimiento meta;3,7
202510;N;851;N;13/01/2025 9:04:52 a. m.;202510 Pre Cálculo ING-GEO-MAT-DAt;Precálculo;13/01/2025 9:07:49 a. m.;450;77;1,15;62;79;79;79;7,683333333;18;2,213541667;7,683333333;Ingeniería Mecánica;División de Ingenierías;CALCULO I;MAT1101;4 Temas Parcial 2 Cálculo I;17;4 Temas Parcial 2 Cálculo I;5;851;0 Avance menor a 19 temas;Cumplimiento meta;4,9
202510;N;852;N;13/01/2025 8:53:36 a. m.;202510 Pre Cálculo ING-GEO-MAT-DAt;Precálculo;13/01/2025 8:55:26 a. m.;377;70;0,95;3;79;43;79;24,73333333;40;1,415364569;24,73333333;Ingeniería Sistemas Y Computac;División de Ingenierías;CALCULO I;MAT1101;3 Temas Parcial 1 Cálculo I;40;1 Repaso de álgebra y geometría;3,1;852;2 Avance entre [ 40 - 60 temas];Cumplimiento meta;3
202510;N;853;N;13/01/2025 8:54:38 a. m.;202510 Pre Cálculo ING-GEO-MAT-DAt;Precálculo;13/01/2025 8:58:13 a. m.;397;70;0,766666667;8;79;31;79;9,366666667;26;2,454351435;9,366666667;Ingeniería Electrónica;División de Ingenierías;CALCULO I;MAT1101;3 Temas Parcial 1 Cálculo I;23;1 Repaso de álgebra y geometría;4,2;853;1 Avance entre [ 19 - 40 temas];Cumplimiento meta;4,1
202510;N;854;N;13/01/2025 9:03:28 a. m.;202510 Pre Cálculo ING-GEO-MAT-DAt;Precálculo;13/01/2025 9:05:11 a. m.;365;68;2,366666667;54;79;54;79;2,433333333;0;0;2,433333333;Ingeniería Mecánica;División de Ingenierías;CALCULO I;MAT1101;3 Temas Parcial 1 Cálculo I;0;3 Temas Parcial 1 Cálculo I;4,7;854;0 Avance menor a 19 temas;Cumplimiento meta;4,6
202510;N;855;N;13/01/2025 9:09:35 a. m.;202510 Pre Cálculo ING-GEO-MAT-DAt;Precálculo;13/01/2025 9:11:22 a. m.;447;79;3,3;22;79;31;79;8,783333333;10;1,025543633;8,783333333;Ingeniería Sistemas Y Computac;División de Ingenierías;CALCULO I;MAT1101;3 Temas Parcial 1 Cálculo I;9;2 Ecuaciones y desigualdades;4,1;855;0 Avance menor a 19 temas;Cumplimiento meta;3,8
202510;N;856;N;13/01/2025 9:00:42 a. m.;202510 Pre Cálculo ING-GEO-MAT-DAt;Precálculo;13/01/2025 9:02:08 a. m.;417;80;0,883333333;73;79;79;79;2,866666667;6;2,09485016;2,866666667;Ingeniería Mecánica;División de Ingenierías;CALCULO I;MAT1101;4 Temas Parcial 2 Cálculo I;6;4 Temas Parcial 2 Cálculo I;4,8;856;0 Avance menor a 19 temas;Cumplimiento meta;4,9
202510;N;857;N;13/01/2025 9:13:25 a. m.;202510 Pre Cálculo ING-GEO-MAT-DAt;Precálculo;13/01/2025 9:14:26 a. m.;360;70;0,416666667;4;79;25;79;8,933333333;22;2,350892468;8,933333333;Ingeniería Sistemas Y Computac;División de Ingenierías;CALCULO I;MAT1101;2 Ecuaciones y desigualdades;21;1 Repaso de álgebra y geometría;3,1;857;1 Avance entre [ 19 - 40 temas];No alcanzo meta;3
202510;N;858;N;13/01/2025 8:52:45 a. m.;202510 Pre Cálculo ING-GEO-MAT-DAt;Precálculo;13/01/2025 8:57:03 a. m.;358;72;0,683333333;8;79;38;79;15,8;37;1,898467164;15,8;Ingeniería Sistemas Y Computac;División de Ingenierías;CALCULO I;MAT1101;3 Temas Parcial 1 Cálculo I;30;1 Repaso de álgebra y geometría;5;858;1 Avance entre [ 19 - 40 temas];Cumplimiento meta;4,3
202510;N;859;N;13/01/2025 8:55:02 a. m.;202510 Pre Cálculo ING-GEO-MAT-DAt;Precálculo;13/01/2025 8:58:39 a. m.;423;80;2,466666667;29;79;79;79;20,55;49;2,287197372;20,55;Ingeniería Eléctrica;División de Ingenierías;CALCULO I;MAT1101;4 Temas Parcial 2 Cálculo I;50;2 Ecuaciones y desigualdades;4,5;859;2 Avance entre [ 40 - 60 temas];Cumplimiento meta;4,9
202510;N;860;N;13/01/2025 2:23:32 p. m.;202510 Pre Cálculo ING-GEO-MAT-DAt;Precálculo;13/01/2025 2:24:28 p. m.;312;53;1,333333333;10;79;26;79;7,466666667;18;2,143495088;7,466666667;Ciencia de Datos;División de Ciencias Básicas;CALCULO I;MAT1101;2 Ecuaciones y desigualdades;16;1 Repaso de álgebra y geometría;3;860;0 Avance menor a 19 temas;No alcanzo meta;3,4
202510;N;861;N;13/01/2025 9:06:28 a. m.;202510 Pre Cálculo ING-GEO-MAT-DAt;Precálculo;13/01/2025 9:08:04 a. m.;396;76;1,183333333;36;79;79;79;16,73333333;46;2,629482072;16,73333333;Ingeniería Mecánica;División de Ingenierías;CALCULO I;MAT1101;4 Temas Parcial 2 Cálculo I;43;3 Temas Parcial 1 Cálculo I;4,8;861;2 Avance entre [ 40 - 60 temas];Cumplimiento meta;4,7
202510;N;862;N;13/01/2025 8:55:45 a. m.;202510 Pre Cálculo ING-GEO-MAT-DAt;Precálculo;13/01/2025 8:57:33 a. m.;349;68;0,666666667;6;79;48;79;31,23333333;63;1,696708847;31,23333333;Ingeniería Sistemas Y Computac;División de Ingenierías;CALCULO I;MAT1101;3 Temas Parcial 1 Cálculo I;42;1 Repaso de álgebra y geometría;4,6;862;2 Avance entre [ 40 - 60 temas];Cumplimiento meta;3,2
202510;N;863;N;13/01/2025 2:20:12 p. m.;202510 Pre Cálculo ING-GEO-MAT-DAt;Precálculo;13/01/2025 2:21:23 p. m.;419;100;0,966666667;29;79;59;79;8,316666667;33;3,607816937;8,316666667;Ciencia de Datos;División de Ciencias Básicas;CALCULO I;MAT1101;4 Temas Parcial 2 Cálculo I;30;2 Ecuaciones y desigualdades;4,6;863;1 Avance entre [ 19 - 40 temas];Cumplimiento meta;4,9
202510;N;864;N;13/01/2025 2:24:16 p. m.;202510 Pre Cálculo ING-GEO-MAT-DAt;Precálculo;13/01/2025 2:25:55 p. m.;348;66;0,533333333;3;79;34;79;17,63333333;26;1,418327949;17,63333333;Ingeniería Industrial;División de Ingenierías;CALCULO I;MAT1101;3 Temas Parcial 1 Cálculo I;31;1 Repaso de álgebra y geometría;4;864;1 Avance entre [ 19 - 40 temas];Cumplimiento meta;3,3
202510;N;865;N;15/01/2025 1:43:32 p. m.;202510 Pre Cálculo ING-GEO-MAT-DAt;Precálculo;15/01/2025 1:45:33 p. m.;310;55;1,683333333;5;79;5;79;1,716666667;0;0;1,716666667;Ingeniería Industrial;División de Ingenierías;CALCULO I;MAT1101;1 Repaso de Álgebra y Geometría;0;1 Repaso de álgebra y geometría;2,4;865;0 Avance menor a 19 temas;No alcanzo meta;1,5
202510;N;866;N;13/01/2025 2:21:15 p. m.;202510 Pre Cálculo ING-GEO-MAT-DAt;Precálculo;13/01/2025 2:23:31 p. m.;450;82;0,783333333;17;79;46;79;17,95;33;1,615823931;17,95;Ingeniería Industrial;División de Ingenierías;CALCULO I;MAT1101;3 Temas Parcial 1 Cálculo I;29;2 Ecuaciones y desigualdades;5;866;1 Avance entre [ 19 - 40 temas];Cumplimiento meta;5
202510;N;867;N;13/01/2025 8:54:28 a. m.;202510 Pre Cálculo ING-GEO-MAT-DAt;Precálculo;13/01/2025 8:57:58 a. m.;437;100;1,05;27;79;79;79;17,9;51;2,738450075;17,9;Ingeniería Eléctrica;División de Ingenierías;CALCULO I;MAT1101;4 Temas Parcial 2 Cálculo I;52;2 Ecuaciones y desigualdades;4,7;867;2 Avance entre [ 40 - 60 temas];Cumplimiento meta;4,7
202510;N;868;N;13/01/2025 9:02:31 a. m.;202510 Pre Cálculo ING-GEO-MAT-DAt;Precálculo;13/01/2025 9:03:34 a. m.;390;70;0,633333333;7;79;43;79;11;37;3,274877445;11;Ingeniería Electrónica;División de Ingenierías;CALCULO I;MAT1101;3 Temas Parcial 1 Cálculo I;36;1 Repaso de álgebra y geometría;3,4;868;1 Avance entre [ 19 - 40 temas];Cumplimiento meta;3,7
202510;N;869;N;13/01/2025 2:27:07 p. m.;202510 Pre Cálculo ING-GEO-MAT-DAt;Precálculo;13/01/2025 2:28:10 p. m.;375;72;1,05;8;79;30;79;16,2;23;1,23475845;16,2;Geología;División de Ciencias Básicas;CALCULO I;MAT1101;2 Ecuaciones y desigualdades;22;1 Repaso de álgebra y geometría;3,6;869;1 Avance entre [ 19 - 40 temas];No alcanzo meta;4,5
202510;N;870;N;13/01/2025 2:23:56 p. m.;202510 Pre Cálculo ING-GEO-MAT-DAt;Precálculo;13/01/2025 2:24:53 p. m.;403;81;0,633333333;9;79;30;79;9,766666667;24;2,148398647;9,766666667;Ciencia de Datos;División de Ciencias Básicas;CALCULO I;MAT1101;2 Ecuaciones y desigualdades;21;1 Repaso de álgebra y geometría;3,7;870;1 Avance entre [ 19 - 40 temas];No alcanzo meta;3,9
202510;N;871;N;13/01/2025 9:00:45 a. m.;202510 Pre Cálculo ING-GEO-MAT-DAt;Precálculo;13/01/2025 9:02:36 a. m.;419;80;1,483333333;38;79;77;79;18,46666667;39;1,733190907;18,46666667;Ingeniería Sistemas Y Computac;División de Ingenierías;CALCULO I;MAT1101;4 Temas Parcial 2 Cálculo I;39;3 Temas Parcial 1 Cálculo I;5;871;1 Avance entre [ 19 - 40 temas];Cumplimiento meta;4,8
202510;N;872;N;13/01/2025 2:20:36 p. m.;202510 Pre Cálculo ING-GEO-MAT-DAt;Precálculo;13/01/2025 2:23:47 p. m.;383;72;0,7;5;79;35;79;9,933333333;28;2,618035355;9,933333333;Ingeniería Civil;División de Ingenierías;CALCULO I;MAT1101;3 Temas Parcial 1 Cálculo I;30;1 Repaso de álgebra y geometría;3,5;872;1 Avance entre [ 19 - 40 temas];Cumplimiento meta;3,5
202510;N;873;N;13/01/2025 8:54:56 a. m.;202510 Pre Cálculo ING-GEO-MAT-DAt;Precálculo;13/01/2025 8:57:41 a. m.;424;79;1;41;79;79;79;19,41666667;42;1,956885577;19,41666667;Ingeniería Electrónica;División de Ingenierías;CALCULO I;MAT1101;4 Temas Parcial 2 Cálculo I;38;3 Temas Parcial 1 Cálculo I;4,9;873;1 Avance entre [ 19 - 40 temas];Cumplimiento meta;4,9
202510;N;874;N;13/01/2025 9:09:46 a. m.;202510 Pre Cálculo ING-GEO-MAT-DAt;Precálculo;13/01/2025 9:10:53 a. m.;252;61;2,016666667;26;79;35;79;7,95;12;1,131640529;7,95;Ingeniería Sistemas Y Computac;División de Ingenierías;CALCULO I;MAT1101;3 Temas Parcial 1 Cálculo I;9;2 Ecuaciones y desigualdades;4,5;874;0 Avance menor a 19 temas;Cumplimiento meta;4,3
202510;N;875;N;13/01/2025 8:56:42 a. m.;202510 Pre Cálculo ING-GEO-MAT-DAt;Precálculo;13/01/2025 8:57:34 a. m.;410;77;1,4;47;79;79;79;12,68333333;41;2,994549395;12,68333333;Ingeniería Electrónica;División de Ingenierías;CALCULO I;MAT1101;4 Temas Parcial 2 Cálculo I;32;3 Temas Parcial 1 Cálculo I;4,9;875;1 Avance entre [ 19 - 40 temas];Cumplimiento meta;4,3
202510;N;876;N;13/01/2025 9:05:41 a. m.;202510 Pre Cálculo ING-GEO-MAT-DAt;Precálculo;13/01/2025 9:07:52 a. m.;407;74;0,5;4;79;54;79;21,95;53;2,141989062;21,95;Ingeniería Electrónica;División de Ingenierías;CALCULO I;MAT1101;3 Temas Parcial 1 Cálculo I;50;1 Repaso de álgebra y geometría;4,1;876;2 Avance entre [ 40 - 60 temas];Cumplimiento meta;4,5
202510;N;877;N;13/01/2025 8:53:22 a. m.;202510 Pre Cálculo ING-GEO-MAT-DAt;Precálculo;13/01/2025 8:55:35 a. m.;389;77;1,15;11;79;43;79;16,43333333;32;1,764646226;16,43333333;Ingeniería Electrónica;División de Ingenierías;CALCULO I;MAT1101;3 Temas Parcial 1 Cálculo I;32;2 Ecuaciones y desigualdades;4,8;877;1 Avance entre [ 19 - 40 temas];Cumplimiento meta;4,5
202510;N;878;N;15/01/2025 3:33:52 p. m.;202510 Pre Cálculo ING-GEO-MAT-DAt;Precálculo;15/01/2025 3:34:45 p. m.;369;67;0,65;11;79;35;79;7,65;22;2,616374142;7,65;Ingeniería Electrónica;División de Ingenierías;CALCULO I;MAT1101;3 Temas Parcial 1 Cálculo I;24;2 Ecuaciones y desigualdades;4,2;878;1 Avance entre [ 19 - 40 temas];Cumplimiento meta;4
202510;N;879;N;13/01/2025 9:05:39 a. m.;202510 Pre Cálculo ING-GEO-MAT-DAt;Precálculo;13/01/2025 9:08:04 a. m.;430;78;2,033333333;31;79;65;79;15,63333333;30;1,662728936;15,63333333;Ingeniería Electrónica;División de Ingenierías;CALCULO I;MAT1101;4 Temas Parcial 2 Cálculo I;34;3 Temas Parcial 1 Cálculo I;4,8;879;1 Avance entre [ 19 - 40 temas];Cumplimiento meta;4,6
202510;N;880;N;13/01/2025 8:53:16 a. m.;202510 Pre Cálculo ING-GEO-MAT-DAt;Precálculo;13/01/2025 8:54:27 a. m.;437;71;1,033333333;27;79;79;79;23,78333333;53;2,22886781;23,78333333;Ingeniería Mecánica;División de Ingenierías;CALCULO I;MAT1101;4 Temas Parcial 2 Cálculo I;52;2 Ecuaciones y desigualdades;4,7;880;2 Avance entre [ 40 - 60 temas];Cumplimiento meta;4,7
202510;N;881;N;13/01/2025 9:05:41 a. m.;202510 Pre Cálculo ING-GEO-MAT-DAt;Precálculo;13/01/2025 9:09:32 a. m.;325;67;1,833333333;19;79;40;79;13,4;27;1,56739162;13,4;Ingeniería Mecánica;División de Ingenierías;CALCULO I;MAT1101;3 Temas Parcial 1 Cálculo I;21;2 Ecuaciones y desigualdades;3,1;881;1 Avance entre [ 19 - 40 temas];Cumplimiento meta;3
202510;N;882;N;13/01/2025 9:06:14 a. m.;202510 Pre Cálculo ING-GEO-MAT-DAt;Precálculo;13/01/2025 9:07:25 a. m.;422;78;0,966666667;30;79;79;79;23,33333333;49;2,056849022;23,33333333;Ingeniería Mecánica;División de Ingenierías;CALCULO I;MAT1101;4 Temas Parcial 2 Cálculo I;49;2 Ecuaciones y desigualdades;4,7;882;2 Avance entre [ 40 - 60 temas];Cumplimiento meta;1,5
202510;N;883;N;13/01/2025 2:32:15 p. m.;202510 Pre Cálculo ING-GEO-MAT-DAt;Precálculo;13/01/2025 2:32:52 p. m.;395;77;0,716666667;10;79;34;79;10,5;25;2,287166455;10,5;Ingeniería Civil;División de Ingenierías;CALCULO I;MAT1101;3 Temas Parcial 1 Cálculo I;24;1 Repaso de álgebra y geometría;4,2;883;1 Avance entre [ 19 - 40 temas];Cumplimiento meta;3,6
202510;N;884;N;20/01/2025 8:16:13 a. m.;202510 Pre Cálculo ING-GEO-MAT-DAt;Precálculo;20/01/2025 8:19:04 a. m.;477;100;1,083333333;27;79;68;79;18,95;49;2,427405051;18,95;Ingeniería Mecánica;División de Ingenierías;CALCULO I;MAT1101;4 Temas Parcial 2 Cálculo I;41;2 Ecuaciones y desigualdades;5;884;2 Avance entre [ 40 - 60 temas];Cumplimiento meta;4,7
202510;N;885;N;13/01/2025 9:21:55 a. m.;202510 Pre Cálculo ING-GEO-MAT-DAt;Precálculo;13/01/2025 9:22:52 a. m.;345;72;0,35;4;79;31;79;13,8;34;2,101491576;13,8;Ingeniería Sistemas Y Computac;División de Ingenierías;CALCULO I;MAT1101;3 Temas Parcial 1 Cálculo I;27;1 Repaso de álgebra y geometría;2,7;885;1 Avance entre [ 19 - 40 temas];Cumplimiento meta;3,2
202510;N;886;N;13/01/2025 9:27:02 a. m.;202510 Pre Cálculo ING-GEO-MAT-DAt;Precálculo;13/01/2025 9:28:25 a. m.;418;100;1,3;6;79;14;79;4,95;10;1,614168815;4,95;Ingeniería Electrónica;División de Ingenierías;CALCULO I;MAT1101;2 Ecuaciones y desigualdades;8;1 Repaso de álgebra y geometría;2,6;886;0 Avance menor a 19 temas;No alcanzo meta;3,2
202510;N;887;N;14/01/2025 8:25:16 a. m.;202510 Pre Cálculo ING-GEO-MAT-DAt;Precálculo;14/01/2025 8:26:10 a. m.;343;71;1,2;10;79;46;79;32,76666667;62;1,587072817;32,76666667;Ingeniería Sistemas Y Computac;División de Ingenierías;CALCULO I;MAT1101;3 Temas Parcial 1 Cálculo I;36;1 Repaso de álgebra y geometría;5;887;1 Avance entre [ 19 - 40 temas];Cumplimiento meta;4,3
202510;N;888;N;13/01/2025 2:22:34 p. m.;202510 Pre Cálculo ING-GEO-MAT-DAt;Precálculo;13/01/2025 2:24:30 p. m.;418;79;0,583333333;17;79;32;79;6,85;16;2,188538543;6,85;Ingeniería Civil;División de Ingenierías;CALCULO I;MAT1101;3 Temas Parcial 1 Cálculo I;15;2 Ecuaciones y desigualdades;4,5;888;0 Avance menor a 19 temas;Cumplimiento meta;4,2
202510;N;889;N;13/01/2025 2:18:56 p. m.;202510 Pre Cálculo ING-GEO-MAT-DAt;Precálculo;13/01/2025 2:20:19 p. m.;272;51;0,9;41;79;79;79;19,35;54;2,324747076;19,35;Ingeniería Civil;División de Ingenierías;CALCULO I;MAT1101;4 Temas Parcial 2 Cálculo I;38;3 Temas Parcial 1 Cálculo I;3,6;889;1 Avance entre [ 19 - 40 temas];Cumplimiento meta;4,4
202510;N;890;N;18/01/2025 8:33:06 p. m.;202510 Pre Cálculo ING-GEO-MAT-DAt;Precálculo;18/01/2025 8:33:40 p. m.;352;67;0,383333333;23;79;35;79;15,03333333;16;0,798181919;15,03333333;Ingeniería Electrónica;División de Ingenierías;CALCULO I;MAT1101;3 Temas Parcial 1 Cálculo I;12;2 Ecuaciones y desigualdades;3,1;890;0 Avance menor a 19 temas;Cumplimiento meta;3,4
202510;N;891;N;20/01/2025 5:14:01 p. m.;202510 Pre Cálculo ING-GEO-MAT-DAt;Precálculo;20/01/2025 5:16:12 p. m.;398;76;0,266666667;4;79;13;79;3,983333333;9;2,261622225;3,983333333;Ciencia de Datos;División de Ciencias Básicas;CALCULO I;MAT1101;2 Ecuaciones y desigualdades;9;1 Repaso de álgebra y geometría;4,5;891;0 Avance menor a 19 temas;No alcanzo meta;3,7
202510;N;892;N;13/01/2025 8:54:47 a. m.;202510 Pre Cálculo ING-GEO-MAT-DAt;Precálculo;13/01/2025 8:55:50 a. m.;402;72;1,6;26;79;70;79;40,08333333;48;1,09788809;40,08333333;Ingeniería Mecánica;División de Ingenierías;CALCULO I;MAT1101;4 Temas Parcial 2 Cálculo I;44;2 Ecuaciones y desigualdades;4,5;892;2 Avance entre [ 40 - 60 temas];Cumplimiento meta;4,3
202510;N;893;N;13/01/2025 9:03:40 a. m.;202510 Pre Cálculo ING-GEO-MAT-DAt;Precálculo;13/01/2025 9:04:33 a. m.;402;80;0,933333333;11;79;63;79;22,83333333;52;2,190580504;22,83333333;Ingeniería Mecánica;División de Ingenierías;CALCULO I;MAT1101;4 Temas Parcial 2 Cálculo I;52;2 Ecuaciones y desigualdades;3,6;893;2 Avance entre [ 40 - 60 temas];Cumplimiento meta;3,8
202510;N;894;N;28/01/2025 9:46:28 p. m.;202510 Pre Cálculo ING-GEO-MAT-DAt;Precálculo;28/01/2025 9:47:18 p. m.;373;74;1,333333333;59;79;59;79;1,466666667;0;0;1,466666667;Ingeniería Sistemas Y Computac;División de Ingenierías;CALCULO I;MAT1101;4 Temas Parcial 2 Cálculo I;0;4 Temas Parcial 2 Cálculo I;5;894;0 Avance menor a 19 temas;Cumplimiento meta;5
202510;N;895;N;16/01/2025 8:08:25 a. m.;202510 Pre Cálculo ING-GEO-MAT-DAt;Precálculo;16/01/2025 8:09:33 a. m.;337;70;1,333333333;14;79;19;79;7,133333333;8;0,701125696;7,133333333;Ingeniería Mecánica;División de Ingenierías;CALCULO I;MAT1101;2 Ecuaciones y desigualdades;5;2 Ecuaciones y desigualdades;3;895;0 Avance menor a 19 temas;No alcanzo meta;3
202510;N;896;N;13/01/2025 8:52:43 a. m.;202510 Pre Cálculo ING-GEO-MAT-DAt;Precálculo;13/01/2025 8:53:59 a. m.;348;64;0,85;13;79;38;79;11,56666667;27;2,16065684;11,56666667;Ingeniería Mecánica;División de Ingenierías;CALCULO I;MAT1101;3 Temas Parcial 1 Cálculo I;25;2 Ecuaciones y desigualdades;4,6;896;1 Avance entre [ 19 - 40 temas];Cumplimiento meta;3,6
202510;N;897;N;13/01/2025 2:18:55 p. m.;202510 Pre Cálculo ING-GEO-MAT-DAt;Precálculo;13/01/2025 2:20:29 p. m.;371;80;0,333333333;6;79;36;79;20,98333333;38;1,429649339;20,98333333;Ciencia de Datos;División de Ciencias Básicas;CALCULO I;MAT1101;3 Temas Parcial 1 Cálculo I;30;1 Repaso de álgebra y geometría;3,4;897;1 Avance entre [ 19 - 40 temas];Cumplimiento meta;3,3
202510;N;898;N;13/01/2025 8:58:38 a. m.;202510 Pre Cálculo ING-GEO-MAT-DAt;Precálculo;13/01/2025 8:59:39 a. m.;450;100;1,616666667;30;79;79;79;20,85;55;2,590721911;20,85;Ingeniería Mecánica;División de Ingenierías;CALCULO I;MAT1101;4 Temas Parcial 2 Cálculo I;49;2 Ecuaciones y desigualdades;4,6;898;2 Avance entre [ 40 - 60 temas];Cumplimiento meta;4
202510;N;899;N;13/01/2025 9:06:59 a. m.;202510 Pre Cálculo ING-GEO-MAT-DAt;Precálculo;13/01/2025 9:09:02 a. m.;382;78;0,883333333;10;79;77;79;30,93333333;58;1,842440785;30,93333333;Ingeniería Sistemas Y Computac;División de Ingenierías;CALCULO I;MAT1101;4 Temas Parcial 2 Cálculo I;67;1 Repaso de álgebra y geometría;3,6;899;3 Avance superior a 60 temas;Cumplimiento meta;3,6
202510;N;900;N;13/01/2025 9:51:36 a. m.;202510 Pre Cálculo ING-GEO-MAT-DAt;Precálculo;13/01/2025 9:54:55 a. m.;411;100;1,833333333;15;79;79;79;34,76666667;76;2,013278048;34,76666667;Ingeniería Sistemas Y Computac;División de Ingenierías;CALCULO I;MAT1101;4 Temas Parcial 2 Cálculo I;64;2 Ecuaciones y desigualdades;3,8;900;3 Avance superior a 60 temas;Cumplimiento meta;3,6
202510;N;901;N;13/01/2025 8:54:24 a. m.;202510 Pre Cálculo ING-GEO-MAT-DAt;Precálculo;13/01/2025 8:56:52 a. m.;400;68;1,266666667;34;79;67;79;9,95;38;3,318250377;9,95;Ingeniería Mecánica;División de Ingenierías;CALCULO I;MAT1101;4 Temas Parcial 2 Cálculo I;33;3 Temas Parcial 1 Cálculo I;4,8;901;1 Avance entre [ 19 - 40 temas];Cumplimiento meta;4,7
202510;N;902;N;13/01/2025 8:54:41 a. m.;202510 Pre Cálculo ING-GEO-MAT-DAt;Precálculo;13/01/2025 8:56:26 a. m.;419;79;0,75;11;79;42;79;9,366666667;31;3,201612664;9,366666667;Ingeniería Sistemas Y Computac;División de Ingenierías;CALCULO I;MAT1101;3 Temas Parcial 1 Cálculo I;31;2 Ecuaciones y desigualdades;3,3;902;1 Avance entre [ 19 - 40 temas];Cumplimiento meta;3,2
202510;N;903;N;13/01/2025 2:20:34 p. m.;202510 Pre Cálculo ING-GEO-MAT-DAt;Precálculo;13/01/2025 2:21:28 p. m.;422;81;0,883333333;8;79;66;79;35,2;71;1,846707494;35,2;Ciencia de Datos;División de Ciencias Básicas;CALCULO I;MAT1101;4 Temas Parcial 2 Cálculo I;58;1 Repaso de álgebra y geometría;3,6;903;2 Avance entre [ 40 - 60 temas];Cumplimiento meta;3,6
202510;N;904;N;20/01/2025 8:15:58 a. m.;202510 Pre Cálculo ING-GEO-MAT-DAt;Precálculo;20/01/2025 8:18:22 a. m.;348;72;1,333333333;13;79;36;79;24,76666667;23;0,928750897;24,76666667;Ingeniería Civil;División de Ingenierías;CALCULO I;MAT1101;3 Temas Parcial 1 Cálculo I;23;2 Ecuaciones y desigualdades;2,6;904;1 Avance entre [ 19 - 40 temas];Cumplimiento meta;3,5
202510;N;905;N;15/01/2025 1:57:52 p. m.;202510 Pre Cálculo ING-GEO-MAT-DAt;Precálculo;15/01/2025 1:58:52 p. m.;389;78;2,083333333;17;79;44;79;24,05;28;1,12272596;24,05;Ingeniería Mecánica;División de Ingenierías;CALCULO I;MAT1101;3 Temas Parcial 1 Cálculo I;27;2 Ecuaciones y desigualdades;4;905;1 Avance entre [ 19 - 40 temas];Cumplimiento meta;4,6
202510;N;906;N;13/01/2025 8:51:34 a. m.;202510 Pre Cálculo ING-GEO-MAT-DAt;Precálculo;13/01/2025 8:55:43 a. m.;362;69;0,766666667;8;79;28;79;14,58333333;23;1,440795868;14,58333333;Ingeniería Mecánica;División de Ingenierías;CALCULO I;MAT1101;2 Ecuaciones y desigualdades;20;1 Repaso de álgebra y geometría;2,5;906;1 Avance entre [ 19 - 40 temas];No alcanzo meta;1,5
202510;N;907;N;13/01/2025 8:53:20 a. m.;202510 Pre Cálculo ING-GEO-MAT-DAt;Precálculo;13/01/2025 8:55:12 a. m.;395;78;1,016666667;23;79;61;79;12,4;37;2,904722415;12,4;Ingeniería Sistemas Y Computac;División de Ingenierías;CALCULO I;MAT1101;4 Temas Parcial 2 Cálculo I;38;2 Ecuaciones y desigualdades;3,8;907;1 Avance entre [ 19 - 40 temas];Cumplimiento meta;3,9
202510;N;908;N;13/01/2025 2:23:18 p. m.;202510 Pre Cálculo ING-GEO-MAT-DAt;Precálculo;13/01/2025 2:24:32 p. m.;367;66;0,766666667;9;79;43;79;25,61666667;41;1,366638828;25,61666667;Ingeniería Civil;División de Ingenierías;CALCULO I;MAT1101;3 Temas Parcial 1 Cálculo I;34;1 Repaso de álgebra y geometría;4;908;1 Avance entre [ 19 - 40 temas];Cumplimiento meta;4,5
202510;N;909;N;13/01/2025 8:52:40 a. m.;202510 Pre Cálculo ING-GEO-MAT-DAt;Precálculo;13/01/2025 8:54:39 a. m.;444;77;0,633333333;7;79;43;79;17,8;37;2,078749005;17,8;Ingeniería Mecánica;División de Ingenierías;CALCULO I;MAT1101;3 Temas Parcial 1 Cálculo I;36;1 Repaso de álgebra y geometría;3,4;909;1 Avance entre [ 19 - 40 temas];Cumplimiento meta;3,4
202510;N;910;N;13/01/2025 8:59:59 a. m.;202510 Pre Cálculo ING-GEO-MAT-DAt;Precálculo;13/01/2025 9:01:15 a. m.;439;100;1,216666667;43;79;77;79;16,05;36;2,055896859;16,05;Ingeniería Sistemas Y Computac;División de Ingenierías;CALCULO I;MAT1101;4 Temas Parcial 2 Cálculo I;34;3 Temas Parcial 1 Cálculo I;4,5;910;1 Avance entre [ 19 - 40 temas];Cumplimiento meta;4,7
202510;N;911;N;13/01/2025 9:02:44 a. m.;202510 Pre Cálculo ING-GEO-MAT-DAt;Precálculo;13/01/2025 9:04:12 a. m.;368;79;0,666666667;4;79;26;79;8,183333333;27;3,054367746;8,183333333;Ingeniería Sistemas Y Computac;División de Ingenierías;CALCULO I;MAT1101;2 Ecuaciones y desigualdades;22;1 Repaso de álgebra y geometría;4,9;911;1 Avance entre [ 19 - 40 temas];No alcanzo meta;3,6
202510;N;912;N;13/01/2025 2:21:58 p. m.;202510 Pre Cálculo ING-GEO-MAT-DAt;Precálculo;13/01/2025 2:23:27 p. m.;398;78;0,566666667;17;79;50;79;14,53333333;40;2,477016877;14,53333333;Ingeniería Civil;División de Ingenierías;CALCULO I;MAT1101;3 Temas Parcial 1 Cálculo I;33;2 Ecuaciones y desigualdades;4;912;1 Avance entre [ 19 - 40 temas];Cumplimiento meta;4,6
202510;N;913;N;13/01/2025 9:09:08 a. m.;202510 Pre Cálculo ING-GEO-MAT-DAt;Precálculo;13/01/2025 9:10:45 a. m.;379;78;0,366666667;3;79;42;79;22,9;52;1,877524288;22,9;Ingeniería Sistemas Y Computac;División de Ingenierías;CALCULO I;MAT1101;3 Temas Parcial 1 Cálculo I;39;1 Repaso de álgebra y geometría;4,9;913;1 Avance entre [ 19 - 40 temas];Cumplimiento meta;4,4
202510;N;914;N;13/01/2025 2:22:17 p. m.;202510 Pre Cálculo ING-GEO-MAT-DAt;Precálculo;13/01/2025 2:24:15 p. m.;387;78;0,833333333;5;79;23;79;20,71666667;44;1,834911608;20,71666667;Ingeniería Industrial;División de Ingenierías;CALCULO I;MAT1101;2 Ecuaciones y desigualdades;18;1 Repaso de álgebra y geometría;4,2;914;0 Avance menor a 19 temas;No alcanzo meta;4
202310;N;915;N;13/01/2023 8:49:25 a. m.;202310 Precálculo ING-GEO;Precálculo;13/01/2023 8:59:27 a. m.;425;76;2,8;35;79;63;79;15,65;32;1,789677396;15,65;Ingeniería Industrial;División de Ingenierías;CALCULO I;MAT1101;4 Temas Parcial 2 Cálculo I;28;3 Temas Parcial 1 Cálculo I;4,7;915;1 Avance entre [ 19 - 40 temas];Cumplimiento meta;4,8
202310;N;916;N;13/01/2023 8:56:34 a. m.;202310 Precálculo ING-GEO;Precálculo;13/01/2023 9:00:32 a. m.;375;75;0,583333333;6;79;27;79;6,533333333;21;3,217705895;6,533333333;Ingeniería Sistemas Y Computac;División de Ingenierías;CALCULO I;MAT1101;2 Ecuaciones y desigualdades;21;1 Repaso de álgebra y geometría;3,5;916;1 Avance entre [ 19 - 40 temas];No alcanzo meta;4,1
202310;N;917;N;13/01/2023 8:44:12 a. m.;202310 Precálculo ING-GEO;Precálculo;13/01/2023 8:47:27 a. m.;362;76;0,583333333;10;79;44;79;19,88333333;44;2,012325494;19,88333333;Ingeniería Mecánica;División de Ingenierías;CALCULO I;MAT1101;3 Temas Parcial 1 Cálculo I;34;1 Repaso de álgebra y geometría;4,3;917;1 Avance entre [ 19 - 40 temas];Cumplimiento meta;1,5
202310;N;918;N;21/12/2022 9:33:34 a. m.;202310 Precálculo ING-GEO;Precálculo;21/12/2022 9:36:17 a. m.;364;73;0,65;16;79;68;79;11,41666667;42;3,329358222;19,43333333;Ingeniería Sistemas Y Computac;División de Ingenierías;CALCULO I;MAT1101;4 Temas Parcial 2 Cálculo I;52;2 Ecuaciones y desigualdades;4,8;918;2 Avance entre [ 40 - 60 temas];Cumplimiento meta;4,4
202310;N;919;N;16/01/2023 1:59:12 p. m.;202310 Precálculo ING-GEO;Precálculo;16/01/2023 2:07:01 p. m.;368;72;1,066666667;11;79;43;79;19,08333333;40;1,991817242;19,08333333;Ingeniería Industrial;División de Ingenierías;CALCULO I;MAT1101;3 Temas Parcial 1 Cálculo I;32;2 Ecuaciones y desigualdades;4,5;919;1 Avance entre [ 19 - 40 temas];Cumplimiento meta;4,1
202310;N;920;N;20/01/2023 9:39:09 a. m.;202310 Precálculo ING-GEO;Precálculo;20/01/2023 9:43:09 a. m.;317;64;0,55;4;79;32;79;9,3;29;3,012372243;9,3;Curso libre pregrado;Centro de Educ. Continuada;CALCULO I;MAT1101;3 Temas Parcial 1 Cálculo I;28;1 Repaso de álgebra y geometría;2,4;920;1 Avance entre [ 19 - 40 temas];Cumplimiento meta;3,3
202310;N;921;N;16/01/2023 8:22:39 a. m.;202310 Precálculo ING-GEO;Precálculo;16/01/2023 8:30:32 a. m.;369;67;1,466666667;7;79;38;79;10,1;32;3,070996147;10,1;Ingeniería Civil;División de Ingenierías;CALCULO I;MAT1101;3 Temas Parcial 1 Cálculo I;31;1 Repaso de álgebra y geometría;4,9;921;1 Avance entre [ 19 - 40 temas];Cumplimiento meta;4,4
202310;N;922;N;13/01/2023 8:44:09 a. m.;202310 Precálculo ING-GEO;Precálculo;13/01/2023 8:48:15 a. m.;406;75;0,7;8;79;30;79;12,43333333;23;1,770584159;12,43333333;Ingeniería Mecánica;División de Ingenierías;CALCULO I;MAT1101;2 Ecuaciones y desigualdades;22;1 Repaso de álgebra y geometría;3,4;922;1 Avance entre [ 19 - 40 temas];No alcanzo meta;3,4
202310;N;923;N;13/01/2023 8:56:03 a. m.;202310 Precálculo ING-GEO;Precálculo;13/01/2023 9:00:12 a. m.;390;77;0,933333333;14;79;65;79;20,21666667;55;2,572524014;20,21666667;Ingeniería Sistemas Y Computac;División de Ingenierías;CALCULO I;MAT1101;4 Temas Parcial 2 Cálculo I;51;2 Ecuaciones y desigualdades;4,2;923;2 Avance entre [ 40 - 60 temas];Cumplimiento meta;4,8
202310;N;924;N;13/01/2023 8:57:12 a. m.;202310 Precálculo ING-GEO;Precálculo;13/01/2023 9:02:32 a. m.;331;70;0,716666667;3;79;35;79;17,76666667;42;2,139673105;17,76666667;Ingeniería Sistemas Y Computac;División de Ingenierías;CALCULO I;MAT1101;3 Temas Parcial 1 Cálculo I;32;1 Repaso de álgebra y geometría;2,6;924;1 Avance entre [ 19 - 40 temas];Cumplimiento meta;1,8
202310;N;925;N;20/01/2023 8:36:53 a. m.;202310 Precálculo ING-GEO;Precálculo;20/01/2023 8:40:52 a. m.;349;67;1,65;7;79;7;79;2,266666667;0;0;2,266666667;Geología;División de Ciencias Básicas;CALCULO I;MAT1101;1 Repaso de Álgebra y Geometría;0;1 Repaso de álgebra y geometría;4,4;925;0 Avance menor a 19 temas;No alcanzo meta;4,2
202310;N;926;N;13/01/2023 8:56:39 a. m.;202310 Precálculo ING-GEO;Precálculo;13/01/2023 9:00:52 a. m.;364;71;1,45;8;79;51;79;36,73333333;48;1,170519248;36,73333333;Ingeniería Sistemas Y Computac;División de Ingenierías;CALCULO I;MAT1101;3 Temas Parcial 1 Cálculo I;43;1 Repaso de álgebra y geometría;3,6;926;2 Avance entre [ 40 - 60 temas];Cumplimiento meta;4,2
202310;N;927;N;13/01/2023 8:44:13 a. m.;202310 Precálculo ING-GEO;Precálculo;13/01/2023 8:48:26 a. m.;415;79;0,266666667;4;79;29;79;15,11666667;29;1,65386453;15,11666667;Ingeniería Mecánica;División de Ingenierías;CALCULO I;MAT1101;2 Ecuaciones y desigualdades;25;1 Repaso de álgebra y geometría;3,6;927;1 Avance entre [ 19 - 40 temas];No alcanzo meta;4
202310;N;447;N;18/01/2023 4:23:38 p. m.;202310 Precálculo ING-GEO;Precálculo;18/01/2023 4:25:32 p. m.;407;74;0,95;67;79;70;79;1,583333333;5;1,894072255;1,583333333;Matemáticas;División de Ciencias Básicas;CALCULO I;MAT1101;4 Temas Parcial 2 Cálculo I;3;4 Temas Parcial 2 Cálculo I;5;447;0 Avance menor a 19 temas;Cumplimiento meta;4,9
202310;N;928;N;13/01/2023 8:46:11 a. m.;202310 Precálculo ING-GEO;Precálculo;13/01/2023 8:48:36 a. m.;329;62;0,883333333;3;79;35;79;18,45;36;1,787998736;18,45;Ingeniería Mecánica;División de Ingenierías;CALCULO I;MAT1101;3 Temas Parcial 1 Cálculo I;32;1 Repaso de álgebra y geometría;3,8;928;1 Avance entre [ 19 - 40 temas];Cumplimiento meta;3,6
202310;N;929;N;13/01/2023 8:57:24 a. m.;202310 Precálculo ING-GEO;Precálculo;13/01/2023 9:03:11 a. m.;347;74;0,35;5;79;62;79;27,13333333;67;2,137986115;27,13333333;Ingeniería Sistemas Y Computac;División de Ingenierías;CALCULO I;MAT1101;4 Temas Parcial 2 Cálculo I;57;1 Repaso de álgebra y geometría;2,3;929;2 Avance entre [ 40 - 60 temas];Cumplimiento meta;1,5
202310;N;930;N;18/01/2023 5:06:04 p. m.;202310 Precálculo ING-GEO;Precálculo;18/01/2023 5:10:37 p. m.;351;74;1,3;11;79;36;79;29,01666667;36;0,896045338;29,01666667;Ingeniería Sistemas Y Computac;División de Ingenierías;CALCULO I;MAT1101;3 Temas Parcial 1 Cálculo I;25;2 Ecuaciones y desigualdades;3,2;930;1 Avance entre [ 19 - 40 temas];Cumplimiento meta;4,2
202310;N;931;N;20/01/2023 9:22:37 a. m.;202310 Precálculo ING-GEO;Precálculo;20/01/2023 9:30:09 a. m.;362;77;1,2;6;79;16;79;7,35;11;1,361676375;7,35;Ingeniería Sistemas Y Computac;División de Ingenierías;CALCULO I;MAT1101;2 Ecuaciones y desigualdades;10;1 Repaso de álgebra y geometría;4,5;931;0 Avance menor a 19 temas;No alcanzo meta;4,3
202310;N;932;N;13/01/2023 9:03:28 a. m.;202310 Precálculo ING-GEO;Precálculo;13/01/2023 9:07:51 a. m.;354;69;1,916666667;12;79;48;79;20,73333333;41;1,736590334;20,73333333;Ingeniería Industrial;División de Ingenierías;CALCULO I;MAT1101;3 Temas Parcial 1 Cálculo I;36;2 Ecuaciones y desigualdades;5;932;1 Avance entre [ 19 - 40 temas];Cumplimiento meta;4
202310;N;933;N;13/01/2023 8:43:13 a. m.;202310 Precálculo ING-GEO;Precálculo;13/01/2023 8:47:13 a. m.;374;72;0,483333333;6;79;66;79;21,15;59;2,743325625;21,15;Ingeniería Sistemas Y Computac;División de Ingenierías;CALCULO I;MAT1101;4 Temas Parcial 2 Cálculo I;60;1 Repaso de álgebra y geometría;4,8;933;3 Avance superior a 60 temas;Cumplimiento meta;4,5
202310;N;934;N;20/01/2023 8:20:03 a. m.;202310 Precálculo ING-GEO;Precálculo;20/01/2023 8:23:08 a. m.;332;65;0,866666667;4;79;20;79;8,766666667;23;2,282960238;8,766666667;Ingeniería Sistemas Y Computac;División de Ingenierías;CALCULO I;MAT1101;2 Ecuaciones y desigualdades;16;1 Repaso de álgebra y geometría;3,8;934;0 Avance menor a 19 temas;No alcanzo meta;3
202310;N;935;N;13/01/2023 9:03:58 a. m.;202310 Precálculo ING-GEO;Precálculo;13/01/2023 9:08:34 a. m.;394;79;0,9;7;79;17;79;6,65;12;1,503194288;6,65;Ingeniería Electrónica;División de Ingenierías;CALCULO I;MAT1101;2 Ecuaciones y desigualdades;10;1 Repaso de álgebra y geometría;4,3;935;0 Avance menor a 19 temas;No alcanzo meta;4,4
202310;N;936;N;16/01/2023 8:46:57 a. m.;202310 Precálculo ING-GEO;Precálculo;16/01/2023 8:49:42 a. m.;344;62;0,633333333;10;79;79;79;28,76666667;74;2,502945209;28,76666667;Ingeniería Eléctrica;División de Ingenierías;CALCULO I;MAT1101;4 Temas Parcial 2 Cálculo I;69;1 Repaso de álgebra y geometría;5;936;3 Avance superior a 60 temas;Cumplimiento meta;4,2
202310;N;937;N;17/01/2023 8:18:56 a. m.;202310 Precálculo ING-GEO;Precálculo;17/01/2023 8:24:36 a. m.;420;77;2;60;79;79;79;12,96666667;23;1,466175084;12,96666667;Ingeniería Sistemas Y Computac;División de Ingenierías;CALCULO I;MAT1101;4 Temas Parcial 2 Cálculo I;19;4 Temas Parcial 2 Cálculo I;4,9;937;1 Avance entre [ 19 - 40 temas];Cumplimiento meta;4,9
202310;N;938;N;13/01/2023 8:52:13 a. m.;202310 Precálculo ING-GEO;Precálculo;13/01/2023 8:59:14 a. m.;338;66;1,133333333;20;79;26;79;6,05;8;0,9904168;6,05;Ingeniería Sistemas Y Computac;División de Ingenierías;CALCULO I;MAT1101;2 Ecuaciones y desigualdades;6;2 Ecuaciones y desigualdades;3,2;938;0 Avance menor a 19 temas;No alcanzo meta;3,9
202310;N;939;N;13/01/2023 1:55:02 p. m.;202310 Precálculo ING-GEO;Precálculo;13/01/2023 1:58:15 p. m.;288;56;2,4;31;79;46;79;12;24;1,250028936;12;Ingeniería Civil;División de Ingenierías;CALCULO I;MAT1101;3 Temas Parcial 1 Cálculo I;15;3 Temas Parcial 1 Cálculo I;1,7;939;0 Avance menor a 19 temas;Cumplimiento meta;3
202310;N;940;N;20/01/2023 8:51:01 a. m.;202310 Precálculo ING-GEO;Precálculo;20/01/2023 8:58:16 a. m.;337;67;0,283333333;5;79;13;79;4,8;8;1,668404588;4,8;Ingeniería Sistemas Y Computac;División de Ingenierías;CALCULO I;MAT1101;2 Ecuaciones y desigualdades;8;1 Repaso de álgebra y geometría;3,3;940;0 Avance menor a 19 temas;No alcanzo meta;4,1
202310;N;941;N;13/01/2023 8:57:23 a. m.;202310 Precálculo ING-GEO;Precálculo;13/01/2023 9:01:52 a. m.;347;65;2,35;73;79;79;79;4,3;6;1,39679255;4,3;Ingeniería Sistemas Y Computac;División de Ingenierías;CALCULO I;MAT1101;4 Temas Parcial 2 Cálculo I;6;4 Temas Parcial 2 Cálculo I;4,1;941;0 Avance menor a 19 temas;Cumplimiento meta;4,1
202310;N;942;N;13/01/2023 9:00:43 a. m.;202310 Precálculo ING-GEO;Precálculo;13/01/2023 9:05:16 a. m.;423;100;0,75;9;79;59;79;29,35;52;1,63529512;29,35;Ingeniería Electrónica;División de Ingenierías;CALCULO I;MAT1101;4 Temas Parcial 2 Cálculo I;50;1 Repaso de álgebra y geometría;4,9;942;2 Avance entre [ 40 - 60 temas];Cumplimiento meta;4,2
202310;N;943;N;13/01/2023 9:01:02 a. m.;202310 Precálculo ING-GEO;Precálculo;13/01/2023 9:06:12 a. m.;343;70;1,8;6;79;26;79;6,166666667;21;3,242805026;6,166666667;Geología;División de Ciencias Básicas;CALCULO I;MAT1101;2 Ecuaciones y desigualdades;20;1 Repaso de álgebra y geometría;4;943;1 Avance entre [ 19 - 40 temas];No alcanzo meta;3,6
202310;N;944;N;13/01/2023 8:44:02 a. m.;202310 Precálculo ING-GEO;Precálculo;13/01/2023 8:47:43 a. m.;364;76;0,9;10;79;37;79;16,53333333;26;1,391292659;16,53333333;Ingeniería Mecánica;División de Ingenierías;CALCULO I;MAT1101;3 Temas Parcial 1 Cálculo I;27;1 Repaso de álgebra y geometría;3,8;944;1 Avance entre [ 19 - 40 temas];Cumplimiento meta;3,3
202310;N;945;N;21/12/2022 9:34:53 a. m.;202310 Precálculo ING-GEO;Precálculo;21/12/2022 9:41:25 a. m.;304;58;1,55;12;79;45;79;23,31666667;34;1,329980575;31,96666667;Ingeniería Mecánica;División de Ingenierías;CALCULO I;MAT1101;3 Temas Parcial 1 Cálculo I;33;2 Ecuaciones y desigualdades;2,8;945;1 Avance entre [ 19 - 40 temas];Cumplimiento meta;3
202310;N;946;N;20/01/2023 8:51:41 a. m.;202310 Precálculo ING-GEO;Precálculo;20/01/2023 8:58:20 a. m.;352;64;0,866666667;8;79;13;79;7,716666667;5;0,648531796;7,716666667;Ingeniería Sistemas Y Computac;División de Ingenierías;CALCULO I;MAT1101;2 Ecuaciones y desigualdades;5;1 Repaso de álgebra y geometría;2,4;946;0 Avance menor a 19 temas;No alcanzo meta;3
202310;N;947;N;13/01/2023 9:00:46 a. m.;202310 Precálculo ING-GEO;Precálculo;13/01/2023 9:04:21 a. m.;354;65;1,8;24;79;35;79;6,866666667;15;1,603238866;6,866666667;Ingeniería Electrónica;División de Ingenierías;CALCULO I;MAT1101;3 Temas Parcial 1 Cálculo I;11;2 Ecuaciones y desigualdades;5;947;0 Avance menor a 19 temas;Cumplimiento meta;4,6
202310;N;948;N;13/01/2023 9:00:46 a. m.;202310 Precálculo ING-GEO;Precálculo;13/01/2023 9:04:09 a. m.;376;78;1,383333333;36;79;61;79;13,66666667;31;2,12130448;13,66666667;Ingeniería Electrónica;División de Ingenierías;CALCULO I;MAT1101;4 Temas Parcial 2 Cálculo I;25;3 Temas Parcial 1 Cálculo I;4,3;948;1 Avance entre [ 19 - 40 temas];Cumplimiento meta;4,6
202310;N;949;N;13/01/2023 8:48:23 a. m.;202310 Precálculo ING-GEO;Precálculo;13/01/2023 8:56:07 a. m.;419;81;0,65;4;79;35;79;13,63333333;35;2,201655319;13,63333333;Ingeniería Industrial;División de Ingenierías;CALCULO I;MAT1101;3 Temas Parcial 1 Cálculo I;31;1 Repaso de álgebra y geometría;5;949;1 Avance entre [ 19 - 40 temas];Cumplimiento meta;4,5
202310;N;950;N;13/01/2023 8:40:23 a. m.;202310 Precálculo ING-GEO;Precálculo;13/01/2023 8:48:20 a. m.;411;100;1,516666667;13;79;76;79;35,31666667;77;1,811961779;35,31666667;Ingeniería Mecánica;División de Ingenierías;CALCULO I;MAT1101;4 Temas Parcial 2 Cálculo I;63;2 Ecuaciones y desigualdades;4,6;950;3 Avance superior a 60 temas;Cumplimiento meta;4,6
202310;N;951;N;13/01/2023 8:57:32 a. m.;202310 Precálculo ING-GEO;Precálculo;13/01/2023 9:00:15 a. m.;333;61;0,566666667;4;79;24;79;12,26666667;25;1,874745279;12,26666667;Ingeniería Sistemas Y Computac;División de Ingenierías;CALCULO I;MAT1101;2 Ecuaciones y desigualdades;20;1 Repaso de álgebra y geometría;3,2;951;1 Avance entre [ 19 - 40 temas];No alcanzo meta;3
202310;N;952;N;13/01/2023 8:54:49 a. m.;202310 Precálculo ING-GEO;Precálculo;13/01/2023 9:05:26 a. m.;353;65;1,716666667;16;79;69;79;21,8;59;2,706077207;21,8;Ingeniería Industrial;División de Ingenierías;CALCULO I;MAT1101;4 Temas Parcial 2 Cálculo I;53;2 Ecuaciones y desigualdades;4,6;952;2 Avance entre [ 40 - 60 temas];Cumplimiento meta;3,9
202310;N;953;N;13/01/2023 8:43:21 a. m.;202310 Precálculo ING-GEO;Precálculo;13/01/2023 8:49:32 a. m.;415;75;1,05;7;79;36;79;19,68333333;26;1,320392732;19,68333333;Ingeniería Sistemas Y Computac;División de Ingenierías;CALCULO I;MAT1101;3 Temas Parcial 1 Cálculo I;29;1 Repaso de álgebra y geometría;4,7;953;1 Avance entre [ 19 - 40 temas];Cumplimiento meta;3,9
202310;N;954;N;21/12/2022 10:08:04 a. m.;202310 Precálculo ING-GEO;Precálculo;21/12/2022 10:11:20 a. m.;355;71;1,25;17;79;53;79;18,5;28;1,296868902;29,45;Ingeniería Sistemas Y Computac;División de Ingenierías;CALCULO I;MAT1101;3 Temas Parcial 1 Cálculo I;36;2 Ecuaciones y desigualdades;4,4;954;1 Avance entre [ 19 - 40 temas];Cumplimiento meta;4,3
202310;N;955;N;13/01/2023 8:42:33 a. m.;202310 Precálculo ING-GEO;Precálculo;13/01/2023 8:46:15 a. m.;368;71;0,55;9;79;31;79;6,833333333;23;3,223443223;6,833333333;Ingeniería Sistemas Y Computac;División de Ingenierías;CALCULO I;MAT1101;3 Temas Parcial 1 Cálculo I;22;1 Repaso de álgebra y geometría;4,6;955;1 Avance entre [ 19 - 40 temas];Cumplimiento meta;4,4
202310;N;956;N;13/01/2023 8:54:59 a. m.;202310 Precálculo ING-GEO;Precálculo;13/01/2023 8:59:21 a. m.;381;77;0,783333333;6;79;23;79;8;19;2,12463114;8;Ingeniería Industrial;División de Ingenierías;CALCULO I;MAT1101;2 Ecuaciones y desigualdades;17;1 Repaso de álgebra y geometría;4;956;0 Avance menor a 19 temas;No alcanzo meta;3,5
202310;N;957;N;13/01/2023 8:43:21 a. m.;202310 Precálculo ING-GEO;Precálculo;13/01/2023 8:48:01 a. m.;365;71;0,683333333;6;79;34;79;18,76666667;34;1,705075263;18,76666667;Ingeniería Mecánica;División de Ingenierías;CALCULO I;MAT1101;3 Temas Parcial 1 Cálculo I;28;1 Repaso de álgebra y geometría;4,2;957;1 Avance entre [ 19 - 40 temas];Cumplimiento meta;3,4
202310;N;958;N;13/01/2023 8:47:13 a. m.;202310 Precálculo ING-GEO;Precálculo;13/01/2023 8:54:47 a. m.;370;73;2,35;26;79;52;79;15,83333333;24;1,389571198;15,83333333;Ingeniería Industrial;División de Ingenierías;CALCULO I;MAT1101;3 Temas Parcial 1 Cálculo I;26;2 Ecuaciones y desigualdades;4,5;958;1 Avance entre [ 19 - 40 temas];Cumplimiento meta;4,6
202310;N;959;N;13/01/2023 9:08:45 a. m.;202310 Precálculo ING-GEO;Precálculo;13/01/2023 9:14:22 a. m.;349;67;0,783333333;5;79;33;79;9,966666667;27;2,708426215;9,966666667;Ingeniería Electrónica;División de Ingenierías;CALCULO I;MAT1101;3 Temas Parcial 1 Cálculo I;28;1 Repaso de álgebra y geometría;3,7;959;1 Avance entre [ 19 - 40 temas];Cumplimiento meta;3,5
202310;N;960;N;13/01/2023 9:07:00 a. m.;202310 Precálculo ING-GEO;Precálculo;13/01/2023 9:10:34 a. m.;302;59;0,716666667;4;79;25;79;14,46666667;24;1,450944265;14,46666667;Ingeniería Electrónica;División de Ingenierías;CALCULO I;MAT1101;2 Ecuaciones y desigualdades;21;1 Repaso de álgebra y geometría;1,9;960;1 Avance entre [ 19 - 40 temas];No alcanzo meta;3,2
202310;N;961;N;13/01/2023 8:56:28 a. m.;202310 Precálculo ING-GEO;Precálculo;13/01/2023 8:59:42 a. m.;403;69;0,766666667;8;79;29;79;12,25;21;1,713935931;12,25;Ingeniería Sistemas Y Computac;División de Ingenierías;CALCULO I;MAT1101;2 Ecuaciones y desigualdades;21;1 Repaso de álgebra y geometría;4,6;961;1 Avance entre [ 19 - 40 temas];No alcanzo meta;3,3
202310;N;962;N;13/01/2023 9:05:21 a. m.;202310 Precálculo ING-GEO;Precálculo;13/01/2023 9:09:44 a. m.;352;69;1,6;25;79;45;79;13,8;22;1,449362884;13,8;Ingeniería Electrónica;División de Ingenierías;CALCULO I;MAT1101;3 Temas Parcial 1 Cálculo I;20;2 Ecuaciones y desigualdades;3,7;962;1 Avance entre [ 19 - 40 temas];Cumplimiento meta;3,8
202310;N;963;N;13/01/2023 8:57:47 a. m.;202310 Precálculo ING-GEO;Precálculo;13/01/2023 9:07:15 a. m.;325;66;1,8;6;79;14;79;11,43333333;12;0,69947054;11,43333333;Geología;División de Ciencias Básicas;CALCULO I;MAT1101;2 Ecuaciones y desigualdades;8;1 Repaso de álgebra y geometría;1,8;963;0 Avance menor a 19 temas;No alcanzo meta;1,5
202310;N;964;N;21/12/2022 8:41:01 a. m.;202310 Precálculo ING-GEO;Precálculo;21/12/2022 8:49:56 a. m.;335;65;1,866666667;31;79;63;79;18,35;25;1,198420264;30,26666667;Ingeniería Electrónica;División de Ingenierías;CALCULO I;MAT1101;4 Temas Parcial 2 Cálculo I;32;3 Temas Parcial 1 Cálculo I;3,7;964;1 Avance entre [ 19 - 40 temas];Cumplimiento meta;4
202310;N;965;N;13/01/2023 8:58:09 a. m.;202310 Precálculo ING-GEO;Precálculo;13/01/2023 9:03:01 a. m.;294;65;1,6;3;79;6;79;7,15;8;0,419238384;7,15;Ingeniería Sistemas Y Computac;División de Ingenierías;CALCULO I;MAT1101;1 Repaso de Álgebra y Geometría;3;1 Repaso de álgebra y geometría;1,7;965;0 Avance menor a 19 temas;No alcanzo meta;1,5
202310;N;966;N;21/12/2022 9:08:21 a. m.;202310 Precálculo ING-GEO;Precálculo;21/12/2022 9:12:38 a. m.;331;68;0,45;8;79;8;79;;;;0,566666667;Ingeniería Civil;División de Ingenierías;CALCULO I;MAT1101;1 Repaso de Álgebra y Geometría;0;1 Repaso de álgebra y geometría;4;966;0 Avance menor a 19 temas;No alcanzo meta;3,1
202310;N;967;N;13/01/2023 2:32:02 p. m.;202310 Precálculo ING-GEO;Precálculo;13/01/2023 2:37:24 p. m.;237;52;0,583333333;9;79;9;79;0,716666667;0;0;0,716666667;Ingeniería Civil;División de Ingenierías;CALCULO I;MAT1101;1 Repaso de Álgebra y Geometría;0;1 Repaso de álgebra y geometría;1;967;0 Avance menor a 19 temas;No alcanzo meta;1,5
202310;N;968;N;13/01/2023 9:00:21 a. m.;202310 Precálculo ING-GEO;Precálculo;13/01/2023 9:04:19 a. m.;341;65;0,783333333;3;79;9;79;6,116666667;8;0,979725133;6,116666667;Ingeniería Eléctrica;División de Ingenierías;CALCULO I;MAT1101;1 Repaso de Álgebra y Geometría;6;1 Repaso de álgebra y geometría;2,6;968;0 Avance menor a 19 temas;No alcanzo meta;1,5
202310;N;969;N;20/01/2023 8:52:20 a. m.;202310 Precálculo ING-GEO;Precálculo;20/01/2023 8:58:22 a. m.;341;67;1,066666667;5;79;9;79;2,483333333;4;1,610738255;2,483333333;Ingeniería Sistemas Y Computac;División de Ingenierías;CALCULO I;MAT1101;1 Repaso de Álgebra y Geometría;4;1 Repaso de álgebra y geometría;2,7;969;0 Avance menor a 19 temas;No alcanzo meta;3,1
202310;N;970;N;13/01/2023 8:44:17 a. m.;202310 Precálculo ING-GEO;Precálculo;13/01/2023 8:48:31 a. m.;308;67;0,6;6;79;11;79;4,366666667;6;1,1453296;4,366666667;Ingeniería Mecánica;División de Ingenierías;CALCULO I;MAT1101;2 Ecuaciones y desigualdades;5;1 Repaso de álgebra y geometría;3,2;970;0 Avance menor a 19 temas;No alcanzo meta;3
202310;N;971;N;20/01/2023 1:50:53 p. m.;202310 Precálculo ING-GEO;Precálculo;20/01/2023 1:56:22 p. m.;408;73;0,2;5;79;11;79;2,05;6;2,930005426;2,05;Geología;División de Ciencias Básicas;CALCULO I;MAT1101;2 Ecuaciones y desigualdades;6;1 Repaso de álgebra y geometría;4,5;971;0 Avance menor a 19 temas;No alcanzo meta;4,3
202310;N;972;N;13/01/2023 8:38:46 a. m.;202310 Precálculo ING-GEO;Precálculo;13/01/2023 8:47:33 a. m.;339;70;0,366666667;3;79;11;79;11,63333333;10;0,687695504;11,63333333;Ingeniería Sistemas Y Computac;División de Ingenierías;CALCULO I;MAT1101;2 Ecuaciones y desigualdades;8;1 Repaso de álgebra y geometría;2,1;972;0 Avance menor a 19 temas;No alcanzo meta;3,1
202310;N;973;N;13/01/2023 8:48:03 a. m.;202310 Precálculo ING-GEO;Precálculo;13/01/2023 8:52:00 a. m.;359;65;0,75;4;79;13;79;4,3;9;2,096951654;4,3;Ingeniería Civil;División de Ingenierías;CALCULO I;MAT1101;2 Ecuaciones y desigualdades;9;1 Repaso de álgebra y geometría;2;973;0 Avance menor a 19 temas;No alcanzo meta;2,4
202310;N;974;N;13/01/2023 8:50:30 a. m.;202310 Precálculo ING-GEO;Precálculo;13/01/2023 8:56:30 a. m.;358;73;0,9;6;79;13;79;5,633333333;9;1,243953006;5,633333333;Ingeniería Industrial;División de Ingenierías;CALCULO I;MAT1101;2 Ecuaciones y desigualdades;7;1 Repaso de álgebra y geometría;4,6;974;0 Avance menor a 19 temas;No alcanzo meta;3
202310;N;975;N;13/01/2023 8:48:57 a. m.;202310 Precálculo ING-GEO;Precálculo;13/01/2023 8:54:31 a. m.;330;67;1,133333333;4;79;14;79;6,733333333;12;1,485271062;6,733333333;Ingeniería Industrial;División de Ingenierías;CALCULO I;MAT1101;2 Ecuaciones y desigualdades;10;1 Repaso de álgebra y geometría;4,6;975;0 Avance menor a 19 temas;No alcanzo meta;3,8
202310;N;976;N;13/01/2023 8:57:37 a. m.;202310 Precálculo ING-GEO;Precálculo;13/01/2023 9:00:58 a. m.;330;67;0,75;5;79;14;79;8,65;10;1,040629517;8,65;Ingeniería Sistemas Y Computac;División de Ingenierías;CALCULO I;MAT1101;2 Ecuaciones y desigualdades;9;1 Repaso de álgebra y geometría;2,7;976;0 Avance menor a 19 temas;No alcanzo meta;3,4
202310;N;977;N;13/01/2023 8:56:48 a. m.;202310 Precálculo ING-GEO;Precálculo;13/01/2023 9:00:33 a. m.;345;71;0,766666667;6;79;15;79;6,816666667;10;1,320831635;6,816666667;Ingeniería Sistemas Y Computac;División de Ingenierías;CALCULO I;MAT1101;2 Ecuaciones y desigualdades;9;1 Repaso de álgebra y geometría;4,4;977;0 Avance menor a 19 temas;No alcanzo meta;3,6
202310;N;978;N;13/01/2023 9:07:36 a. m.;202310 Precálculo ING-GEO;Precálculo;13/01/2023 9:25:48 a. m.;368;80;0,733333333;5;79;15;79;6,066666667;10;1,649484536;6,066666667;Ingeniería Industrial;División de Ingenierías;CALCULO I;MAT1101;2 Ecuaciones y desigualdades;10;1 Repaso de álgebra y geometría;3,8;978;0 Avance menor a 19 temas;No alcanzo meta;3,3
202310;N;979;N;13/01/2023 9:03:17 a. m.;202310 Precálculo ING-GEO;Precálculo;13/01/2023 9:11:21 a. m.;352;64;1,216666667;6;79;15;79;6,133333333;9;1,46878825;6,133333333;Ingeniería Electrónica;División de Ingenierías;CALCULO I;MAT1101;2 Ecuaciones y desigualdades;9;1 Repaso de álgebra y geometría;3,5;979;0 Avance menor a 19 temas;No alcanzo meta;3,6
202310;N;980;N;13/01/2023 8:59:35 a. m.;202310 Precálculo ING-GEO;Precálculo;13/01/2023 9:04:48 a. m.;300;51;0,616666667;9;79;15;79;2,516666667;6;2,391232149;2,516666667;Ingeniería Industrial;División de Ingenierías;CALCULO I;MAT1101;2 Ecuaciones y desigualdades;6;1 Repaso de álgebra y geometría;4,4;980;0 Avance menor a 19 temas;No alcanzo meta;3,6
202310;N;981;N;14/01/2023 8:58:20 a. m.;202310 Precálculo ING-GEO;Precálculo;14/01/2023 9:04:44 a. m.;324;68;1,866666667;6;79;16;79;7,866666667;11;1,271321115;7,866666667;Ingeniería Eléctrica;División de Ingenierías;CALCULO I;MAT1101;2 Ecuaciones y desigualdades;10;1 Repaso de álgebra y geometría;2,9;981;0 Avance menor a 19 temas;No alcanzo meta;1,5
202310;N;982;N;13/01/2023 9:18:23 a. m.;202310 Precálculo ING-GEO;Precálculo;13/01/2023 9:20:53 a. m.;315;58;0,75;11;79;17;79;7,066666667;7;0,849357084;7,066666667;Ingeniería Civil;División de Ingenierías;CALCULO I;MAT1101;2 Ecuaciones y desigualdades;6;2 Ecuaciones y desigualdades;4;982;0 Avance menor a 19 temas;No alcanzo meta;3
202310;N;456;N;18/01/2023 4:28:47 p. m.;202310 Precálculo ING-GEO;Precálculo;18/01/2023 4:31:11 p. m.;0;0;0,883333333;16;79;17;79;1,666666667;2;0,599500416;1,666666667;Matemáticas;División de Ciencias Básicas;CALCULO I;MAT1101;2 Ecuaciones y desigualdades;1;2 Ecuaciones y desigualdades;2,7;456;0 Avance menor a 19 temas;No alcanzo meta;3,1
202310;N;983;N;13/01/2023 8:53:22 a. m.;202310 Precálculo ING-GEO;Precálculo;13/01/2023 8:56:47 a. m.;377;75;1,65;5;79;20;79;12,66666667;16;1,184106657;12,66666667;Ingeniería Eléctrica;División de Ingenierías;CALCULO I;MAT1101;2 Ecuaciones y desigualdades;15;1 Repaso de álgebra y geometría;4,2;983;0 Avance menor a 19 temas;No alcanzo meta;4,1
202310;N;984;N;13/01/2023 8:49:23 a. m.;202310 Precálculo ING-GEO;Precálculo;13/01/2023 8:59:29 a. m.;338;77;0,866666667;5;79;20;79;9,733333333;18;1,541623844;9,733333333;Ingeniería Industrial;División de Ingenierías;CALCULO I;MAT1101;2 Ecuaciones y desigualdades;15;1 Repaso de álgebra y geometría;3,6;984;0 Avance menor a 19 temas;No alcanzo meta;3,1
202310;N;985;N;13/01/2023 8:48:01 a. m.;202310 Precálculo ING-GEO;Precálculo;13/01/2023 8:51:09 a. m.;414;76;0,533333333;8;79;21;79;6,583333333;15;1,976101001;6,583333333;Geología;División de Ciencias Básicas;CALCULO I;MAT1101;2 Ecuaciones y desigualdades;13;1 Repaso de álgebra y geometría;5;985;0 Avance menor a 19 temas;No alcanzo meta;4,9
202310;N;470;N;17/01/2023 10:48:29 a. m.;202310 Precálculo ING-GEO;Precálculo;17/01/2023 10:50:49 a. m.;387;70;0,666666667;21;79;21;79;0,7;0;0;0,7;Ciencia de Datos;División de Ciencias Básicas;CALCULO I;MAT1101;2 Ecuaciones y desigualdades;0;2 Ecuaciones y desigualdades;4,8;470;0 Avance menor a 19 temas;No alcanzo meta;4,6
202310;N;986;N;13/01/2023 8:43:04 a. m.;202310 Precálculo ING-GEO;Precálculo;13/01/2023 8:46:48 a. m.;363;74;0,65;7;79;21;79;3,25;14;4,309902514;3,25;Ingeniería Sistemas Y Computac;División de Ingenierías;CALCULO I;MAT1101;2 Ecuaciones y desigualdades;14;1 Repaso de álgebra y geometría;3,2;986;0 Avance menor a 19 temas;No alcanzo meta;3,3
202310;N;987;N;13/01/2023 8:56:36 a. m.;202310 Precálculo ING-GEO;Precálculo;13/01/2023 9:00:22 a. m.;350;64;1,2;18;79;22;79;4,5;6;0,890262751;4,5;Ingeniería Sistemas Y Computac;División de Ingenierías;CALCULO I;MAT1101;2 Ecuaciones y desigualdades;4;2 Ecuaciones y desigualdades;1,9;987;0 Avance menor a 19 temas;No alcanzo meta;1,5
202310;N;988;N;13/01/2023 8:43:32 a. m.;202310 Precálculo ING-GEO;Precálculo;13/01/2023 8:47:26 a. m.;332;68;0,816666667;12;79;23;79;9,716666667;11;1,131848972;9,716666667;Ingeniería Sistemas Y Computac;División de Ingenierías;CALCULO I;MAT1101;2 Ecuaciones y desigualdades;11;2 Ecuaciones y desigualdades;3,1;988;0 Avance menor a 19 temas;No alcanzo meta;3,2
202310;N;989;N;13/01/2023 9:02:29 a. m.;202310 Precálculo ING-GEO;Precálculo;13/01/2023 9:07:32 a. m.;312;70;1,516666667;8;79;24;79;11,4;18;1,402654329;11,4;Ingeniería Eléctrica;División de Ingenierías;CALCULO I;MAT1101;2 Ecuaciones y desigualdades;16;1 Repaso de álgebra y geometría;4,1;989;0 Avance menor a 19 temas;No alcanzo meta;3,6
202310;N;469;N;18/01/2023 4:23:53 p. m.;202310 Precálculo ING-GEO;Precálculo;18/01/2023 4:26:28 p. m.;377;77;0,783333333;23;79;24;79;1,1;2;0,912085128;1,1;Matemáticas;División de Ciencias Básicas;CALCULO I;MAT1101;2 Ecuaciones y desigualdades;1;2 Ecuaciones y desigualdades;5;469;0 Avance menor a 19 temas;No alcanzo meta;4,6
202310;N;990;N;13/01/2023 8:57:26 a. m.;202310 Precálculo ING-GEO;Precálculo;13/01/2023 9:01:02 a. m.;299;70;2,166666667;20;79;24;79;5,9;4;0,677137214;5,9;Ingeniería Sistemas Y Computac;División de Ingenierías;CALCULO I;MAT1101;2 Ecuaciones y desigualdades;4;2 Ecuaciones y desigualdades;2,1;990;0 Avance menor a 19 temas;No alcanzo meta;2,7
202310;N;991;N;13/01/2023 8:56:41 a. m.;202310 Precálculo ING-GEO;Precálculo;13/01/2023 8:59:30 a. m.;325;67;2,25;22;79;27;79;6,083333333;5;0,821280285;6,083333333;Ingeniería Sistemas Y Computac;División de Ingenierías;CALCULO I;MAT1101;2 Ecuaciones y desigualdades;5;2 Ecuaciones y desigualdades;3,1;991;0 Avance menor a 19 temas;No alcanzo meta;3
202310;N;992;N;13/01/2023 8:56:36 a. m.;202310 Precálculo ING-GEO;Precálculo;13/01/2023 9:00:50 a. m.;407;71;2,95;16;79;30;79;10,85;14;1,290520817;10,85;Ingeniería Civil;División de Ingenierías;CALCULO I;MAT1101;2 Ecuaciones y desigualdades;14;2 Ecuaciones y desigualdades;4,8;992;0 Avance menor a 19 temas;No alcanzo meta;4,5
202310;N;993;N;13/01/2023 8:57:52 a. m.;202310 Precálculo ING-GEO;Precálculo;13/01/2023 9:02:02 a. m.;390;100;1,6;14;79;30;79;13,7;16;1,095290252;13,7;Ingeniería Sistemas Y Computac;División de Ingenierías;CALCULO I;MAT1101;2 Ecuaciones y desigualdades;16;2 Ecuaciones y desigualdades;4,2;993;0 Avance menor a 19 temas;No alcanzo meta;4
202310;N;994;N;13/01/2023 8:57:23 a. m.;202310 Precálculo ING-GEO;Precálculo;13/01/2023 9:01:23 a. m.;332;67;1,3;9;79;30;79;11,43333333;23;1,836243958;11,43333333;Ingeniería Sistemas Y Computac;División de Ingenierías;CALCULO I;MAT1101;2 Ecuaciones y desigualdades;21;1 Repaso de álgebra y geometría;3,8;994;1 Avance entre [ 19 - 40 temas];No alcanzo meta;3,5
202310;N;995;N;13/01/2023 8:40:03 a. m.;202310 Precálculo ING-GEO;Precálculo;13/01/2023 8:45:59 a. m.;383;76;0,616666667;13;79;31;79;6,733333333;19;2,671173585;6,733333333;Ingeniería Mecánica;División de Ingenierías;CALCULO I;MAT1101;3 Temas Parcial 1 Cálculo I;18;2 Ecuaciones y desigualdades;4;995;0 Avance menor a 19 temas;Cumplimiento meta;3,5
202310;N;996;N;13/01/2023 8:57:29 a. m.;202310 Precálculo ING-GEO;Precálculo;13/01/2023 9:02:06 a. m.;357;64;0,233333333;8;79;31;79;9,3;20;2,149061278;9,3;Ingeniería Civil;División de Ingenierías;CALCULO I;MAT1101;3 Temas Parcial 1 Cálculo I;23;1 Repaso de álgebra y geometría;4,2;996;1 Avance entre [ 19 - 40 temas];Cumplimiento meta;3
202310;N;997;N;13/01/2023 8:59:10 a. m.;202310 Precálculo ING-GEO;Precálculo;13/01/2023 9:04:59 a. m.;297;60;1,2;3;79;32;79;15,21666667;18;1,117746973;15,21666667;Geología;División de Ciencias Básicas;CALCULO I;MAT1101;3 Temas Parcial 1 Cálculo I;29;1 Repaso de álgebra y geometría;3;997;1 Avance entre [ 19 - 40 temas];Cumplimiento meta;3,3
202310;N;998;N;13/01/2023 8:54:52 a. m.;202310 Precálculo ING-GEO;Precálculo;13/01/2023 9:01:43 a. m.;404;80;0,633333333;7;79;32;79;7,85;23;2,92921074;7,85;Ingeniería Sistemas Y Computac;División de Ingenierías;CALCULO I;MAT1101;3 Temas Parcial 1 Cálculo I;25;1 Repaso de álgebra y geometría;4,9;998;1 Avance entre [ 19 - 40 temas];Cumplimiento meta;4,6
202310;N;999;N;17/01/2023 8:22:14 a. m.;202310 Precálculo ING-GEO;Precálculo;17/01/2023 8:27:05 a. m.;442;80;0,8;17;79;32;79;5,133333333;15;2,919550173;5,133333333;Ingeniería Sistemas Y Computac;División de Ingenierías;CALCULO I;MAT1101;3 Temas Parcial 1 Cálculo I;15;2 Ecuaciones y desigualdades;4,7;999;0 Avance menor a 19 temas;Cumplimiento meta;4,5
202310;N;1000;N;17/01/2023 8:22:13 a. m.;202310 Precálculo ING-GEO;Precálculo;17/01/2023 8:26:05 a. m.;352;66;0,733333333;7;79;33;79;8,166666667;22;2,570204664;8,166666667;Ingeniería Sistemas Y Computac;División de Ingenierías;CALCULO I;MAT1101;3 Temas Parcial 1 Cálculo I;26;1 Repaso de álgebra y geometría;3,1;1000;1 Avance entre [ 19 - 40 temas];Cumplimiento meta;3,3
202310;N;1001;N;13/01/2023 8:44:31 a. m.;202310 Precálculo ING-GEO;Precálculo;13/01/2023 8:50:11 a. m.;380;75;0,783333333;6;79;33;79;18,15;30;1,543313838;18,15;Ingeniería Mecánica;División de Ingenierías;CALCULO I;MAT1101;3 Temas Parcial 1 Cálculo I;27;1 Repaso de álgebra y geometría;2,8;1001;1 Avance entre [ 19 - 40 temas];Cumplimiento meta;3
202310;N;1002;N;13/01/2023 8:44:06 a. m.;202310 Precálculo ING-GEO;Precálculo;13/01/2023 8:47:49 a. m.;355;67;0,433333333;4;79;35;79;10,51666667;31;2,757746256;10,51666667;Ingeniería Mecánica;División de Ingenierías;CALCULO I;MAT1101;3 Temas Parcial 1 Cálculo I;31;1 Repaso de álgebra y geometría;3,2;1002;1 Avance entre [ 19 - 40 temas];Cumplimiento meta;3,3
202310;N;1003;N;13/01/2023 8:55:46 a. m.;202310 Precálculo ING-GEO;Precálculo;13/01/2023 9:01:45 a. m.;395;78;1,316666667;14;79;35;79;8,15;23;2,578708599;8,15;Ingeniería Civil;División de Ingenierías;CALCULO I;MAT1101;3 Temas Parcial 1 Cálculo I;21;2 Ecuaciones y desigualdades;5;1003;1 Avance entre [ 19 - 40 temas];Cumplimiento meta;4,7
202310;N;1004;N;13/01/2023 9:00:49 a. m.;202310 Precálculo ING-GEO;Precálculo;13/01/2023 9:04:06 a. m.;373;68;1,333333333;21;79;35;79;8,166666667;15;1,71405251;8,166666667;Ingeniería Electrónica;División de Ingenierías;CALCULO I;MAT1101;3 Temas Parcial 1 Cálculo I;14;2 Ecuaciones y desigualdades;4,2;1004;0 Avance menor a 19 temas;Cumplimiento meta;4
202310;N;1005;N;13/01/2023 8:55:10 a. m.;202310 Precálculo ING-GEO;Precálculo;13/01/2023 9:01:16 a. m.;362;71;2,083333333;32;79;36;79;6,333333333;5;0,631634354;6,333333333;Ingeniería Industrial;División de Ingenierías;CALCULO I;MAT1101;3 Temas Parcial 1 Cálculo I;4;3 Temas Parcial 1 Cálculo I;4,2;1005;0 Avance menor a 19 temas;Cumplimiento meta;3,6
202310;N;1006;N;13/01/2023 8:40:23 a. m.;202310 Precálculo ING-GEO;Precálculo;13/01/2023 8:44:23 a. m.;424;80;0,916666667;14;79;36;79;10,31666667;24;2,13362069;10,31666667;Ingeniería Mecánica;División de Ingenierías;CALCULO I;MAT1101;3 Temas Parcial 1 Cálculo I;22;2 Ecuaciones y desigualdades;4,1;1006;1 Avance entre [ 19 - 40 temas];Cumplimiento meta;4
202310;N;1007;N;13/01/2023 8:43:05 a. m.;202310 Precálculo ING-GEO;Precálculo;13/01/2023 8:47:22 a. m.;352;69;2,383333333;35;79;37;79;3,166666667;2;0,632244468;3,166666667;Ingeniería Sistemas Y Computac;División de Ingenierías;CALCULO I;MAT1101;3 Temas Parcial 1 Cálculo I;2;3 Temas Parcial 1 Cálculo I;4,7;1007;0 Avance menor a 19 temas;Cumplimiento meta;3,8
202310;N;1008;N;13/01/2023 9:02:09 a. m.;202310 Precálculo ING-GEO;Precálculo;13/01/2023 9:06:33 a. m.;317;65;1,016666667;14;79;38;79;19,48333333;31;1,231330521;19,48333333;Ingeniería Electrónica;División de Ingenierías;CALCULO I;MAT1101;3 Temas Parcial 1 Cálculo I;24;2 Ecuaciones y desigualdades;3;1008;1 Avance entre [ 19 - 40 temas];Cumplimiento meta;3
202310;N;1009;N;13/01/2023 8:56:34 a. m.;202310 Precálculo ING-GEO;Precálculo;13/01/2023 8:59:53 a. m.;332;64;1,316666667;13;79;39;79;16,6;33;1,566134025;16,6;Ingeniería Sistemas Y Computac;División de Ingenierías;CALCULO I;MAT1101;3 Temas Parcial 1 Cálculo I;26;2 Ecuaciones y desigualdades;4,5;1009;1 Avance entre [ 19 - 40 temas];Cumplimiento meta;4,5
202310;N;1010;N;13/01/2023 8:54:46 a. m.;202310 Precálculo ING-GEO;Precálculo;13/01/2023 9:03:09 a. m.;327;64;1,5;29;79;41;79;12,78333333;16;0,939314214;12,78333333;Ingeniería Electrónica;División de Ingenierías;CALCULO I;MAT1101;3 Temas Parcial 1 Cálculo I;12;2 Ecuaciones y desigualdades;3,6;1010;0 Avance menor a 19 temas;Cumplimiento meta;3,2
202310;N;1011;N;13/01/2023 8:43:28 a. m.;202310 Precálculo ING-GEO;Precálculo;13/01/2023 8:48:47 a. m.;353;70;0,4;3;79;41;79;12,93333333;40;2,939406962;12,93333333;Ingeniería Mecánica;División de Ingenierías;CALCULO I;MAT1101;3 Temas Parcial 1 Cálculo I;38;1 Repaso de álgebra y geometría;4;1011;1 Avance entre [ 19 - 40 temas];Cumplimiento meta;3,7
202310;N;1012;N;13/01/2023 8:48:02 a. m.;202310 Precálculo ING-GEO;Precálculo;13/01/2023 8:51:30 a. m.;355;73;0,666666667;8;79;42;79;11,43333333;31;2,45058712;11,43333333;Ingeniería Civil;División de Ingenierías;CALCULO I;MAT1101;3 Temas Parcial 1 Cálculo I;34;1 Repaso de álgebra y geometría;4,9;1012;1 Avance entre [ 19 - 40 temas];Cumplimiento meta;4,3
202310;N;1013;N;13/01/2023 8:56:55 a. m.;202310 Precálculo ING-GEO;Precálculo;13/01/2023 9:00:28 a. m.;401;74;1,933333333;35;79;42;79;8,016666667;9;0,872908656;8,016666667;Ingeniería Sistemas Y Computac;División de Ingenierías;CALCULO I;MAT1101;3 Temas Parcial 1 Cálculo I;7;3 Temas Parcial 1 Cálculo I;4,7;1013;0 Avance menor a 19 temas;Cumplimiento meta;3,9
202310;N;1014;N;16/01/2023 8:21:51 a. m.;202310 Precálculo ING-GEO;Precálculo;16/01/2023 8:26:40 a. m.;362;72;1,566666667;27;79;44;79;7,916666667;18;2,145185601;7,916666667;Ingeniería Electrónica;División de Ingenierías;CALCULO I;MAT1101;3 Temas Parcial 1 Cálculo I;17;2 Ecuaciones y desigualdades;4,6;1014;0 Avance menor a 19 temas;Cumplimiento meta;4,4
202310;N;1015;N;13/01/2023 8:41:20 a. m.;202310 Precálculo ING-GEO;Precálculo;13/01/2023 8:45:29 a. m.;407;77;0,75;8;79;45;79;13,85;29;2,094492928;13,85;Ingeniería Mecánica;División de Ingenierías;CALCULO I;MAT1101;3 Temas Parcial 1 Cálculo I;37;1 Repaso de álgebra y geometría;5;1015;1 Avance entre [ 19 - 40 temas];Cumplimiento meta;4,1
202310;N;1016;N;13/01/2023 8:48:02 a. m.;202310 Precálculo ING-GEO;Precálculo;13/01/2023 8:51:32 a. m.;315;57;0,966666667;8;79;45;79;15,95;38;2,258115101;15,95;Ingeniería Civil;División de Ingenierías;CALCULO I;MAT1101;3 Temas Parcial 1 Cálculo I;37;1 Repaso de álgebra y geometría;4,3;1016;1 Avance entre [ 19 - 40 temas];Cumplimiento meta;3,6
202310;N;1017;N;13/01/2023 8:41:42 a. m.;202310 Precálculo ING-GEO;Precálculo;13/01/2023 8:47:31 a. m.;375;79;1,666666667;30;79;45;79;8,35;17;1,796885399;8,35;Ingeniería Sistemas Y Computac;División de Ingenierías;CALCULO I;MAT1101;3 Temas Parcial 1 Cálculo I;15;2 Ecuaciones y desigualdades;4,6;1017;0 Avance menor a 19 temas;Cumplimiento meta;4,5
202310;N;1018;N;13/01/2023 8:48:02 a. m.;202310 Precálculo ING-GEO;Precálculo;13/01/2023 8:51:38 a. m.;372;77;1,016666667;24;79;47;79;16,08333333;27;1,554243084;16,08333333;Geología;División de Ciencias Básicas;CALCULO I;MAT1101;3 Temas Parcial 1 Cálculo I;23;2 Ecuaciones y desigualdades;5;1018;1 Avance entre [ 19 - 40 temas];Cumplimiento meta;4,5
202310;N;1019;N;13/01/2023 8:44:10 a. m.;202310 Precálculo ING-GEO;Precálculo;13/01/2023 8:48:12 a. m.;394;72;2,283333333;35;79;48;79;8,883333333;15;1,464697046;8,883333333;Ingeniería Mecánica;División de Ingenierías;CALCULO I;MAT1101;3 Temas Parcial 1 Cálculo I;13;3 Temas Parcial 1 Cálculo I;5;1019;0 Avance menor a 19 temas;Cumplimiento meta;4,6
202310;N;1020;N;13/01/2023 8:44:30 a. m.;202310 Precálculo ING-GEO;Precálculo;13/01/2023 8:47:26 a. m.;422;76;2,183333333;25;79;50;79;13,55;26;1,844715914;13,55;Ingeniería Sistemas Y Computac;División de Ingenierías;CALCULO I;MAT1101;3 Temas Parcial 1 Cálculo I;25;2 Ecuaciones y desigualdades;4,9;1020;1 Avance entre [ 19 - 40 temas];Cumplimiento meta;4,8
202310;N;1021;N;13/01/2023 8:56:55 a. m.;202310 Precálculo ING-GEO;Precálculo;13/01/2023 9:04:19 a. m.;368;71;0,816666667;7;79;54;79;16,45;50;2,856371126;16,45;Ingeniería Electrónica;División de Ingenierías;CALCULO I;MAT1101;3 Temas Parcial 1 Cálculo I;47;1 Repaso de álgebra y geometría;3,8;1021;2 Avance entre [ 40 - 60 temas];Cumplimiento meta;4,1
202310;N;1022;N;13/01/2023 8:55:14 a. m.;202310 Precálculo ING-GEO;Precálculo;13/01/2023 9:01:01 a. m.;362;73;1,4;20;79;65;79;11,28333333;41;3,542522571;11,28333333;Ingeniería Industrial;División de Ingenierías;CALCULO I;MAT1101;4 Temas Parcial 2 Cálculo I;45;2 Ecuaciones y desigualdades;5;1022;2 Avance entre [ 40 - 60 temas];Cumplimiento meta;4,4
202310;N;1023;N;13/01/2023 8:59:13 a. m.;202310 Precálculo ING-GEO;Precálculo;13/01/2023 9:04:03 a. m.;428;80;1,833333333;57;79;75;79;9,383333333;23;2,130303568;9,383333333;Ingeniería Industrial;División de Ingenierías;CALCULO I;MAT1101;4 Temas Parcial 2 Cálculo I;18;4 Temas Parcial 2 Cálculo I;5;1023;0 Avance menor a 19 temas;Cumplimiento meta;4,6
202310;N;1024;N;13/01/2023 8:42:15 a. m.;202310 Precálculo ING-GEO;Precálculo;13/01/2023 8:46:51 a. m.;425;100;1,833333333;62;79;79;79;7,166666667;17;2,374209567;7,166666667;Ingeniería Mecánica;División de Ingenierías;CALCULO I;MAT1101;4 Temas Parcial 2 Cálculo I;17;4 Temas Parcial 2 Cálculo I;4,9;1024;0 Avance menor a 19 temas;Cumplimiento meta;4,6
202310;N;1025;N;21/12/2022 9:55:06 a. m.;202310 Precálculo ING-GEO;Precálculo;21/12/2022 10:03:33 a. m.;301;50;1,333333333;49;79;79;79;8,766666667;9;1,026518392;29,61666667;Ingeniería Sistemas Y Computac;División de Ingenierías;CALCULO I;MAT1101;4 Temas Parcial 2 Cálculo I;30;3 Temas Parcial 1 Cálculo I;5;1025;1 Avance entre [ 19 - 40 temas];Cumplimiento meta;4,9
202310;N;1026;N;21/12/2022 9:53:52 a. m.;202310 Precálculo ING-GEO;Precálculo;21/12/2022 9:57:01 a. m.;356;64;1,233333333;32;79;79;79;8,716666667;35;4,019138756;13,65;Ingeniería Sistemas Y Computac;División de Ingenierías;CALCULO I;MAT1101;4 Temas Parcial 2 Cálculo I;47;3 Temas Parcial 1 Cálculo I;4,4;1026;2 Avance entre [ 40 - 60 temas];Cumplimiento meta;4,6
202310;N;1027;N;13/01/2023 9:06:01 a. m.;202310 Precálculo ING-GEO;Precálculo;13/01/2023 9:10:45 a. m.;418;80;2,25;32;79;79;79;26,9;48;1,746724891;26,9;Ingeniería Electrónica;División de Ingenierías;CALCULO I;MAT1101;4 Temas Parcial 2 Cálculo I;47;3 Temas Parcial 1 Cálculo I;4,6;1027;2 Avance entre [ 40 - 60 temas];Cumplimiento meta;4,8
202410;N;1028;N;15/01/2024 8:58:56 a. m.;202410 Pre-Cálculo ING-GEO;Precálculo;15/01/2024 9:03:42 a. m.;389;76;2,383333333;47;79;79;79;21,15;40;1,844165397;21,15;Ingeniería Electrónica;División de Ingenierías;CALCULO I;MAT1101;4 Temas Parcial 2 Cálculo I;32;3 Temas Parcial 1 Cálculo I;4,58;1028;1 Avance entre [ 19 - 40 temas];Cumplimiento meta;4,3
202410;N;1029;N;17/01/2024 6:35:49 p. m.;202410 Pre-Cálculo ING-GEO;Precálculo;17/01/2024 6:39:46 p. m.;338;67;1,583333333;10;79;12;79;3,316666667;2;0,602409639;3,316666667;Ingeniería Civil;División de Ingenierías;CALCULO I;MAT1101;2 Ecuaciones y desigualdades;2;1 Repaso de álgebra y geometría;3;1029;0 Avance menor a 19 temas;No alcanzo meta;1,5
202410;N;1030;N;15/01/2024 8:49:09 a. m.;202410 Pre-Cálculo ING-GEO;Precálculo;15/01/2024 8:52:48 a. m.;362;70;0,666666667;4;79;72;79;35,53333333;68;1,772733668;35,53333333;Ingeniería Eléctrica;División de Ingenierías;CALCULO I;MAT1101;4 Temas Parcial 2 Cálculo I;68;1 Repaso de álgebra y geometría;4,9;1030;3 Avance superior a 60 temas;Cumplimiento meta;3,8
202410;N;1031;N;15/01/2024 9:07:37 a. m.;202410 Pre-Cálculo ING-GEO;Precálculo;15/01/2024 9:11:42 a. m.;322;60;0,45;6;79;54;79;23,86666667;51;1,884970271;23,86666667;Matemáticas;División de Ciencias Básicas;CALCULO I;MAT1101;3 Temas Parcial 1 Cálculo I;48;1 Repaso de álgebra y geometría;3,9;1031;2 Avance entre [ 40 - 60 temas];Cumplimiento meta;3,9
202410;N;1032;N;15/01/2024 9:10:15 a. m.;202410 Pre-Cálculo ING-GEO;Precálculo;15/01/2024 9:15:48 a. m.;449;100;1,216666667;9;79;79;79;36,61666667;75;1,993325243;36,61666667;Ingeniería Sistemas Y Computac;División de Ingenierías;CALCULO I;MAT1101;4 Temas Parcial 2 Cálculo I;70;1 Repaso de álgebra y geometría;4,7;1032;3 Avance superior a 60 temas;Cumplimiento meta;4,3
202410;N;1033;N;15/01/2024 8:47:12 a. m.;202410 Pre-Cálculo ING-GEO;Precálculo;15/01/2024 8:51:31 a. m.;366;74;0,783333333;11;79;67;79;17,2;53;2,905991185;17,2;Ingeniería Civil;División de Ingenierías;CALCULO I;MAT1101;4 Temas Parcial 2 Cálculo I;56;2 Ecuaciones y desigualdades;4,2;1033;2 Avance entre [ 40 - 60 temas];Cumplimiento meta;3,9
202410;N;1034;N;15/01/2024 9:09:00 a. m.;202410 Pre-Cálculo ING-GEO;Precálculo;15/01/2024 9:15:35 a. m.;357;74;0,833333333;7;79;79;79;41,76666667;76;1,819693392;41,76666667;Ingeniería Sistemas Y Computac;División de Ingenierías;CALCULO I;MAT1101;4 Temas Parcial 2 Cálculo I;72;1 Repaso de álgebra y geometría;3,6;1034;3 Avance superior a 60 temas;Cumplimiento meta;3,9
202410;N;1035;N;11/01/2024 8:45:30 a. m.;202410 Pre-Cálculo ING-GEO;Precálculo;11/01/2024 9:06:05 a. m.;378;74;1;11;79;29;29;10,95;20;1,643668831;10,95;Ingeniería Sistemas Y Computac;División de Ingenierías;CALCULO I;MAT1101;2 Ecuaciones y desigualdades;18;2 Ecuaciones y desigualdades;2,3;1035;0 Avance menor a 19 temas;No alcanzo meta;3,7
202410;N;1036;N;15/01/2024 8:44:52 a. m.;202410 Pre-Cálculo ING-GEO;Precálculo;15/01/2024 8:50:15 a. m.;289;57;0,666666667;9;79;54;79;21,48333333;47;2,141083988;21,48333333;Geología;División de Ciencias Básicas;CALCULO I;MAT1101;3 Temas Parcial 1 Cálculo I;45;1 Repaso de álgebra y geometría;3,88;1036;2 Avance entre [ 40 - 60 temas];Cumplimiento meta;2,8
202410;N;1037;N;11/01/2024 8:43:49 a. m.;202410 Pre-Cálculo ING-GEO;Precálculo;11/01/2024 9:03:49 a. m.;425;79;0,633333333;6;79;79;79;23,98333333;76;2,960629192;23,98333333;Ingeniería Sistemas Y Computac;División de Ingenierías;CALCULO I;MAT1101;4 Temas Parcial 2 Cálculo I;73;1 Repaso de álgebra y geometría;5;1037;3 Avance superior a 60 temas;Cumplimiento meta;4,8
202410;N;485;N;17/01/2024 8:26:55 a. m.;202410 Pre-Cálculo ING-GEO;Precálculo;17/01/2024 8:31:34 a. m.;388;77;0,283333333;3;79;6;79;1,866666667;3;1,606903735;1,866666667;Ciencia de Datos;División de Ciencias Básicas;CALCULO I;MAT1101;1 Repaso de Álgebra y Geometría;3;1 Repaso de álgebra y geometría;3,8;485;0 Avance menor a 19 temas;No alcanzo meta;3,3
202410;N;1038;N;15/01/2024 8:54:53 a. m.;202410 Pre-Cálculo ING-GEO;Precálculo;15/01/2024 8:58:34 a. m.;416;77;0,883333333;24;79;79;79;46,45;61;1,248863582;46,45;Ingeniería Electrónica;División de Ingenierías;CALCULO I;MAT1101;4 Temas Parcial 2 Cálculo I;55;2 Ecuaciones y desigualdades;3,59;1038;2 Avance entre [ 40 - 60 temas];Cumplimiento meta;4,2
202410;N;1039;N;15/01/2024 9:10:16 a. m.;202410 Pre-Cálculo ING-GEO;Precálculo;15/01/2024 9:16:19 a. m.;370;70;0,533333333;8;79;79;79;26,15;76;2,828986492;26,15;Ingeniería Industrial;División de Ingenierías;CALCULO I;MAT1101;4 Temas Parcial 2 Cálculo I;71;1 Repaso de álgebra y geometría;4,2;1039;3 Avance superior a 60 temas;Cumplimiento meta;3,7
202410;N;1040;N;15/01/2024 8:55:33 a. m.;202410 Pre-Cálculo ING-GEO;Precálculo;15/01/2024 8:57:27 a. m.;381;81;0,6;8;79;60;79;17,85;66;3,081999875;17,85;Ingeniería Mecánica;División de Ingenierías;CALCULO I;MAT1101;4 Temas Parcial 2 Cálculo I;52;1 Repaso de álgebra y geometría;4,7;1040;2 Avance entre [ 40 - 60 temas];Cumplimiento meta;4,4
202410;N;1041;N;15/01/2024 8:54:54 a. m.;202410 Pre-Cálculo ING-GEO;Precálculo;15/01/2024 8:58:23 a. m.;420;81;2,733333333;59;79;79;79;13,03333333;22;1,533775004;13,03333333;Ingeniería Electrónica;División de Ingenierías;CALCULO I;MAT1101;4 Temas Parcial 2 Cálculo I;20;4 Temas Parcial 2 Cálculo I;5;1041;1 Avance entre [ 19 - 40 temas];Cumplimiento meta;4,8
202410;N;1042;N;15/01/2024 9:07:01 a. m.;202410 Pre-Cálculo ING-GEO;Precálculo;15/01/2024 9:10:20 a. m.;362;74;2,183333333;26;79;65;79;26,61666667;38;1,27775516;26,61666667;Ingeniería Civil;División de Ingenierías;CALCULO I;MAT1101;4 Temas Parcial 2 Cálculo I;39;2 Ecuaciones y desigualdades;4,5;1042;1 Avance entre [ 19 - 40 temas];Cumplimiento meta;3,8
202410;N;1043;N;11/01/2024 1:54:47 p. m.;202410 Pre-Cálculo ING-GEO;Precálculo;11/01/2024 1:59:52 p. m.;409;81;1,1;47;79;79;79;14,88333333;35;2,151139992;14,88333333;Ingeniería Industrial;División de Ingenierías;CALCULO I;MAT1101;4 Temas Parcial 2 Cálculo I;32;3 Temas Parcial 1 Cálculo I;5;1043;1 Avance entre [ 19 - 40 temas];Cumplimiento meta;5
202410;N;1044;N;11/01/2024 8:47:09 a. m.;202410 Pre-Cálculo ING-GEO;Precálculo;11/01/2024 9:05:59 a. m.;377;76;2,516666667;39;79;79;79;19,21666667;36;1,872805306;19,21666667;Ingeniería Sistemas Y Computac;División de Ingenierías;CALCULO I;MAT1101;4 Temas Parcial 2 Cálculo I;40;3 Temas Parcial 1 Cálculo I;4,8;1044;2 Avance entre [ 40 - 60 temas];Cumplimiento meta;4,6
202410;N;1045;N;11/01/2024 9:28:53 a. m.;202410 Pre-Cálculo ING-GEO;Precálculo;11/01/2024 9:31:23 a. m.;290;68;0,316666667;3;79;28;79;18,76666667;34;1,331892916;18,76666667;Ingeniería Mecánica;División de Ingenierías;CALCULO I;MAT1101;2 Ecuaciones y desigualdades;25;1 Repaso de álgebra y geometría;2,5;1045;1 Avance entre [ 19 - 40 temas];No alcanzo meta;1,5
202410;N;1046;N;15/01/2024 9:10:15 a. m.;202410 Pre-Cálculo ING-GEO;Precálculo;15/01/2024 9:14:58 a. m.;318;61;1,05;5;79;41;79;24,58333333;46;1,545884985;24,58333333;Ingeniería Sistemas Y Computac;División de Ingenierías;CALCULO I;MAT1101;3 Temas Parcial 1 Cálculo I;36;1 Repaso de álgebra y geometría;2,5;1046;1 Avance entre [ 19 - 40 temas];Cumplimiento meta;3
202410;N;1047;N;11/01/2024 8:42:03 a. m.;202410 Pre-Cálculo ING-GEO;Precálculo;11/01/2024 9:03:53 a. m.;373;73;1,35;13;79;79;79;34,06666667;82;2,28964685;34,06666667;Ingeniería Sistemas Y Computac;División de Ingenierías;CALCULO I;MAT1101;4 Temas Parcial 2 Cálculo I;66;2 Ecuaciones y desigualdades;4,5;1047;3 Avance superior a 60 temas;Cumplimiento meta;4,2
202410;N;1048;N;15/01/2024 9:05:38 a. m.;202410 Pre-Cálculo ING-GEO;Precálculo;15/01/2024 9:09:15 a. m.;361;72;0,516666667;9;79;79;79;28,81666667;68;2,325671089;28,81666667;Ingeniería Sistemas Y Computac;División de Ingenierías;CALCULO I;MAT1101;4 Temas Parcial 2 Cálculo I;70;1 Repaso de álgebra y geometría;4;1048;3 Avance superior a 60 temas;Cumplimiento meta;4,2
202410;N;1049;N;11/01/2024 8:46:13 a. m.;202410 Pre-Cálculo ING-GEO;Precálculo;11/01/2024 9:05:29 a. m.;365;73;0,866666667;4;79;64;79;37,11666667;57;1,428207854;37,11666667;Ingeniería Civil;División de Ingenierías;CALCULO I;MAT1101;4 Temas Parcial 2 Cálculo I;60;1 Repaso de álgebra y geometría;3,5;1049;3 Avance superior a 60 temas;Cumplimiento meta;3,2
202410;N;1050;N;16/01/2024 8:35:20 a. m.;202410 Pre-Cálculo ING-GEO;Precálculo;16/01/2024 8:39:46 a. m.;385;74;0,716666667;17;79;60;79;12,43333333;49;3,459836395;12,43333333;Ingeniería Sistemas Y Computac;División de Ingenierías;CALCULO I;MAT1101;4 Temas Parcial 2 Cálculo I;43;2 Ecuaciones y desigualdades;4;1050;2 Avance entre [ 40 - 60 temas];Cumplimiento meta;4,1
202410;N;1051;N;15/01/2024 9:11:11 a. m.;202410 Pre-Cálculo ING-GEO;Precálculo;15/01/2024 9:15:28 a. m.;428;100;1,983333333;12;79;79;79;30,01666667;68;2,232403165;30,01666667;Ingeniería Industrial;División de Ingenierías;CALCULO I;MAT1101;4 Temas Parcial 2 Cálculo I;67;2 Ecuaciones y desigualdades;5;1051;3 Avance superior a 60 temas;Cumplimiento meta;5
202410;N;1052;N;11/01/2024 9:06:51 a. m.;202410 Pre-Cálculo ING-GEO;Precálculo;11/01/2024 9:28:31 a. m.;320;66;0,5;4;79;79;79;41,3;91;2,154789767;41,3;Ingeniería Mecánica;División de Ingenierías;CALCULO I;MAT1101;4 Temas Parcial 2 Cálculo I;75;1 Repaso de álgebra y geometría;4,8;1052;3 Avance superior a 60 temas;Cumplimiento meta;3,7
202410;N;1053;N;15/01/2024 8:45:26 a. m.;202410 Pre-Cálculo ING-GEO;Precálculo;15/01/2024 8:52:31 a. m.;334;66;1,133333333;6;79;52;79;27,36666667;51;1,644736842;27,36666667;Ingeniería Civil;División de Ingenierías;CALCULO I;MAT1101;3 Temas Parcial 1 Cálculo I;46;1 Repaso de álgebra y geometría;3,1;1053;2 Avance entre [ 40 - 60 temas];Cumplimiento meta;3,2
202410;N;1054;N;18/01/2024 8:42:33 a. m.;202410 Pre-Cálculo ING-GEO;Precálculo;18/01/2024 8:45:37 a. m.;395;81;0,533333333;24;79;29;79;4,533333333;5;1,101186835;4,533333333;Ingeniería Mecánica;División de Ingenierías;CALCULO I;MAT1101;2 Ecuaciones y desigualdades;5;2 Ecuaciones y desigualdades;5;1054;0 Avance menor a 19 temas;No alcanzo meta;5
202410;N;1055;N;15/01/2024 9:13:27 a. m.;202410 Pre-Cálculo ING-GEO;Precálculo;15/01/2024 9:25:37 a. m.;403;74;0,666666667;3;79;40;79;28,91666667;39;1,279403713;28,91666667;Ingeniería Sistemas Y Computac;División de Ingenierías;CALCULO I;MAT1101;3 Temas Parcial 1 Cálculo I;37;1 Repaso de álgebra y geometría;3,5;1055;1 Avance entre [ 19 - 40 temas];Cumplimiento meta;3
202410;N;1056;N;17/01/2024 8:58:36 a. m.;202410 Pre-Cálculo ING-GEO;Precálculo;17/01/2024 9:02:50 a. m.;396;73;1,166666667;16;79;29;79;8,6;14;1,510944663;8,6;Ingeniería Industrial;División de Ingenierías;CALCULO I;MAT1101;2 Ecuaciones y desigualdades;13;2 Ecuaciones y desigualdades;3;1056;0 Avance menor a 19 temas;No alcanzo meta;3,5
202410;N;1057;N;11/01/2024 1:54:19 p. m.;202410 Pre-Cálculo ING-GEO;Precálculo;11/01/2024 1:59:17 p. m.;308;63;0,566666667;4;79;31;79;21,88333333;42;1,599776539;21,88333333;Ingeniería Industrial;División de Ingenierías;CALCULO I;MAT1101;3 Temas Parcial 1 Cálculo I;27;1 Repaso de álgebra y geometría;3,1;1057;1 Avance entre [ 19 - 40 temas];Cumplimiento meta;3,5
202410;N;1058;N;11/01/2024 8:42:10 a. m.;202410 Pre-Cálculo ING-GEO;Precálculo;11/01/2024 8:48:55 a. m.;380;78;0,966666667;9;79;45;79;15,98333333;38;2,189438565;15,98333333;Ingeniería Sistemas Y Computac;División de Ingenierías;CALCULO I;MAT1101;3 Temas Parcial 1 Cálculo I;36;1 Repaso de álgebra y geometría;4,1;1058;1 Avance entre [ 19 - 40 temas];Cumplimiento meta;4,1
202410;N;1059;N;11/01/2024 8:47:13 a. m.;202410 Pre-Cálculo ING-GEO;Precálculo;11/01/2024 9:06:48 a. m.;399;66;0,65;15;79;61;79;21,91666667;60;2,463472432;21,91666667;Ingeniería Sistemas Y Computac;División de Ingenierías;CALCULO I;MAT1101;4 Temas Parcial 2 Cálculo I;46;2 Ecuaciones y desigualdades;4,9;1059;2 Avance entre [ 40 - 60 temas];Cumplimiento meta;4,1
202410;N;1060;N;15/01/2024 9:06:52 a. m.;202410 Pre-Cálculo ING-GEO;Precálculo;15/01/2024 9:11:32 a. m.;363;70;0,566666667;4;79;51;79;41,56666667;53;1,178852824;41,56666667;Ingeniería Sistemas Y Computac;División de Ingenierías;CALCULO I;MAT1101;3 Temas Parcial 1 Cálculo I;47;1 Repaso de álgebra y geometría;3,3;1060;2 Avance entre [ 40 - 60 temas];Cumplimiento meta;3,6
202410;N;1061;N;11/01/2024 9:06:43 a. m.;202410 Pre-Cálculo ING-GEO;Precálculo;11/01/2024 9:28:41 a. m.;352;70;2,85;35;79;79;79;25,81666667;46;1,781277227;25,81666667;Ingeniería Electrónica;División de Ingenierías;CALCULO I;MAT1101;4 Temas Parcial 2 Cálculo I;44;3 Temas Parcial 1 Cálculo I;3,98;1061;2 Avance entre [ 40 - 60 temas];Cumplimiento meta;4,3
202410;N;1062;N;11/01/2024 8:49:08 a. m.;202410 Pre-Cálculo ING-GEO;Precálculo;11/01/2024 9:07:28 a. m.;408;78;0,733333333;11;79;42;79;17,48333333;36;1,773962804;17,48333333;Ingeniería Sistemas Y Computac;División de Ingenierías;CALCULO I;MAT1101;3 Temas Parcial 1 Cálculo I;31;2 Ecuaciones y desigualdades;4,3;1062;1 Avance entre [ 19 - 40 temas];Cumplimiento meta;4,3
202410;N;1063;N;11/01/2024 9:07:05 a. m.;202410 Pre-Cálculo ING-GEO;Precálculo;11/01/2024 9:28:34 a. m.;380;73;0,733333333;3;79;43;79;32,01666667;42;1,124638788;32,01666667;Ingeniería Mecánica;División de Ingenierías;CALCULO I;MAT1101;3 Temas Parcial 1 Cálculo I;40;1 Repaso de álgebra y geometría;3,1;1063;2 Avance entre [ 40 - 60 temas];Cumplimiento meta;3,3
202410;N;1064;N;15/01/2024 9:12:30 a. m.;202410 Pre-Cálculo ING-GEO;Precálculo;15/01/2024 9:19:59 a. m.;415;100;0,566666667;5;79;79;79;32,16666667;85;2,518656716;32,16666667;Ingeniería Sistemas Y Computac;División de Ingenierías;CALCULO I;MAT1101;4 Temas Parcial 2 Cálculo I;74;1 Repaso de álgebra y geometría;4,8;1064;3 Avance superior a 60 temas;Cumplimiento meta;4,6
202410;N;1065;N;15/01/2024 9:09:23 a. m.;202410 Pre-Cálculo ING-GEO;Precálculo;15/01/2024 9:24:16 a. m.;350;72;1,233333333;10;79;37;79;20,38333333;34;1,324088327;20,38333333;Ingeniería Sistemas Y Computac;División de Ingenierías;CALCULO I;MAT1101;3 Temas Parcial 1 Cálculo I;27;1 Repaso de álgebra y geometría;3,5;1065;1 Avance entre [ 19 - 40 temas];Cumplimiento meta;3,8
202410;N;1066;N;15/01/2024 9:06:18 a. m.;202410 Pre-Cálculo ING-GEO;Precálculo;15/01/2024 9:09:27 a. m.;404;80;1,933333333;26;79;79;79;31,75;60;1,764011025;31,75;Ingeniería Sistemas Y Computac;División de Ingenierías;CALCULO I;MAT1101;4 Temas Parcial 2 Cálculo I;53;2 Ecuaciones y desigualdades;4,6;1066;2 Avance entre [ 40 - 60 temas];Cumplimiento meta;4,2
202410;N;1067;N;11/01/2024 8:46:32 a. m.;202410 Pre-Cálculo ING-GEO;Precálculo;11/01/2024 8:49:30 a. m.;328;66;0,933333333;8;79;79;79;25,83333333;74;2,593715724;25,83333333;Ingeniería Sistemas Y Computac;División de Ingenierías;CALCULO I;MAT1101;4 Temas Parcial 2 Cálculo I;71;1 Repaso de álgebra y geometría;4,4;1067;3 Avance superior a 60 temas;Cumplimiento meta;4,1
202410;N;1068;N;15/01/2024 9:04:44 a. m.;202410 Pre-Cálculo ING-GEO;Precálculo;15/01/2024 9:08:48 a. m.;423;81;2,3;63;79;79;79;11,56666667;20;1,383783784;11,56666667;Ingeniería Sistemas Y Computac;División de Ingenierías;CALCULO I;MAT1101;4 Temas Parcial 2 Cálculo I;16;4 Temas Parcial 2 Cálculo I;5;1068;0 Avance menor a 19 temas;Cumplimiento meta;4,1
202410;N;1069;N;15/01/2024 8:50:39 a. m.;202410 Pre-Cálculo ING-GEO;Precálculo;15/01/2024 8:57:31 a. m.;413;74;0,533333333;7;79;79;79;30,91666667;84;2,458221024;30,91666667;Ingeniería Mecánica;División de Ingenierías;CALCULO I;MAT1101;4 Temas Parcial 2 Cálculo I;72;1 Repaso de álgebra y geometría;4,7;1069;3 Avance superior a 60 temas;Cumplimiento meta;4,9
202410;N;1070;N;15/01/2024 8:59:15 a. m.;202410 Pre-Cálculo ING-GEO;Precálculo;15/01/2024 9:03:54 a. m.;442;74;2,8;39;79;79;79;18,21666667;42;2,30498346;18,21666667;Ingeniería Mecánica;División de Ingenierías;CALCULO I;MAT1101;4 Temas Parcial 2 Cálculo I;40;3 Temas Parcial 1 Cálculo I;5;1070;2 Avance entre [ 40 - 60 temas];Cumplimiento meta;4,2
202410;N;1071;N;15/01/2024 9:10:16 a. m.;202410 Pre-Cálculo ING-GEO;Precálculo;15/01/2024 9:15:30 a. m.;373;76;0,916666667;4;79;34;79;17,05;31;1,759387473;17,05;Ingeniería Sistemas Y Computac;División de Ingenierías;CALCULO I;MAT1101;3 Temas Parcial 1 Cálculo I;30;1 Repaso de álgebra y geometría;4,52;1071;1 Avance entre [ 19 - 40 temas];Cumplimiento meta;4,2
202410;N;1072;N;15/01/2024 8:43:30 a. m.;202410 Pre-Cálculo ING-GEO;Precálculo;15/01/2024 8:48:08 a. m.;340;74;0,383333333;6;79;67;79;32,73333333;69;1,985591732;32,73333333;Ingeniería Civil;División de Ingenierías;CALCULO I;MAT1101;4 Temas Parcial 2 Cálculo I;61;1 Repaso de álgebra y geometría;3,8;1072;3 Avance superior a 60 temas;Cumplimiento meta;1,5
202410;N;1073;N;15/01/2024 8:46:08 a. m.;202410 Pre-Cálculo ING-GEO;Precálculo;15/01/2024 8:50:27 a. m.;307;57;0,683333333;4;79;41;79;20,55;36;1,6057743;20,55;Ingeniería Civil;División de Ingenierías;CALCULO I;MAT1101;3 Temas Parcial 1 Cálculo I;37;1 Repaso de álgebra y geometría;2,8;1073;1 Avance entre [ 19 - 40 temas];Cumplimiento meta;2,1
202410;N;1074;N;15/01/2024 9:09:06 a. m.;202410 Pre-Cálculo ING-GEO;Precálculo;15/01/2024 9:14:03 a. m.;325;61;0,916666667;8;79;54;79;28,65;59;1,884871579;28,65;Ingeniería Sistemas Y Computac;División de Ingenierías;CALCULO I;MAT1101;3 Temas Parcial 1 Cálculo I;46;1 Repaso de álgebra y geometría;3,5;1074;2 Avance entre [ 40 - 60 temas];Cumplimiento meta;3
202410;N;1075;N;15/01/2024 8:56:23 a. m.;202410 Pre-Cálculo ING-GEO;Precálculo;15/01/2024 9:01:13 a. m.;375;73;0,683333333;8;79;50;79;36,01666667;48;1,221439973;36,01666667;Ingeniería Sistemas Y Computac;División de Ingenierías;CALCULO I;MAT1101;3 Temas Parcial 1 Cálculo I;42;1 Repaso de álgebra y geometría;4,7;1075;2 Avance entre [ 40 - 60 temas];Cumplimiento meta;4,5
202410;N;1076;N;11/01/2024 9:07:14 a. m.;202410 Pre-Cálculo ING-GEO;Precálculo;11/01/2024 9:24:53 a. m.;385;76;1,616666667;22;79;79;79;37,95;63;1,607060528;37,95;Ingeniería Mecánica;División de Ingenierías;CALCULO I;MAT1101;4 Temas Parcial 2 Cálculo I;57;2 Ecuaciones y desigualdades;3,8;1076;2 Avance entre [ 40 - 60 temas];Cumplimiento meta;4
202410;N;1077;N;15/01/2024 2:05:47 p. m.;202410 Pre-Cálculo ING-GEO;Precálculo;15/01/2024 2:08:25 p. m.;341;65;0,283333333;3;79;25;79;9,766666667;27;2,66037575;9,766666667;Ingeniería Sistemas Y Computac;División de Ingenierías;CALCULO I;MAT1101;2 Ecuaciones y desigualdades;22;1 Repaso de álgebra y geometría;2,4;1077;1 Avance entre [ 19 - 40 temas];No alcanzo meta;1,5
202410;N;1078;N;15/01/2024 8:49:10 a. m.;202410 Pre-Cálculo ING-GEO;Precálculo;15/01/2024 8:52:14 a. m.;365;74;1,666666667;48;79;79;79;12,13333333;33;2,718908775;12,13333333;Ingeniería Eléctrica;División de Ingenierías;CALCULO I;MAT1101;4 Temas Parcial 2 Cálculo I;31;3 Temas Parcial 1 Cálculo I;5;1078;1 Avance entre [ 19 - 40 temas];Cumplimiento meta;4,7
202410;N;1079;N;11/01/2024 8:47:29 a. m.;202410 Pre-Cálculo ING-GEO;Precálculo;11/01/2024 9:04:18 a. m.;374;74;0,766666667;20;79;79;79;21,9;60;2,649107449;21,9;Ingeniería Sistemas Y Computac;División de Ingenierías;CALCULO I;MAT1101;4 Temas Parcial 2 Cálculo I;59;2 Ecuaciones y desigualdades;4;1079;2 Avance entre [ 40 - 60 temas];Cumplimiento meta;4,4
202410;N;1080;N;24/01/2024 4:32:27 p. m.;202410 Pre-Cálculo ING-GEO;Precálculo;26/01/2024 8:31:36 p. m.;381;76;0,9;7;79;18;79;5,6;12;1,966822291;5,6;Ingeniería Sistemas Y Computac;División de Ingenierías;CALCULO I;MAT1101;2 Ecuaciones y desigualdades;11;1 Repaso de álgebra y geometría;3,14;1080;0 Avance menor a 19 temas;No alcanzo meta;3,8
202410;N;1081;N;16/01/2024 8:29:19 a. m.;202410 Pre-Cálculo ING-GEO;Precálculo;16/01/2024 8:33:15 a. m.;377;72;1,3;22;79;78;79;18,03333333;59;3,104595294;18,03333333;Administración de Empresas;Escuela de Negocios;CALCULO I;MAT1101;4 Temas Parcial 2 Cálculo I;56;2 Ecuaciones y desigualdades;;1081;2 Avance entre [ 40 - 60 temas];Cumplimiento meta;1,5
202410;N;1082;N;15/01/2024 9:05:23 a. m.;202410 Pre-Cálculo ING-GEO;Precálculo;15/01/2024 9:12:17 a. m.;391;74;1,883333333;37;79;46;79;9,033333333;10;0,996309963;9,033333333;Ingeniería Sistemas Y Computac;División de Ingenierías;CALCULO I;MAT1101;3 Temas Parcial 1 Cálculo I;9;3 Temas Parcial 1 Cálculo I;3,7;1082;0 Avance menor a 19 temas;Cumplimiento meta;3,9
202410;N;1083;N;16/01/2024 8:47:10 a. m.;202410 Pre-Cálculo ING-GEO;Precálculo;16/01/2024 8:52:46 a. m.;351;58;1,25;19;79;37;79;7,55;19;2,384193679;7,55;Ingeniería Sistemas Y Computac;División de Ingenierías;CALCULO I;MAT1101;3 Temas Parcial 1 Cálculo I;18;2 Ecuaciones y desigualdades;4,3;1083;0 Avance menor a 19 temas;Cumplimiento meta;4,2
202410;N;1084;N;15/01/2024 8:45:56 a. m.;202410 Pre-Cálculo ING-GEO;Precálculo;15/01/2024 8:51:46 a. m.;394;80;0,933333333;13;79;38;79;19,33333333;28;1,29301056;19,33333333;Ingeniería Civil;División de Ingenierías;CALCULO I;MAT1101;3 Temas Parcial 1 Cálculo I;25;2 Ecuaciones y desigualdades;3,3;1084;1 Avance entre [ 19 - 40 temas];Cumplimiento meta;3,6
202410;N;1085;N;15/01/2024 9:04:20 a. m.;202410 Pre-Cálculo ING-GEO;Precálculo;15/01/2024 9:07:32 a. m.;328;65;2,983333333;31;79;53;79;25,75;20;0,776791205;25,75;Geología;División de Ciencias Básicas;CALCULO I;MAT1101;3 Temas Parcial 1 Cálculo I;22;3 Temas Parcial 1 Cálculo I;3,14;1085;1 Avance entre [ 19 - 40 temas];Cumplimiento meta;2,6
202410;N;1086;N;11/01/2024 1:54:15 p. m.;202410 Pre-Cálculo ING-GEO;Precálculo;11/01/2024 1:59:25 p. m.;415;75;1,733333333;45;79;79;79;8,65;35;3,93189849;8,65;Ingeniería Industrial;División de Ingenierías;CALCULO I;MAT1101;4 Temas Parcial 2 Cálculo I;34;3 Temas Parcial 1 Cálculo I;4,5;1086;1 Avance entre [ 19 - 40 temas];Cumplimiento meta;3,9
202410;N;1087;N;18/01/2024 9:06:41 a. m.;202410 Pre-Cálculo ING-GEO;Precálculo;18/01/2024 9:11:12 a. m.;400;81;0,866666667;12;79;25;79;8,916666667;15;1,456809339;8,916666667;Ingeniería Eléctrica;División de Ingenierías;CALCULO I;MAT1101;2 Ecuaciones y desigualdades;13;2 Ecuaciones y desigualdades;2,5;1087;0 Avance menor a 19 temas;No alcanzo meta;4,2
202410;N;1088;N;17/01/2024 4:55:38 p. m.;202410 Pre-Cálculo ING-GEO;Precálculo;17/01/2024 5:11:04 p. m.;416;80;2,716666667;40;79;45;79;4,533333333;5;1,102806029;4,533333333;Ingeniería Industrial;División de Ingenierías;CALCULO I;MAT1101;3 Temas Parcial 1 Cálculo I;5;3 Temas Parcial 1 Cálculo I;4,4;1088;0 Avance menor a 19 temas;Cumplimiento meta;4,7
202410;N;1089;N;15/01/2024 9:03:55 a. m.;202410 Pre-Cálculo ING-GEO;Precálculo;15/01/2024 9:13:08 a. m.;348;67;0,4;10;79;44;79;26,55;36;1,280240987;26,55;Ingeniería Industrial;División de Ingenierías;CALCULO I;MAT1101;3 Temas Parcial 1 Cálculo I;34;1 Repaso de álgebra y geometría;3,7;1089;1 Avance entre [ 19 - 40 temas];Cumplimiento meta;3,5
202410;N;1090;N;15/01/2024 5:31:05 p. m.;202410 Pre-Cálculo ING-GEO;Precálculo;15/01/2024 5:37:47 p. m.;356;72;0,616666667;4;79;29;79;19,26666667;31;1,556756757;19,26666667;Ingeniería Civil;División de Ingenierías;CALCULO I;MAT1101;2 Ecuaciones y desigualdades;25;1 Repaso de álgebra y geometría;2,9;1090;1 Avance entre [ 19 - 40 temas];No alcanzo meta;2,4
202410;N;1091;N;15/01/2024 3:35:33 p. m.;202410 Pre-Cálculo ING-GEO;Precálculo;15/01/2024 3:40:35 p. m.;423;81;1,816666667;52;79;79;79;21,55;29;1,298885381;21,55;Ingeniería Sistemas Y Computac;División de Ingenierías;CALCULO I;MAT1101;4 Temas Parcial 2 Cálculo I;27;3 Temas Parcial 1 Cálculo I;4,9;1091;1 Avance entre [ 19 - 40 temas];Cumplimiento meta;4,8
202410;N;1092;N;19/01/2024 1:37:28 p. m.;202410 Pre-Cálculo ING-GEO;Precálculo;19/01/2024 1:43:04 p. m.;360;70;2,666666667;58;79;58;79;2,966666667;0;0;2,966666667;Ingeniería Sistemas Y Computac;División de Ingenierías;CALCULO I;MAT1101;4 Temas Parcial 2 Cálculo I;0;4 Temas Parcial 2 Cálculo I;5;1092;0 Avance menor a 19 temas;Cumplimiento meta;4,9
202410;N;1093;N;15/01/2024 9:13:28 a. m.;202410 Pre-Cálculo ING-GEO;Precálculo;15/01/2024 9:18:02 a. m.;388;74;0,766666667;4;79;58;79;37,08333333;54;1,348243912;37,08333333;Ingeniería Sistemas Y Computac;División de Ingenierías;CALCULO I;MAT1101;4 Temas Parcial 2 Cálculo I;54;1 Repaso de álgebra y geometría;4,3;1093;2 Avance entre [ 40 - 60 temas];Cumplimiento meta;3,6
202410;N;1094;N;11/01/2024 9:06:50 a. m.;202410 Pre-Cálculo ING-GEO;Precálculo;11/01/2024 9:28:27 a. m.;407;73;1,05;24;79;79;79;12,08333333;56;4,549005192;12,08333333;Ingeniería Mecánica;División de Ingenierías;CALCULO I;MAT1101;4 Temas Parcial 2 Cálculo I;55;2 Ecuaciones y desigualdades;5;1094;2 Avance entre [ 40 - 60 temas];Cumplimiento meta;4,5
202410;N;1095;N;11/01/2024 9:04:06 a. m.;202410 Pre-Cálculo ING-GEO;Precálculo;11/01/2024 9:08:15 a. m.;384;76;3,033333333;36;79;79;79;18;41;2,166265506;18;Ingeniería Civil;División de Ingenierías;CALCULO I;MAT1101;4 Temas Parcial 2 Cálculo I;43;3 Temas Parcial 1 Cálculo I;5;1095;2 Avance entre [ 40 - 60 temas];Cumplimiento meta;4,6
202410;N;1096;N;15/01/2024 8:55:53 a. m.;202410 Pre-Cálculo ING-GEO;Precálculo;15/01/2024 8:59:16 a. m.;385;76;1,016666667;20;79;69;79;26,61666667;54;1,840510001;26,61666667;Ingeniería Electrónica;División de Ingenierías;CALCULO I;MAT1101;4 Temas Parcial 2 Cálculo I;49;2 Ecuaciones y desigualdades;4,51;1096;2 Avance entre [ 40 - 60 temas];Cumplimiento meta;3,5
202410;N;1097;N;15/01/2024 9:22:17 a. m.;202410 Pre-Cálculo ING-GEO;Precálculo;15/01/2024 9:25:36 a. m.;386;78;1,916666667;22;79;39;79;8,366666667;22;2,031602709;8,366666667;Ingeniería Industrial;División de Ingenierías;CALCULO I;MAT1101;3 Temas Parcial 1 Cálculo I;17;2 Ecuaciones y desigualdades;4,6;1097;0 Avance menor a 19 temas;Cumplimiento meta;4,6
202410;N;1098;N;15/01/2024 8:50:08 a. m.;202410 Pre-Cálculo ING-GEO;Precálculo;15/01/2024 8:52:38 a. m.;395;68;1,016666667;12;79;61;79;28,4;51;1,549053356;28,4;Ingeniería Eléctrica;División de Ingenierías;CALCULO I;MAT1101;4 Temas Parcial 2 Cálculo I;49;2 Ecuaciones y desigualdades;4,6;1098;2 Avance entre [ 40 - 60 temas];Cumplimiento meta;4,4
202410;N;1099;N;11/01/2024 8:46:41 a. m.;202410 Pre-Cálculo ING-GEO;Precálculo;11/01/2024 9:03:55 a. m.;389;74;2,883333333;44;79;79;79;28,5;32;1,122500682;28,5;Ingeniería Sistemas Y Computac;División de Ingenierías;CALCULO I;MAT1101;4 Temas Parcial 2 Cálculo I;35;3 Temas Parcial 1 Cálculo I;4,2;1099;1 Avance entre [ 19 - 40 temas];Cumplimiento meta;4,8
202410;N;1100;N;15/01/2024 9:10:04 a. m.;202410 Pre-Cálculo ING-GEO;Precálculo;15/01/2024 9:13:35 a. m.;410;79;2,333333333;35;79;79;79;27,15;44;1,583842352;27,15;Ingeniería Sistemas Y Computac;División de Ingenierías;CALCULO I;MAT1101;4 Temas Parcial 2 Cálculo I;44;3 Temas Parcial 1 Cálculo I;4,7;1100;2 Avance entre [ 40 - 60 temas];Cumplimiento meta;4,3
202410;N;1101;N;15/01/2024 1:42:41 p. m.;202410 Pre-Cálculo ING-GEO;Precálculo;15/01/2024 1:46:33 p. m.;355;67;0,716666667;5;79;28;79;21,15;30;1,134707064;21,15;Ingeniería Sistemas Y Computac;División de Ingenierías;CALCULO I;MAT1101;2 Ecuaciones y desigualdades;23;1 Repaso de álgebra y geometría;2,6;1101;1 Avance entre [ 19 - 40 temas];No alcanzo meta;2,8
202410;N;1102;N;15/01/2024 9:09:13 a. m.;202410 Pre-Cálculo ING-GEO;Precálculo;15/01/2024 9:13:04 a. m.;288;58;1,1;7;79;40;79;16,33333333;37;1,958783922;16,33333333;Ingeniería Sistemas Y Computac;División de Ingenierías;CALCULO I;MAT1101;3 Temas Parcial 1 Cálculo I;33;1 Repaso de álgebra y geometría;2;1102;1 Avance entre [ 19 - 40 temas];Cumplimiento meta;1,5
202410;N;1103;N;11/01/2024 9:06:48 a. m.;202410 Pre-Cálculo ING-GEO;Precálculo;11/01/2024 9:28:25 a. m.;350;69;1,266666667;30;79;79;79;33,51666667;72;1,850193972;33,51666667;Ingeniería Eléctrica;División de Ingenierías;CALCULO I;MAT1101;4 Temas Parcial 2 Cálculo I;49;2 Ecuaciones y desigualdades;2,9;1103;2 Avance entre [ 40 - 60 temas];Cumplimiento meta;4
202410;N;1104;N;15/01/2024 9:07:23 a. m.;202410 Pre-Cálculo ING-GEO;Precálculo;15/01/2024 9:12:34 a. m.;308;65;0,7;4;79;34;79;21,33333333;39;1,546633339;21,33333333;Ingeniería Sistemas Y Computac;División de Ingenierías;CALCULO I;MAT1101;3 Temas Parcial 1 Cálculo I;30;1 Repaso de álgebra y geometría;2;1104;1 Avance entre [ 19 - 40 temas];Cumplimiento meta;1,5
202410;N;1105;N;15/01/2024 9:14:07 a. m.;202410 Pre-Cálculo ING-GEO;Precálculo;15/01/2024 9:18:55 a. m.;345;68;1,016666667;7;79;29;79;8,816666667;25;2,493310247;8,816666667;Ingeniería Industrial;División de Ingenierías;CALCULO I;MAT1101;2 Ecuaciones y desigualdades;22;1 Repaso de álgebra y geometría;3,9;1105;1 Avance entre [ 19 - 40 temas];No alcanzo meta;3,4
202410;N;1106;N;15/01/2024 9:11:49 a. m.;202410 Pre-Cálculo ING-GEO;Precálculo;15/01/2024 9:18:21 a. m.;327;66;3,2;17;79;17;79;3,316666667;0;0;3,316666667;Ingeniería Sistemas Y Computac;División de Ingenierías;CALCULO I;MAT1101;2 Ecuaciones y desigualdades;0;2 Ecuaciones y desigualdades;3,2;1106;0 Avance menor a 19 temas;No alcanzo meta;1,5
202410;N;1107;N;16/01/2024 1:47:22 p. m.;202410 Pre-Cálculo ING-GEO;Precálculo;16/01/2024 1:52:37 p. m.;311;64;0,533333333;4;79;41;79;24,68333333;42;1,498885963;24,68333333;Ingeniería Eléctrica;División de Ingenierías;CALCULO I;MAT1101;3 Temas Parcial 1 Cálculo I;37;1 Repaso de álgebra y geometría;3,5;1107;1 Avance entre [ 19 - 40 temas];Cumplimiento meta;3,8
202410;N;1108;N;15/01/2024 8:52:33 a. m.;202410 Pre-Cálculo ING-GEO;Precálculo;15/01/2024 8:57:17 a. m.;381;73;0,833333333;6;79;74;79;37,5;70;1,733513105;37,5;Ingeniería Electrónica;División de Ingenierías;CALCULO I;MAT1101;4 Temas Parcial 2 Cálculo I;68;1 Repaso de álgebra y geometría;3,85;1108;3 Avance superior a 60 temas;Cumplimiento meta;4,2
202410;N;1109;N;15/01/2024 8:54:02 a. m.;202410 Pre-Cálculo ING-GEO;Precálculo;15/01/2024 8:57:07 a. m.;397;79;1,066666667;65;79;79;79;14,1;14;0,992555831;14,1;Ingeniería Mecánica;División de Ingenierías;CALCULO I;MAT1101;4 Temas Parcial 2 Cálculo I;14;4 Temas Parcial 2 Cálculo I;5;1109;0 Avance menor a 19 temas;Cumplimiento meta;5
202410;N;1110;N;15/01/2024 9:06:42 a. m.;202410 Pre-Cálculo ING-GEO;Precálculo;15/01/2024 9:11:16 a. m.;348;74;1,15;7;79;68;79;40,01666667;77;1,724173833;40,01666667;Ingeniería Industrial;División de Ingenierías;CALCULO I;MAT1101;4 Temas Parcial 2 Cálculo I;61;1 Repaso de álgebra y geometría;4,7;1110;3 Avance superior a 60 temas;Cumplimiento meta;3,8
202410;N;1111;N;15/01/2024 8:47:21 a. m.;202410 Pre-Cálculo ING-GEO;Precálculo;15/01/2024 8:49:41 a. m.;381;71;0,366666667;69;79;79;79;13,06666667;10;0,76553396;13,06666667;Ingeniería Eléctrica;División de Ingenierías;CALCULO I;MAT1101;4 Temas Parcial 2 Cálculo I;10;4 Temas Parcial 2 Cálculo I;5;1111;0 Avance menor a 19 temas;Cumplimiento meta;5
202410;N;1112;N;16/01/2024 1:42:33 p. m.;202410 Pre-Cálculo ING-GEO;Precálculo;16/01/2024 1:45:08 p. m.;368;72;1,083333333;6;79;52;79;17,1;45;2,456060557;17,1;Geología;División de Ciencias Básicas;CALCULO I;MAT1101;3 Temas Parcial 1 Cálculo I;46;1 Repaso de álgebra y geometría;3,04;1112;2 Avance entre [ 40 - 60 temas];Cumplimiento meta;3,2
202410;N;1113;N;15/01/2024 9:05:11 a. m.;202410 Pre-Cálculo ING-GEO;Precálculo;15/01/2024 9:08:16 a. m.;425;76;1,616666667;35;79;79;79;18,3;39;2,021121631;18,3;Ingeniería Sistemas Y Computac;División de Ingenierías;CALCULO I;MAT1101;4 Temas Parcial 2 Cálculo I;44;3 Temas Parcial 1 Cálculo I;5;1113;2 Avance entre [ 40 - 60 temas];Cumplimiento meta;4,8
202410;N;1114;N;15/01/2024 8:44:23 a. m.;202410 Pre-Cálculo ING-GEO;Precálculo;15/01/2024 8:49:30 a. m.;350;71;0,5;3;79;42;79;24,43333333;43;1,596470481;24,43333333;Ingeniería Civil;División de Ingenierías;CALCULO I;MAT1101;3 Temas Parcial 1 Cálculo I;39;1 Repaso de álgebra y geometría;4;1114;1 Avance entre [ 19 - 40 temas];Cumplimiento meta;3
202410;N;1115;N;11/01/2024 8:49:12 a. m.;202410 Pre-Cálculo ING-GEO;Precálculo;11/01/2024 9:07:45 a. m.;399;73;2,383333333;14;79;79;79;38,8;58;1,468840818;38,8;Ingeniería Sistemas Y Computac;División de Ingenierías;CALCULO I;MAT1101;4 Temas Parcial 2 Cálculo I;65;2 Ecuaciones y desigualdades;4,2;1115;3 Avance superior a 60 temas;Cumplimiento meta;4,4
202410;N;1116;N;15/01/2024 8:48:56 a. m.;202410 Pre-Cálculo ING-GEO;Precálculo;15/01/2024 8:52:56 a. m.;351;68;1;3;79;63;63;60,53333333;80;0,99111211;60,53333333;Ingeniería Eléctrica;División de Ingenierías;CALCULO I;MAT1101;4 Temas Parcial 2 Cálculo I;60;1 Repaso de álgebra y geometría;5;1116;3 Avance superior a 60 temas;Cumplimiento meta;4,7
202410;N;1117;N;12/01/2024 8:34:07 a. m.;202410 Pre-Cálculo ING-GEO;Precálculo;12/01/2024 8:37:27 a. m.;373;75;0,85;9;79;71;79;39,51666667;72;1,543543966;39,51666667;Ingeniería Civil;División de Ingenierías;CALCULO I;MAT1101;4 Temas Parcial 2 Cálculo I;62;1 Repaso de álgebra y geometría;4;1117;3 Avance superior a 60 temas;Cumplimiento meta;4
202410;N;1118;N;15/01/2024 9:09:02 a. m.;202410 Pre-Cálculo ING-GEO;Precálculo;15/01/2024 9:14:00 a. m.;321;64;0,75;12;79;14;79;1,733333333;3;1,152184349;1,733333333;Ingeniería Sistemas Y Computac;División de Ingenierías;CALCULO I;MAT1101;2 Ecuaciones y desigualdades;2;2 Ecuaciones y desigualdades;3,3;1118;0 Avance menor a 19 temas;No alcanzo meta;3,1
202410;N;1119;N;15/01/2024 1:45:19 p. m.;202410 Pre-Cálculo ING-GEO;Precálculo;15/01/2024 1:50:53 p. m.;340;66;0,95;5;79;37;79;25,13333333;31;1,074246812;25,13333333;Ingeniería Sistemas Y Computac;División de Ingenierías;CALCULO I;MAT1101;3 Temas Parcial 1 Cálculo I;32;1 Repaso de álgebra y geometría;4;1119;1 Avance entre [ 19 - 40 temas];Cumplimiento meta;3,2
202410;N;1120;N;15/01/2024 8:48:04 a. m.;202410 Pre-Cálculo ING-GEO;Precálculo;15/01/2024 8:52:49 a. m.;383;75;0,416666667;8;79;68;79;31,3;62;1,788994489;31,3;Ingeniería Civil;División de Ingenierías;CALCULO I;MAT1101;4 Temas Parcial 2 Cálculo I;60;1 Repaso de álgebra y geometría;4,2;1120;3 Avance superior a 60 temas;Cumplimiento meta;3,5
202410;N;1121;N;15/01/2024 8:44:36 a. m.;202410 Pre-Cálculo ING-GEO;Precálculo;15/01/2024 8:49:38 a. m.;333;66;0,966666667;12;79;45;79;22,71666667;34;1,408467924;22,71666667;Ingeniería Civil;División de Ingenierías;CALCULO I;MAT1101;3 Temas Parcial 1 Cálculo I;33;2 Ecuaciones y desigualdades;2,8;1121;1 Avance entre [ 19 - 40 temas];Cumplimiento meta;3,3
202410;N;1122;N;15/01/2024 9:03:18 a. m.;202410 Pre-Cálculo ING-GEO;Precálculo;15/01/2024 9:08:16 a. m.;410;100;0,333333333;5;79;79;79;29,91666667;88;2,674467196;29,91666667;Ingeniería Sistemas Y Computac;División de Ingenierías;CALCULO I;MAT1101;4 Temas Parcial 2 Cálculo I;74;1 Repaso de álgebra y geometría;4,3;1122;3 Avance superior a 60 temas;Cumplimiento meta;4,6
202410;N;1123;N;11/01/2024 1:54:15 p. m.;202410 Pre-Cálculo ING-GEO;Precálculo;11/01/2024 1:58:08 p. m.;412;73;1,333333333;41;79;79;79;10,3;39;3,788655621;10,3;Ingeniería Industrial;División de Ingenierías;CALCULO I;MAT1101;4 Temas Parcial 2 Cálculo I;38;3 Temas Parcial 1 Cálculo I;5;1123;1 Avance entre [ 19 - 40 temas];Cumplimiento meta;4,6
202410;N;1124;N;11/01/2024 1:54:16 p. m.;202410 Pre-Cálculo ING-GEO;Precálculo;11/01/2024 1:58:19 p. m.;420;79;1,4;31;79;79;79;21,48333333;54;2,419917785;21,48333333;Ingeniería Industrial;División de Ingenierías;CALCULO I;MAT1101;4 Temas Parcial 2 Cálculo I;48;3 Temas Parcial 1 Cálculo I;5;1124;2 Avance entre [ 40 - 60 temas];Cumplimiento meta;4,8
202410;N;1125;N;15/01/2024 8:56:08 a. m.;202410 Pre-Cálculo ING-GEO;Precálculo;15/01/2024 9:02:25 a. m.;424;80;2,183333333;17;79;79;79;31,9;68;2,006269592;31,9;Ingeniería Mecánica;División de Ingenierías;CALCULO I;MAT1101;4 Temas Parcial 2 Cálculo I;62;2 Ecuaciones y desigualdades;4,8;1125;3 Avance superior a 60 temas;Cumplimiento meta;4,7
202410;N;1126;N;15/01/2024 9:00:14 a. m.;202410 Pre-Cálculo ING-GEO;Precálculo;15/01/2024 9:02:48 a. m.;389;71;0,483333333;6;79;33;79;9,483333333;29;2,741892961;9,483333333;Ingeniería Sistemas Y Computac;División de Ingenierías;CALCULO I;MAT1101;3 Temas Parcial 1 Cálculo I;27;1 Repaso de álgebra y geometría;4,2;1126;1 Avance entre [ 19 - 40 temas];Cumplimiento meta;4,6
202410;N;1127;N;11/01/2024 9:25:18 a. m.;202410 Pre-Cálculo ING-GEO;Precálculo;11/01/2024 9:30:41 a. m.;342;66;0,583333333;4;79;53;79;42,8;64;1,331853496;42,8;Ingeniería Mecánica;División de Ingenierías;CALCULO I;MAT1101;3 Temas Parcial 1 Cálculo I;49;1 Repaso de álgebra y geometría;4,1;1127;2 Avance entre [ 40 - 60 temas];Cumplimiento meta;3,7
202410;N;1128;N;11/01/2024 8:45:07 a. m.;202410 Pre-Cálculo ING-GEO;Precálculo;11/01/2024 8:48:22 a. m.;416;73;2,5;35;79;79;79;21,46666667;46;2,095812257;21,46666667;Ingeniería Civil;División de Ingenierías;CALCULO I;MAT1101;4 Temas Parcial 2 Cálculo I;44;3 Temas Parcial 1 Cálculo I;4,8;1128;2 Avance entre [ 40 - 60 temas];Cumplimiento meta;4,9
202410;N;1129;N;18/01/2024 9:04:45 a. m.;202410 Pre-Cálculo ING-GEO;Precálculo;18/01/2024 9:08:33 a. m.;392;79;0,983333333;16;79;71;79;21,11666667;65;2,793560606;21,11666667;Geología;División de Ciencias Básicas;CALCULO I;MAT1101;4 Temas Parcial 2 Cálculo I;55;2 Ecuaciones y desigualdades;5;1129;2 Avance entre [ 40 - 60 temas];Cumplimiento meta;5
202410;N;1130;N;16/01/2024 8:49:33 a. m.;202410 Pre-Cálculo ING-GEO;Precálculo;16/01/2024 8:53:38 a. m.;358;75;0,916666667;8;79;35;79;11,8;28;2,288674358;11,8;Ingeniería Industrial;División de Ingenierías;CALCULO I;MAT1101;3 Temas Parcial 1 Cálculo I;27;1 Repaso de álgebra y geometría;4,3;1130;1 Avance entre [ 19 - 40 temas];Cumplimiento meta;3,1
202410;N;1131;N;11/01/2024 9:03:37 a. m.;202410 Pre-Cálculo ING-GEO;Precálculo;11/01/2024 9:06:47 a. m.;361;75;0,866666667;6;79;56;79;50,58333333;64;1,067639112;50,58333333;Ingeniería Civil;División de Ingenierías;CALCULO I;MAT1101;3 Temas Parcial 1 Cálculo I;50;1 Repaso de álgebra y geometría;4,1;1131;2 Avance entre [ 40 - 60 temas];Cumplimiento meta;3,6
202410;N;1132;N;15/01/2024 5:07:10 p. m.;202410 Pre-Cálculo ING-GEO;Precálculo;15/01/2024 5:11:25 p. m.;340;66;2,733333333;27;79;27;79;2,8;0;0;2,8;Ingeniería Sistemas Y Computac;División de Ingenierías;CALCULO I;MAT1101;2 Ecuaciones y desigualdades;0;2 Ecuaciones y desigualdades;3,4;1132;0 Avance menor a 19 temas;No alcanzo meta;3,8
202410;N;1133;N;16/01/2024 8:39:44 a. m.;202410 Pre-Cálculo ING-GEO;Precálculo;16/01/2024 8:45:04 a. m.;377;69;1,233333333;10;79;19;79;8,933333333;10;1,008403361;8,933333333;Ingeniería Sistemas Y Computac;División de Ingenierías;CALCULO I;MAT1101;2 Ecuaciones y desigualdades;9;1 Repaso de álgebra y geometría;3,6;1133;0 Avance menor a 19 temas;No alcanzo meta;3,8
202410;N;1134;N;15/01/2024 3:43:56 p. m.;202410 Pre-Cálculo ING-GEO;Precálculo;15/01/2024 3:50:12 p. m.;324;68;1,183333333;4;79;35;79;31,66666667;37;0,947235476;31,66666667;Ingeniería Industrial;División de Ingenierías;CALCULO I;MAT1101;3 Temas Parcial 1 Cálculo I;31;1 Repaso de álgebra y geometría;3,4;1134;1 Avance entre [ 19 - 40 temas];Cumplimiento meta;3,1
202410;N;1135;N;15/01/2024 9:05:08 a. m.;202410 Pre-Cálculo ING-GEO;Precálculo;15/01/2024 9:08:02 a. m.;338;57;0,766666667;3;79;64;79;25,31666667;64;2,290754698;25,31666667;Ingeniería Electrónica;División de Ingenierías;CALCULO I;MAT1101;4 Temas Parcial 2 Cálculo I;61;1 Repaso de álgebra y geometría;1,04;1135;3 Avance superior a 60 temas;Cumplimiento meta;1,5
202410;N;1136;N;15/01/2024 9:10:58 a. m.;202410 Pre-Cálculo ING-GEO;Precálculo;15/01/2024 9:15:50 a. m.;353;64;0,766666667;8;79;45;79;21,26666667;31;1,410934744;21,26666667;Ingeniería Sistemas Y Computac;División de Ingenierías;CALCULO I;MAT1101;3 Temas Parcial 1 Cálculo I;37;1 Repaso de álgebra y geometría;3,8;1136;1 Avance entre [ 19 - 40 temas];Cumplimiento meta;3,8
202410;N;1137;N;16/01/2024 4:11:22 p. m.;202410 Pre-Cálculo ING-GEO;Precálculo;18/01/2024 2:04:55 p. m.;398;79;0,9;20;79;44;79;16,88333333;26;1,421964747;16,88333333;Ingeniería Electrónica;División de Ingenierías;CALCULO I;MAT1101;3 Temas Parcial 1 Cálculo I;24;2 Ecuaciones y desigualdades;3,88;1137;1 Avance entre [ 19 - 40 temas];Cumplimiento meta;4,1
202410;N;1138;N;15/01/2024 9:07:30 a. m.;202410 Pre-Cálculo ING-GEO;Precálculo;15/01/2024 9:13:00 a. m.;357;67;0,7;5;79;24;79;12,61666667;22;1,506939855;12,61666667;Ingeniería Sistemas Y Computac;División de Ingenierías;CALCULO I;MAT1101;2 Ecuaciones y desigualdades;19;1 Repaso de álgebra y geometría;2,6;1138;1 Avance entre [ 19 - 40 temas];No alcanzo meta;3,3
202410;N;1139;N;11/01/2024 1:54:38 p. m.;202410 Pre-Cálculo ING-GEO;Precálculo;11/01/2024 2:01:54 p. m.;308;55;1,383333333;12;79;70;79;39,35;57;1,42340714;39,35;Ingeniería Industrial;División de Ingenierías;CALCULO I;MAT1101;4 Temas Parcial 2 Cálculo I;58;2 Ecuaciones y desigualdades;3,7;1139;2 Avance entre [ 40 - 60 temas];Cumplimiento meta;4
202410;N;1140;N;15/01/2024 8:54:34 a. m.;202410 Pre-Cálculo ING-GEO;Precálculo;15/01/2024 8:57:56 a. m.;392;71;1;66;79;79;79;9,95;13;1,306350314;9,95;Ingeniería Mecánica;División de Ingenierías;CALCULO I;MAT1101;4 Temas Parcial 2 Cálculo I;13;4 Temas Parcial 2 Cálculo I;5;1140;0 Avance menor a 19 temas;Cumplimiento meta;4,7
202410;N;1141;N;15/01/2024 9:03:51 a. m.;202410 Pre-Cálculo ING-GEO;Precálculo;15/01/2024 9:09:30 a. m.;388;76;0,483333333;3;79;49;79;23,48333333;42;1,746311568;23,48333333;Ingeniería Sistemas Y Computac;División de Ingenierías;CALCULO I;MAT1101;3 Temas Parcial 1 Cálculo I;46;1 Repaso de álgebra y geometría;3,5;1141;2 Avance entre [ 40 - 60 temas];Cumplimiento meta;4
202410;N;1142;N;11/01/2024 9:06:41 a. m.;202410 Pre-Cálculo ING-GEO;Precálculo;11/01/2024 9:28:12 a. m.;423;77;1,483333333;20;79;79;79;23,28333333;63;2,663675203;23,28333333;Ingeniería Electrónica;División de Ingenierías;CALCULO I;MAT1101;4 Temas Parcial 2 Cálculo I;59;2 Ecuaciones y desigualdades;4,93;1142;2 Avance entre [ 40 - 60 temas];Cumplimiento meta;4,4
202410;N;1143;N;11/01/2024 9:06:51 a. m.;202410 Pre-Cálculo ING-GEO;Precálculo;11/01/2024 9:28:45 a. m.;311;65;0,816666667;3;79;33;79;40,31666667;46;0,818666703;40,31666667;Ingeniería Mecánica;División de Ingenierías;CALCULO I;MAT1101;3 Temas Parcial 1 Cálculo I;30;1 Repaso de álgebra y geometría;2,8;1143;1 Avance entre [ 19 - 40 temas];Cumplimiento meta;2,6
202410;N;1144;N;15/01/2024 8:52:24 a. m.;202410 Pre-Cálculo ING-GEO;Precálculo;15/01/2024 8:55:27 a. m.;347;65;1,833333333;30;79;79;79;16,6;50;2,950720953;16,6;Ingeniería Civil;División de Ingenierías;CALCULO I;MAT1101;4 Temas Parcial 2 Cálculo I;49;2 Ecuaciones y desigualdades;4,7;1144;2 Avance entre [ 40 - 60 temas];Cumplimiento meta;3,9
202410;N;1145;N;15/01/2024 9:08:19 a. m.;202410 Pre-Cálculo ING-GEO;Precálculo;15/01/2024 9:14:00 a. m.;355;73;0,9;7;79;72;79;31,43333333;76;2,38551726;31,43333333;Ingeniería Industrial;División de Ingenierías;CALCULO I;MAT1101;4 Temas Parcial 2 Cálculo I;65;1 Repaso de álgebra y geometría;4,4;1145;3 Avance superior a 60 temas;Cumplimiento meta;4,3
202410;N;1146;N;15/01/2024 9:08:50 a. m.;202410 Pre-Cálculo ING-GEO;Precálculo;15/01/2024 9:14:09 a. m.;379;74;0,966666667;11;79;79;79;39,16666667;77;1,863909103;39,16666667;Ingeniería Industrial;División de Ingenierías;CALCULO I;MAT1101;4 Temas Parcial 2 Cálculo I;68;2 Ecuaciones y desigualdades;4,4;1146;3 Avance superior a 60 temas;Cumplimiento meta;4,8
202410;N;1147;N;22/01/2024 2:37:30 p. m.;202410 Pre-Cálculo ING-GEO;Precálculo;22/01/2024 2:50:57 p. m.;408;80;1,25;4;79;4;79;1,6;0;0;1,6;Ingeniería Industrial;División de Ingenierías;CALCULO I;MAT1101;1 Repaso de Álgebra y Geometría;0;1 Repaso de álgebra y geometría;4,9;1147;0 Avance menor a 19 temas;No alcanzo meta;4,5
202410;N;1148;N;15/01/2024 9:19:22 a. m.;202410 Pre-Cálculo ING-GEO;Precálculo;15/01/2024 9:22:41 a. m.;402;70;2,116666667;40;79;40;79;2,416666667;1;0;2,416666667;Ingeniería Industrial;División de Ingenierías;CALCULO I;MAT1101;3 Temas Parcial 1 Cálculo I;0;3 Temas Parcial 1 Cálculo I;2,3;1148;0 Avance menor a 19 temas;Cumplimiento meta;1,5
202410;N;1149;N;15/01/2024 9:06:58 a. m.;202410 Pre-Cálculo ING-GEO;Precálculo;15/01/2024 9:11:18 a. m.;414;72;0,916666667;16;79;68;79;14,58333333;57;3,770782152;14,58333333;Ingeniería Industrial;División de Ingenierías;CALCULO I;MAT1101;4 Temas Parcial 2 Cálculo I;52;2 Ecuaciones y desigualdades;5;1149;2 Avance entre [ 40 - 60 temas];Cumplimiento meta;4,6
202410;N;1150;N;11/01/2024 8:45:52 a. m.;202410 Pre-Cálculo ING-GEO;Precálculo;11/01/2024 8:49:24 a. m.;360;67;1,516666667;23;79;79;79;25,55;66;2,308846229;25,55;Ingeniería Sistemas Y Computac;División de Ingenierías;CALCULO I;MAT1101;4 Temas Parcial 2 Cálculo I;56;2 Ecuaciones y desigualdades;5;1150;2 Avance entre [ 40 - 60 temas];Cumplimiento meta;4,7
202410;N;1151;N;15/01/2024 9:06:50 a. m.;202410 Pre-Cálculo ING-GEO;Precálculo;15/01/2024 9:12:02 a. m.;429;73;0,85;7;79;79;79;30,05;72;2,396649129;30,05;Ingeniería Industrial;División de Ingenierías;CALCULO I;MAT1101;4 Temas Parcial 2 Cálculo I;72;1 Repaso de álgebra y geometría;4,7;1151;3 Avance superior a 60 temas;Cumplimiento meta;4,2
202410;N;1152;N;15/01/2024 8:55:45 a. m.;202410 Pre-Cálculo ING-GEO;Precálculo;15/01/2024 8:58:33 a. m.;423;74;1,283333333;49;79;79;79;14,55;32;2,130665547;14,55;Ingeniería Electrónica;División de Ingenierías;CALCULO I;MAT1101;4 Temas Parcial 2 Cálculo I;30;3 Temas Parcial 1 Cálculo I;5;1152;1 Avance entre [ 19 - 40 temas];Cumplimiento meta;4,8
202410;N;1153;N;11/01/2024 9:06:45 a. m.;202410 Pre-Cálculo ING-GEO;Precálculo;11/01/2024 9:28:05 a. m.;364;69;0,583333333;5;79;78;79;51,46666667;90;1,631895351;51,46666667;Ingeniería Mecánica;División de Ingenierías;CALCULO I;MAT1101;4 Temas Parcial 2 Cálculo I;73;1 Repaso de álgebra y geometría;4,3;1153;3 Avance superior a 60 temas;Cumplimiento meta;3,7
202410;N;1154;N;15/01/2024 9:06:58 a. m.;202410 Pre-Cálculo ING-GEO;Precálculo;15/01/2024 9:14:06 a. m.;347;74;0,85;3;79;53;79;28,95;59;1,899553893;28,95;Ingeniería Industrial;División de Ingenierías;CALCULO I;MAT1101;3 Temas Parcial 1 Cálculo I;50;1 Repaso de álgebra y geometría;4;1154;2 Avance entre [ 40 - 60 temas];Cumplimiento meta;3,7
202410;N;1155;N;15/01/2024 8:55:03 a. m.;202410 Pre-Cálculo ING-GEO;Precálculo;15/01/2024 8:58:52 a. m.;348;69;0,883333333;19;79;66;79;34,7;56;1,440876053;34,7;Ingeniería Civil;División de Ingenierías;CALCULO I;MAT1101;4 Temas Parcial 2 Cálculo I;47;2 Ecuaciones y desigualdades;5;1155;2 Avance entre [ 40 - 60 temas];Cumplimiento meta;4,8
202410;N;1156;N;17/01/2024 8:41:58 a. m.;202410 Pre-Cálculo ING-GEO;Precálculo;17/01/2024 8:44:41 a. m.;379;80;1,066666667;13;79;48;79;24,53333333;43;1,548948119;24,53333333;Ingeniería Mecánica;División de Ingenierías;CALCULO I;MAT1101;3 Temas Parcial 1 Cálculo I;35;2 Ecuaciones y desigualdades;3,8;1156;1 Avance entre [ 19 - 40 temas];Cumplimiento meta;3,2
202410;N;1157;N;15/01/2024 9:04:17 a. m.;202410 Pre-Cálculo ING-GEO;Precálculo;15/01/2024 9:07:54 a. m.;344;64;0,533333333;4;79;23;79;26,3;39;1,140696459;26,3;Ingeniería Industrial;División de Ingenierías;CALCULO I;MAT1101;2 Ecuaciones y desigualdades;19;1 Repaso de álgebra y geometría;3,8;1157;1 Avance entre [ 19 - 40 temas];No alcanzo meta;3,7
202410;N;1158;N;11/01/2024 1:54:15 p. m.;202410 Pre-Cálculo ING-GEO;Precálculo;11/01/2024 2:00:01 p. m.;394;79;1,183333333;14;79;75;79;24,11666667;66;2,694828003;24,11666667;Ingeniería Industrial;División de Ingenierías;CALCULO I;MAT1101;4 Temas Parcial 2 Cálculo I;61;2 Ecuaciones y desigualdades;5;1158;3 Avance superior a 60 temas;Cumplimiento meta;4,8
202410;N;1159;N;15/01/2024 9:01:26 a. m.;202410 Pre-Cálculo ING-GEO;Precálculo;15/01/2024 9:05:45 a. m.;409;82;1,016666667;8;79;23;79;27,48333333;39;1,018686016;27,48333333;Ingeniería Sistemas Y Computac;División de Ingenierías;CALCULO I;MAT1101;2 Ecuaciones y desigualdades;15;1 Repaso de álgebra y geometría;3;1159;0 Avance menor a 19 temas;No alcanzo meta;2,8
202410;N;1160;N;12/01/2024 1:40:10 p. m.;202410 Pre-Cálculo ING-GEO;Precálculo;12/01/2024 1:45:34 p. m.;323;59;0,516666667;7;79;54;79;25,96666667;71;2,388264121;25,96666667;Ingeniería Industrial;División de Ingenierías;CALCULO I;MAT1101;3 Temas Parcial 1 Cálculo I;47;1 Repaso de álgebra y geometría;3,4;1160;2 Avance entre [ 40 - 60 temas];Cumplimiento meta;4,2
202410;N;1161;N;15/01/2024 9:07:42 a. m.;202410 Pre-Cálculo ING-GEO;Precálculo;15/01/2024 9:11:43 a. m.;409;77;1,983333333;13;79;48;79;25,85;62;2,321532211;25,85;Ingeniería Sistemas Y Computac;División de Ingenierías;CALCULO I;MAT1101;3 Temas Parcial 1 Cálculo I;35;2 Ecuaciones y desigualdades;4;1161;1 Avance entre [ 19 - 40 temas];Cumplimiento meta;4
202310;N;1162;N;21/12/2022 10:58:08 a. m.;202310 Pre-Cálculo ANEC Uninorte;Precálculo;21/12/2022 11:03:27 a. m.;375;77;0,566666667;2;79;36;79;10,88333333;14;1,010152543;36,3;Administración de Empresas;Escuela de Negocios;CALCULO I (ANEC);MAT1100;3 Temas Parcial 1 Cálculo I;34;1 Repaso de álgebra y geometría;3,5;1162;1 Avance entre [ 18 - 37 temas];Cumplimiento meta;3,3
202310;N;1163;N;13/01/2023 8:53:30 a. m.;202310 Pre-Cálculo ANEC Uninorte;Precálculo;13/01/2023 8:58:11 a. m.;322;62;0,633333333;2;79;9;79;5,783333333;7;1,208981002;5,783333333;Administración de Empresas;Escuela de Negocios;CALCULO I (ANEC);MAT1100;1 Repaso de Álgebra y Geometría;7;1 Repaso de álgebra y geometría;3,1;1163;0 Avance menor a 18 temas;No alcanzo meta;3,4
202310;N;1164;N;13/01/2023 8:55:37 a. m.;202310 Pre-Cálculo ANEC Uninorte;Precálculo;13/01/2023 9:01:50 a. m.;400;76;0,516666667;2;79;14;79;6,066666667;13;1,977478715;6,066666667;Economía;Div Humanidades, Artes y Cs. S;CALCULO I (ANEC);MAT1100;2 Ecuaciones y desigualdades;12;1 Repaso de álgebra y geometría;5;1164;0 Avance menor a 18 temas;No alcanzo meta;4,6
202310;N;1165;N;13/01/2023 9:00:29 a. m.;202310 Precálculo ING-GEO;Precálculo;13/01/2023 9:11:34 a. m.;363;72;0,666666667;2;79;79;79;38,58333333;90;2,047929028;38,58333333;Ingeniería Industrial;División de Ingenierías;CALCULO I;MAT1101;4 Temas Parcial 2 Cálculo I;77;1 Repaso de álgebra y geometría;4,7;1165;3 Avance superior a 60 temas;Cumplimiento meta;4,1
202310;N;1166;N;16/01/2023 8:38:52 a. m.;202310 Precálculo ING-GEO;Precálculo;16/01/2023 8:42:37 a. m.;296;59;0,616666667;2;79;14;79;24,98333333;28;0,680355297;24,98333333;Ingeniería Civil;División de Ingenierías;CALCULO I;MAT1101;2 Ecuaciones y desigualdades;12;1 Repaso de álgebra y geometría;2;1166;0 Avance menor a 19 temas;No alcanzo meta;2,4
202310;N;1167;N;13/01/2023 9:01:17 a. m.;202310 Precálculo ING-GEO;Precálculo;13/01/2023 9:05:52 a. m.;259;43;1,316666667;2;79;27;79;23,9;31;1,004464286;23,9;Ingeniería Sistemas Y Computac;División de Ingenierías;CALCULO I;MAT1101;2 Ecuaciones y desigualdades;25;1 Repaso de álgebra y geometría;3,3;1167;1 Avance entre [ 19 - 40 temas];No alcanzo meta;3,1
202310;N;1168;N;13/01/2023 9:04:55 a. m.;202310 Precálculo ING-GEO;Precálculo;13/01/2023 9:08:53 a. m.;342;68;0,35;2;79;5;79;6;5;0,499445061;6;Ingeniería Electrónica;División de Ingenierías;CALCULO I;MAT1101;1 Repaso de Álgebra y Geometría;3;1 Repaso de álgebra y geometría;1,7;1168;0 Avance menor a 19 temas;No alcanzo meta;3,1
202310;N;1169;N;13/01/2023 8:43:06 a. m.;202310 Precálculo ING-GEO;Precálculo;13/01/2023 8:47:04 a. m.;343;71;0,166666667;2;79;9;79;3,233333333;8;2,169795075;3,233333333;Ingeniería Sistemas Y Computac;División de Ingenierías;CALCULO I;MAT1101;1 Repaso de Álgebra y Geometría;7;1 Repaso de álgebra y geometría;1,4;1169;0 Avance menor a 19 temas;No alcanzo meta;1,5
202310;N;1170;N;13/01/2023 8:57:27 a. m.;202310 Precálculo ING-GEO;Precálculo;13/01/2023 9:03:05 a. m.;284;54;0,25;2;79;12;79;6,95;13;1,439136518;6,95;Ingeniería Civil;División de Ingenierías;CALCULO I;MAT1101;2 Ecuaciones y desigualdades;10;1 Repaso de álgebra y geometría;2,1;1170;0 Avance menor a 19 temas;No alcanzo meta;3
202310;N;1171;N;13/01/2023 9:00:41 a. m.;202310 Precálculo ING-GEO;Precálculo;13/01/2023 9:04:32 a. m.;415;100;0,916666667;2;79;13;79;5,716666667;12;1,926726025;5,716666667;Ingeniería Sistemas Y Computac;División de Ingenierías;CALCULO I;MAT1101;2 Ecuaciones y desigualdades;11;1 Repaso de álgebra y geometría;4,2;1171;0 Avance menor a 19 temas;No alcanzo meta;3,6
202310;N;1172;N;13/01/2023 9:04:03 a. m.;202310 Precálculo ING-GEO;Precálculo;13/01/2023 9:07:59 a. m.;343;63;0,283333333;2;79;13;79;5,166666667;13;2,126174497;5,166666667;Ingeniería Industrial;División de Ingenierías;CALCULO I;MAT1101;2 Ecuaciones y desigualdades;11;1 Repaso de álgebra y geometría;4,6;1172;0 Avance menor a 19 temas;No alcanzo meta;3,5
202310;N;1173;N;13/01/2023 8:46:12 a. m.;202310 Precálculo ING-GEO;Precálculo;13/01/2023 8:50:57 a. m.;323;64;0,916666667;2;79;20;79;8,016666667;18;2,246723528;8,016666667;Ingeniería Industrial;División de Ingenierías;CALCULO I;MAT1101;2 Ecuaciones y desigualdades;18;1 Repaso de álgebra y geometría;3,4;1173;0 Avance menor a 19 temas;No alcanzo meta;3,2
202310;N;1174;N;13/01/2023 8:56:36 a. m.;202310 Precálculo ING-GEO;Precálculo;13/01/2023 9:03:26 a. m.;377;75;0,383333333;2;79;22;79;5,516666667;20;3,620637635;5,516666667;Ingeniería Electrónica;División de Ingenierías;CALCULO I;MAT1101;2 Ecuaciones y desigualdades;20;1 Repaso de álgebra y geometría;3,5;1174;1 Avance entre [ 19 - 40 temas];No alcanzo meta;4
202310;N;1175;N;13/01/2023 9:00:16 a. m.;202310 Precálculo ING-GEO;Precálculo;13/01/2023 9:03:04 a. m.;342;67;0,266666667;2;79;23;79;12,6;24;1,746455269;12,6;Ingeniería Sistemas Y Computac;División de Ingenierías;CALCULO I;MAT1101;2 Ecuaciones y desigualdades;21;1 Repaso de álgebra y geometría;4,1;1175;1 Avance entre [ 19 - 40 temas];No alcanzo meta;4
202310;N;1176;N;13/01/2023 8:57:20 a. m.;202310 Precálculo ING-GEO;Precálculo;13/01/2023 9:02:16 a. m.;349;71;0,416666667;2;79;29;79;8,916666667;30;3,25010896;8,916666667;Ingeniería Sistemas Y Computac;División de Ingenierías;CALCULO I;MAT1101;2 Ecuaciones y desigualdades;27;1 Repaso de álgebra y geometría;2,8;1176;1 Avance entre [ 19 - 40 temas];No alcanzo meta;3
202330;N;1177;N;14/07/2023 8:46:38 a. m.;202330 Pre-Cálculo ANEC;Precálculo;14/07/2023 8:50:22 a. m.;333;70;1,05;2;79;25;79;15,71666667;27;1,464139199;15,71666667;Economía;Div Humanidades, Artes y Cs. S;CALCULO I (ANEC);MAT1100;2 Ecuaciones y desigualdades;23;1 Repaso de álgebra y geometría;4,4;1177;1 Avance entre [ 18 - 37 temas];No alcanzo meta;4,9
202330;N;1178;N;21/07/2023 8:43:44 a. m.;202330 Pre-Cálculo ANEC;Precálculo;21/07/2023 8:46:31 a. m.;263;39;0,133333333;2;79;4;79;2,483333333;3;0,807990125;2,483333333;Administración de Empresas;Escuela de Negocios;CALCULO I (ANEC);MAT1100;1 Repaso de Álgebra y Geometría;2;1 Repaso de álgebra y geometría;2,6;1178;0 Avance menor a 18 temas;No alcanzo meta;3
202330;N;1179;N;21/07/2023 8:41:24 a. m.;202330 Pre-Cálculo ANEC;Precálculo;21/07/2023 8:44:43 a. m.;318;63;0,583333333;2;79;21;79;14,93333333;21;1,271824622;14,93333333;Contaduría Pública;Escuela de Negocios;CALCULO I (ANEC);MAT1100;2 Ecuaciones y desigualdades;19;1 Repaso de álgebra y geometría;4;1179;1 Avance entre [ 18 - 37 temas];No alcanzo meta;4,2
202330;N;1180;N;10/07/2023 9:40:01 a. m.;202330 Pre-Cálculo ANEC;Precálculo;10/07/2023 9:46:26 a. m.;339;65;0,333333333;2;79;51;79;30,4;53;1,611591767;30,4;Negocios Internacionales;Escuela de Negocios;CALCULO I (ANEC);MAT1100;3 Temas Parcial 1 Cálculo I;49;1 Repaso de álgebra y geometría;5;1180;2 Avance entre [ 37 - 55 temas];Cumplimiento meta;5
202330;N;340;N;21/07/2023 2:12:17 p. m.;202330 Pre-Cálculo ANEC;Precálculo;21/07/2023 2:18:23 p. m.;342;67;0,35;2;79;20;79;12,33333333;18;1,458802341;12,33333333;Negocios Internacionales;Escuela de Negocios;CALCULO I (ANEC);MAT1100;2 Ecuaciones y desigualdades;18;1 Repaso de álgebra y geometría;4,8;340;1 Avance entre [ 18 - 37 temas];No alcanzo meta;4,2
202330;N;1181;N;26/06/2023 9:14:23 a. m.;202330 Pre-Cálculo ANEC;Precálculo;26/06/2023 9:21:58 a. m.;332;68;0,183333333;2;79;36;79;22,11666667;40;1,583113456;22,11666667;Negocios Internacionales;Escuela de Negocios;CALCULO I (ANEC);MAT1100;3 Temas Parcial 1 Cálculo I;34;1 Repaso de álgebra y geometría;5;1181;1 Avance entre [ 18 - 37 temas];Cumplimiento meta;3,6
202330;N;538;N;10/07/2023 9:40:15 a. m.;202330 Pre-Cálculo ANEC;Precálculo;10/07/2023 9:45:31 a. m.;340;64;0,583333333;2;79;2;79;1,25;0;0;1,25;Negocios Internacionales;Escuela de Negocios;CALCULO I (ANEC);MAT1100;1 Repaso de Álgebra y Geometría;0;1 Repaso de álgebra y geometría;2,6;538;0 Avance menor a 18 temas;No alcanzo meta;3,2
202330;N;1182;N;21/07/2023 9:53:21 a. m.;202330 Pre-Cálculo ANEC;Precálculo;21/07/2023 9:58:15 a. m.;367;71;0,2;2;79;6;79;2,25;6;1,777997284;2,25;Negocios Internacionales;Escuela de Negocios;CALCULO I (ANEC);MAT1100;1 Repaso de Álgebra y Geometría;4;1 Repaso de álgebra y geometría;4,8;1182;0 Avance menor a 18 temas;No alcanzo meta;4,9
202330;N;1183;N;10/07/2023 9:04:32 a. m.;202330 Precálculo ING-GEO;Precálculo;10/07/2023 9:10:56 a. m.;366;71;0,5;2;79;38;79;24,25;37;1,402206413;24,25;Ingeniería Sistemas Y Computac;División de Ingenierías;CALCULO I;MAT1101;3 Temas Parcial 1 Cálculo I;36;1 Repaso de álgebra y geometría;4,9;1183;1 Avance entre [ 19 - 40 temas];Cumplimiento meta;4,2
202330;N;1184;N;29/06/2023 8:41:22 a. m.;202330 Precálculo ING-GEO;Precálculo;29/06/2023 9:07:59 a. m.;298;59;0,45;2;79;20;79;14,05;21;1,280961512;14,05;Ingeniería Sistemas Y Computac;División de Ingenierías;CALCULO I;MAT1101;2 Ecuaciones y desigualdades;18;1 Repaso de álgebra y geometría;3,5;1184;0 Avance menor a 19 temas;No alcanzo meta;3
202330;N;1185;N;5/07/2023 10:25:25 a. m.;202330 Precálculo ING-GEO;Precálculo;5/07/2023 10:30:01 a. m.;264;50;0,466666667;2;79;27;79;20,48333333;33;1,268860059;20,48333333;Ingeniería Civil;División de Ingenierías;CALCULO I;MAT1101;2 Ecuaciones y desigualdades;25;1 Repaso de álgebra y geometría;3;1185;1 Avance entre [ 19 - 40 temas];No alcanzo meta;2,8
202330;N;1186;N;5/07/2023 8:40:09 a. m.;202330 Precálculo ING-GEO;Precálculo;5/07/2023 8:42:56 a. m.;333;68;0,3;2;79;13;79;9,283333333;13;1,185415794;9,283333333;Ingeniería Industrial;División de Ingenierías;CALCULO I;MAT1101;2 Ecuaciones y desigualdades;11;1 Repaso de álgebra y geometría;3,1;1186;0 Avance menor a 19 temas;No alcanzo meta;3,5
202330;N;1187;N;14/07/2023 8:26:31 a. m.;202330 Precálculo ING-GEO;Precálculo;14/07/2023 8:31:43 a. m.;352;81;0,216666667;2;79;10;79;5,183333333;8;1,543822032;5,183333333;Ingeniería Sistemas Y Computac;División de Ingenierías;CALCULO I;MAT1101;1 Repaso de Álgebra y Geometría;8;1 Repaso de álgebra y geometría;2;1187;0 Avance menor a 19 temas;No alcanzo meta;2
202330;N;1188;N;17/07/2023 8:46:52 a. m.;202330 Precálculo ING-GEO;Precálculo;17/07/2023 8:51:10 a. m.;365;72;0,333333333;2;79;12;79;9,3;12;1,07443443;9,3;Ingeniería Civil;División de Ingenierías;CALCULO I;MAT1101;2 Ecuaciones y desigualdades;10;1 Repaso de álgebra y geometría;2,8;1188;0 Avance menor a 19 temas;No alcanzo meta;4
202330;N;1189;N;10/07/2023 8:46:07 a. m.;202330 Precálculo ING-GEO;Precálculo;10/07/2023 8:49:53 a. m.;346;77;0,466666667;2;79;22;79;19,6;24;1,071064264;19,6;Ingeniería Industrial;División de Ingenierías;CALCULO I;MAT1101;2 Ecuaciones y desigualdades;20;1 Repaso de álgebra y geometría;3,2;1189;1 Avance entre [ 19 - 40 temas];No alcanzo meta;3,5
202410;N;1190;N;15/01/2024 9:34:39 a. m.;202410 Pre-Cálculo ANEC;Precálculo;15/01/2024 9:47:05 a. m.;368;74;0,783333333;2;79;48;79;42,01666667;47;1,04703736;42,01666667;Negocios Internacionales;Escuela de Negocios;CALCULO I (ANEC);MAT1100;3 Temas Parcial 1 Cálculo I;46;1 Repaso de álgebra y geometría;4,2;1190;2 Avance entre [ 37 - 55 temas];Cumplimiento meta;3,5
202410;N;1191;N;11/01/2024 2:10:38 p. m.;202410 Pre-Cálculo ANEC;Precálculo;11/01/2024 2:15:15 p. m.;362;71;0,366666667;2;79;78;79;42,15;89;1,993027042;42,15;Negocios Internacionales;Escuela de Negocios;CALCULO I (ANEC);MAT1100;4 Temas Parcial 2 Cálculo I;76;1 Repaso de álgebra y geometría;4,8;1191;3 Avance superior a 55 temas;Cumplimiento meta;3,6
202410;N;1192;N;15/01/2024 9:06:13 a. m.;202410 Pre-Cálculo ANEC;Precálculo;15/01/2024 9:09:47 a. m.;355;68;0,7;2;79;45;79;22,98333333;38;1,52238265;22,98333333;Administración de Empresas;Escuela de Negocios;CALCULO I (ANEC);MAT1100;3 Temas Parcial 1 Cálculo I;43;1 Repaso de álgebra y geometría;4,5;1192;2 Avance entre [ 37 - 55 temas];Cumplimiento meta;4,3
202410;N;1193;N;11/01/2024 2:17:09 p. m.;202410 Pre-Cálculo ANEC;Precálculo;11/01/2024 2:23:34 p. m.;266;59;0,533333333;2;79;8;79;12,55;9;0,477865534;12,55;Negocios Internacionales;Escuela de Negocios;CALCULO I (ANEC);MAT1100;1 Repaso de Álgebra y Geometría;6;1 Repaso de álgebra y geometría;4,3;1193;0 Avance menor a 18 temas;No alcanzo meta;2,8
202410;N;1194;N;11/01/2024 2:10:17 p. m.;202410 Pre-Cálculo ANEC;Precálculo;11/01/2024 2:17:06 p. m.;353;64;0,333333333;2;79;66;79;37,91666667;66;1,634961214;37,91666667;Administración de Empresas;Escuela de Negocios;CALCULO I (ANEC);MAT1100;4 Temas Parcial 2 Cálculo I;64;1 Repaso de álgebra y geometría;3,6;1194;3 Avance superior a 55 temas;Cumplimiento meta;3,3
202410;N;1195;N;11/01/2024 2:15:41 p. m.;202410 Pre-Cálculo ANEC;Precálculo;11/01/2024 2:20:45 p. m.;268;58;0,483333333;2;79;34;79;42,6;46;0,845108997;42,6;Administración de Empresas;Escuela de Negocios;CALCULO I (ANEC);MAT1100;3 Temas Parcial 1 Cálculo I;32;1 Repaso de álgebra y geometría;2,8;1195;1 Avance entre [ 18 - 37 temas];Cumplimiento meta;1,5
202410;N;1196;N;15/01/2024 9:03:22 a. m.;202410 Pre-Cálculo ANEC;Precálculo;15/01/2024 9:10:02 a. m.;335;70;0,7;2;79;35;79;38,81666667;38;0,901777791;38,81666667;Contaduría Pública;Escuela de Negocios;CALCULO I (ANEC);MAT1100;3 Temas Parcial 1 Cálculo I;33;1 Repaso de álgebra y geometría;4,7;1196;1 Avance entre [ 18 - 37 temas];Cumplimiento meta;4,5
202410;N;1197;N;11/01/2024 2:10:56 p. m.;202410 Pre-Cálculo ANEC;Precálculo;11/01/2024 2:16:47 p. m.;342;70;0,266666667;2;79;46;79;30,98333333;56;1,581878346;30,98333333;Contaduría Pública;Escuela de Negocios;CALCULO I (ANEC);MAT1100;3 Temas Parcial 1 Cálculo I;44;1 Repaso de álgebra y geometría;5;1197;2 Avance entre [ 37 - 55 temas];Cumplimiento meta;3,8
202410;N;1198;N;16/01/2024 9:20:39 a. m.;202410 Pre-Cálculo ANEC;Precálculo;16/01/2024 9:29:54 a. m.;353;71;0,283333333;2;79;39;79;33,31666667;39;1,110610836;33,31666667;Negocios Internacionales;Escuela de Negocios;CALCULO I (ANEC);MAT1100;3 Temas Parcial 1 Cálculo I;37;1 Repaso de álgebra y geometría;4,7;1198;2 Avance entre [ 37 - 55 temas];Cumplimiento meta;3,7
202410;N;1199;N;15/01/2024 9:46:49 a. m.;202410 Pre-Cálculo ANEC;Precálculo;15/01/2024 9:54:42 a. m.;436;100;0,516666667;2;79;42;79;27,31666667;43;1,464620267;27,31666667;Negocios Internacionales;Escuela de Negocios;CALCULO I (ANEC);MAT1100;3 Temas Parcial 1 Cálculo I;40;1 Repaso de álgebra y geometría;4;1199;2 Avance entre [ 37 - 55 temas];Cumplimiento meta;3,7
202410;N;1200;N;15/01/2024 4:05:53 p. m.;202410 Pre-Cálculo ING-GEO;Precálculo;15/01/2024 4:10:06 p. m.;373;71;0,2;2;79;30;79;7,816666667;30;3,841639099;7,816666667;Ingeniería Sistemas Y Computac;División de Ingenierías;CALCULO I;MAT1101;2 Ecuaciones y desigualdades;28;1 Repaso de álgebra y geometría;3,6;1200;1 Avance entre [ 19 - 40 temas];No alcanzo meta;3,5
202410;N;1201;N;15/01/2024 9:06:05 a. m.;202410 Pre-Cálculo ING-GEO;Precálculo;15/01/2024 9:09:32 a. m.;355;69;0,716666667;2;79;79;79;42,73333333;84;1,80212979;42,73333333;Ingeniería Sistemas Y Computac;División de Ingenierías;CALCULO I;MAT1101;4 Temas Parcial 2 Cálculo I;77;1 Repaso de álgebra y geometría;4;1201;3 Avance superior a 60 temas;Cumplimiento meta;4
202410;N;1202;N;15/01/2024 9:34:21 a. m.;202410 Pre-Cálculo ING-GEO;Precálculo;15/01/2024 9:41:11 a. m.;380;73;0,466666667;2;79;41;79;20,45;42;1,809610499;20,45;Ingeniería Civil;División de Ingenierías;CALCULO I;MAT1101;3 Temas Parcial 1 Cálculo I;39;1 Repaso de álgebra y geometría;2,7;1202;1 Avance entre [ 19 - 40 temas];Cumplimiento meta;1,5
202410;N;1203;N;11/01/2024 1:53:33 p. m.;202410 Pre-Cálculo ING-GEO;Precálculo;11/01/2024 1:59:21 p. m.;332;67;0,666666667;2;79;79;79;53,36666667;90;1,611627035;53,36666667;Ingeniería Industrial;División de Ingenierías;CALCULO I;MAT1101;4 Temas Parcial 2 Cálculo I;77;1 Repaso de álgebra y geometría;;1203;3 Avance superior a 60 temas;Cumplimiento meta;1,5
202410;N;1204;N;18/01/2024 11:03:46 a. m.;202410 Pre-Cálculo ING-GEO;Precálculo;18/01/2024 11:06:44 a. m.;371;78;0,2;2;79;30;79;6,25;24;3,523445146;6,25;Ingeniería Sistemas Y Computac;División de Ingenierías;CALCULO I;MAT1101;2 Ecuaciones y desigualdades;28;1 Repaso de álgebra y geometría;4,16;1204;1 Avance entre [ 19 - 40 temas];No alcanzo meta;3,1
202410;N;1205;N;17/01/2024 9:08:57 a. m.;202410 Pre-Cálculo ING-GEO;Precálculo;17/01/2024 9:18:07 a. m.;372;75;0,7;2;79;5;79;3,433333333;3;0,873433077;3,433333333;Ingeniería Sistemas Y Computac;División de Ingenierías;CALCULO I;MAT1101;1 Repaso de Álgebra y Geometría;3;1 Repaso de álgebra y geometría;5;1205;0 Avance menor a 19 temas;No alcanzo meta;3
202410;N;1206;N;11/01/2024 9:03:42 a. m.;202410 Pre-Cálculo ING-GEO;Precálculo;11/01/2024 9:07:25 a. m.;383;75;0,266666667;2;79;27;79;16,36666667;35;1,833025;16,36666667;Ingeniería Sistemas Y Computac;División de Ingenierías;CALCULO I;MAT1101;2 Ecuaciones y desigualdades;25;1 Repaso de álgebra y geometría;4,6;1206;1 Avance entre [ 19 - 40 temas];No alcanzo meta;4
202410;N;1207;N;15/01/2024 9:05:43 a. m.;202410 Pre-Cálculo ING-GEO;Precálculo;15/01/2024 9:09:03 a. m.;352;67;0,15;2;79;78;79;51,6;98;1,744195436;51,6;Ingeniería Industrial;División de Ingenierías;CALCULO I;MAT1101;4 Temas Parcial 2 Cálculo I;76;1 Repaso de álgebra y geometría;3,9;1207;3 Avance superior a 60 temas;Cumplimiento meta;3,9
202410;N;1208;N;15/01/2024 9:10:04 a. m.;202410 Pre-Cálculo ING-GEO;Precálculo;15/01/2024 9:14:20 a. m.;353;66;0,466666667;2;79;32;79;24,36666667;34;1,230853392;24,36666667;Ingeniería Industrial;División de Ingenierías;CALCULO I;MAT1101;3 Temas Parcial 1 Cálculo I;30;1 Repaso de álgebra y geometría;2,8;1208;1 Avance entre [ 19 - 40 temas];Cumplimiento meta;3,2
202410;N;1209;N;15/01/2024 9:13:51 a. m.;202410 Pre-Cálculo ING-GEO;Precálculo;15/01/2024 9:17:53 a. m.;336;67;0,65;2;79;64;79;32,48333333;55;1,477895709;32,48333333;Ingeniería Eléctrica;División de Ingenierías;CALCULO I;MAT1101;4 Temas Parcial 2 Cálculo I;62;1 Repaso de álgebra y geometría;1;1209;3 Avance superior a 60 temas;Cumplimiento meta;1,5
202410;N;1210;N;11/01/2024 1:54:22 p. m.;202410 Pre-Cálculo ING-GEO;Precálculo;11/01/2024 1:59:52 p. m.;367;78;0,35;2;79;26;79;24,23333333;40;1,196973171;24,23333333;Ingeniería Industrial;División de Ingenierías;CALCULO I;MAT1101;2 Ecuaciones y desigualdades;24;1 Repaso de álgebra y geometría;2,7;1210;1 Avance entre [ 19 - 40 temas];No alcanzo meta;3,6
202410;N;1211;N;17/01/2024 2:13:25 p. m.;202410 Pre-Cálculo ING-GEO;Precálculo;17/01/2024 2:17:11 p. m.;314;50;0,35;2;79;26;79;11,41666667;25;1,926679154;11,41666667;Ingeniería Mecánica;División de Ingenierías;CALCULO I;MAT1101;2 Ecuaciones y desigualdades;24;1 Repaso de álgebra y geometría;3,8;1211;1 Avance entre [ 19 - 40 temas];No alcanzo meta;2,6
202410;N;1212;N;15/01/2024 8:46:04 a. m.;202410 Pre-Cálculo ING-GEO;Precálculo;15/01/2024 8:49:51 a. m.;352;66;0,433333333;2;79;33;79;25,53333333;43;1,410381978;25,53333333;Ingeniería Civil;División de Ingenierías;CALCULO I;MAT1101;3 Temas Parcial 1 Cálculo I;31;1 Repaso de álgebra y geometría;2,6;1212;1 Avance entre [ 19 - 40 temas];Cumplimiento meta;3,2
202410;N;1213;N;11/01/2024 1:57:09 p. m.;202410 Pre-Cálculo ING-GEO;Precálculo;11/01/2024 2:05:37 p. m.;338;76;0,983333333;2;79;43;79;32,48333333;45;1,292672292;32,48333333;Ingeniería Industrial;División de Ingenierías;CALCULO I;MAT1101;3 Temas Parcial 1 Cálculo I;41;1 Repaso de álgebra y geometría;2,5;1213;2 Avance entre [ 40 - 60 temas];Cumplimiento meta;1,5
202410;N;1214;N;15/01/2024 8:45:25 a. m.;202410 Pre-Cálculo ING-GEO;Precálculo;15/01/2024 8:49:24 a. m.;339;69;0,4;2;79;37;79;29,53333333;38;1,185213056;29,53333333;Geología;División de Ciencias Básicas;CALCULO I;MAT1101;3 Temas Parcial 1 Cálculo I;35;1 Repaso de álgebra y geometría;4,68;1214;1 Avance entre [ 19 - 40 temas];Cumplimiento meta;3,7
202410;N;1215;N;11/01/2024 9:06:44 a. m.;202410 Pre-Cálculo ING-GEO;Precálculo;11/01/2024 9:28:28 a. m.;400;76;0,383333333;2;79;79;79;43,5;87;1,885165814;43,5;Ingeniería Mecánica;División de Ingenierías;CALCULO I;MAT1101;4 Temas Parcial 2 Cálculo I;77;1 Repaso de álgebra y geometría;4,7;1215;3 Avance superior a 60 temas;Cumplimiento meta;4,8
202410;N;1216;N;15/01/2024 9:12:07 a. m.;202410 Pre-Cálculo ING-GEO;Precálculo;15/01/2024 9:23:41 a. m.;337;62;0,75;2;79;41;79;20,81666667;41;1,920845172;20,81666667;Ingeniería Sistemas Y Computac;División de Ingenierías;CALCULO I;MAT1101;3 Temas Parcial 1 Cálculo I;39;1 Repaso de álgebra y geometría;4,52;1216;1 Avance entre [ 19 - 40 temas];Cumplimiento meta;3,6
202410;N;1217;N;15/01/2024 9:07:04 a. m.;202410 Pre-Cálculo ING-GEO;Precálculo;15/01/2024 9:14:05 a. m.;333;66;0,7;2;79;41;79;33,81666667;44;1,212240674;33,81666667;Ingeniería Industrial;División de Ingenierías;CALCULO I;MAT1101;3 Temas Parcial 1 Cálculo I;39;1 Repaso de álgebra y geometría;3,4;1217;1 Avance entre [ 19 - 40 temas];Cumplimiento meta;3,2
202430;N;1218;N;22/07/2024 8:42:39 a. m.;202430 Pre-Cálculo ANEC;Precálculo;22/07/2024 8:46:30 a. m.;343;71;0,316666667;2;79;7;79;5,55;7;0,900900901;5,55;Administración de Empresas;Escuela de Negocios;CALCULO I (ANEC);MAT1100;1 Repaso de Álgebra y Geometría;5;1 Repaso de álgebra y geometría;3;1218;0 Avance menor a 18 temas;No alcanzo meta;3,4
202430;N;1219;N;15/07/2024 8:17:15 a. m.;202430 Pre-Cálculo ANEC;Precálculo;15/07/2024 8:21:17 a. m.;356;71;0,433333333;2;79;50;79;26,85;50;1,713186154;26,85;Negocios Internacionales;Escuela de Negocios;CALCULO I (ANEC);MAT1100;3 Temas Parcial 1 Cálculo I;48;1 Repaso de álgebra y geometría;4,4;1219;2 Avance entre [ 37 - 55 temas];Cumplimiento meta;4,5
202430;N;1220;N;26/07/2024 8:18:16 a. m.;202430 Pre-Cálculo ANEC;Precálculo;26/07/2024 8:23:15 a. m.;380;80;0,483333333;2;79;15;79;10,9;15;1,192599766;10,9;Negocios Internacionales;Escuela de Negocios;CALCULO I (ANEC);MAT1100;2 Ecuaciones y desigualdades;13;1 Repaso de álgebra y geometría;2,6;1220;0 Avance menor a 18 temas;No alcanzo meta;3,2
202430;N;1221;N;15/07/2024 9:03:21 a. m.;202430 Pre-Cálculo ANEC;Precálculo;15/07/2024 9:07:21 a. m.;333;69;0,45;2;79;30;79;17,66666667;29;1,585503964;17,66666667;Negocios Internacionales;Escuela de Negocios;CALCULO I (ANEC);MAT1100;2 Ecuaciones y desigualdades;28;1 Repaso de álgebra y geometría;3;1221;1 Avance entre [ 18 - 37 temas];No alcanzo meta;3,9
202430;N;1222;N;15/07/2024 8:17:28 a. m.;202430 Pre-Cálculo ANEC;Precálculo;15/07/2024 8:23:17 a. m.;355;71;0,483333333;2;79;25;79;21,06666667;29;1,187053206;21,06666667;Negocios Internacionales;Escuela de Negocios;CALCULO I (ANEC);MAT1100;2 Ecuaciones y desigualdades;23;1 Repaso de álgebra y geometría;4,1;1222;1 Avance entre [ 18 - 37 temas];No alcanzo meta;4,1
202430;N;1223;N;23/07/2024 8:28:11 a. m.;202430 Pre-Cálculo ANEC;Precálculo;23/07/2024 8:32:34 a. m.;0;0;0,2;2;79;13;79;8,066666667;13;1,36424708;8,066666667;Economía;Div Humanidades, Artes y Cs. S;CALCULO I (ANEC);MAT1100;2 Ecuaciones y desigualdades;11;1 Repaso de álgebra y geometría;4,5;1223;0 Avance menor a 18 temas;No alcanzo meta;4,1
202430;N;1224;N;15/07/2024 2:15:33 p. m.;202430 Pre-Cálculo ANEC;Precálculo;15/07/2024 2:18:05 p. m.;300;61;0,15;2;79;35;79;11,55;39;3,031396608;11,55;Administración de Empresas;Escuela de Negocios;CALCULO I (ANEC);MAT1100;3 Temas Parcial 1 Cálculo I;33;1 Repaso de álgebra y geometría;2,5;1224;1 Avance entre [ 18 - 37 temas];Cumplimiento meta;1,5
202430;N;1225;N;8/07/2024 9:42:15 a. m.;202430 Pre-Cálculo ANEC;Precálculo;8/07/2024 10:08:21 a. m.;360;73;0,266666667;2;79;45;79;24,66666667;49;1,783201432;24,66666667;Negocios Internacionales;Escuela de Negocios;CALCULO I (ANEC);MAT1100;3 Temas Parcial 1 Cálculo I;43;1 Repaso de álgebra y geometría;4,2;1225;2 Avance entre [ 37 - 55 temas];Cumplimiento meta;3,6
202430;N;1226;N;16/07/2024 8:15:28 a. m.;202430 Pre-Cálculo ANEC;Precálculo;16/07/2024 8:19:10 a. m.;348;70;0,183333333;2;79;38;79;18,86666667;26;1,271878818;18,86666667;Negocios Internacionales;Escuela de Negocios;CALCULO I (ANEC);MAT1100;3 Temas Parcial 1 Cálculo I;36;1 Repaso de álgebra y geometría;5;1226;1 Avance entre [ 18 - 37 temas];Cumplimiento meta;4,3
202430;N;1227;N;11/07/2024 9:04:45 a. m.;202430 Pre-Cálculo ANEC;Precálculo;11/07/2024 9:07:56 a. m.;353;71;0,3;2;79;4;79;2,583333333;3;0,776699029;2,583333333;Negocios Internacionales;Escuela de Negocios;CALCULO I (ANEC);MAT1100;1 Repaso de Álgebra y Geometría;2;1 Repaso de álgebra y geometría;3,3;1227;0 Avance menor a 18 temas;No alcanzo meta;3,3
202430;N;1228;N;8/07/2024 3:00:50 p. m.;202430 Pre-Cálculo ANEC;Precálculo;8/07/2024 3:05:59 p. m.;314;65;0,45;2;79;20;79;11,15;18;1,614792295;11,15;Administración de Empresas;Escuela de Negocios;CALCULO I (ANEC);MAT1100;2 Ecuaciones y desigualdades;18;1 Repaso de álgebra y geometría;4,5;1228;1 Avance entre [ 18 - 37 temas];No alcanzo meta;3,8
202430;N;1229;N;15/07/2024 8:15:19 a. m.;202430 Pre-Cálculo ANEC;Precálculo;15/07/2024 8:21:50 a. m.;205;0;0,466666667;2;79;30;79;22,03333333;28;1,225354243;22,03333333;Negocios Internacionales;Escuela de Negocios;CALCULO I (ANEC);MAT1100;2 Ecuaciones y desigualdades;28;1 Repaso de álgebra y geometría;5;1229;1 Avance entre [ 18 - 37 temas];No alcanzo meta;4,4
202430;N;1230;N;16/07/2024 7:58:36 a. m.;202430 Pre-Cálculo ING -GEO;Precálculo;16/07/2024 8:03:32 a. m.;359;73;0,516666667;2;79;60;79;36,11666667;60;1,578085226;36,11666667;Ingeniería Civil;División de Ingenierías;CALCULO I;MAT1101;4 Temas Parcial 2 Cálculo I;58;1 Repaso de álgebra y geometría;5;1230;2 Avance entre [ 40 - 60 temas];Cumplimiento meta;4,4
202430;N;1231;N;8/07/2024 3:00:43 p. m.;202430 Pre-Cálculo ING -GEO;Precálculo;8/07/2024 3:06:46 p. m.;358;73;0,466666667;2;79;51;79;26,33333333;54;1,936218679;26,33333333;Ingeniería Industrial;División de Ingenierías;CALCULO I;MAT1101;3 Temas Parcial 1 Cálculo I;49;1 Repaso de álgebra y geometría;3,4;1231;2 Avance entre [ 40 - 60 temas];Cumplimiento meta;3
202430;N;1232;N;8/07/2024 3:02:04 p. m.;202430 Pre-Cálculo ING -GEO;Precálculo;8/07/2024 3:07:02 p. m.;375;77;0,45;2;79;75;79;37,85;84;2,060342803;37,85;Ingeniería Industrial;División de Ingenierías;CALCULO I;MAT1101;4 Temas Parcial 2 Cálculo I;73;1 Repaso de álgebra y geometría;3,4;1232;3 Avance superior a 60 temas;Cumplimiento meta;3,6
202430;N;1233;N;26/07/2024 8:20:54 a. m.;202430 Pre-Cálculo ING -GEO;Precálculo;26/07/2024 8:28:07 a. m.;370;75;0,35;2;79;3;79;2,483333333;3;0,401516841;2,483333333;Ingeniería Mecánica;División de Ingenierías;CALCULO I;MAT1101;1 Repaso de Álgebra y Geometría;1;1 Repaso de álgebra y geometría;1,7;1233;0 Avance menor a 19 temas;No alcanzo meta;1,5
202510;N;1234;N;13/01/2025 9:49:14 a. m.;202510 Pre Cálculo ANEC;Precálculo;13/01/2025 9:51:08 a. m.;350;63;0,366666667;2;79;59;79;26,55;58;2,070956405;26,55;Contaduría Pública;Escuela de Negocios;CALCULO I (ANEC);MAT1100;4 Temas Parcial 2 Cálculo I;57;1 Repaso de álgebra y geometría;5;1234;3 Avance superior a 55 temas;Cumplimiento meta;4,5
202510;N;1235;N;13/01/2025 9:53:31 a. m.;202510 Pre Cálculo ANEC;Precálculo;13/01/2025 9:55:16 a. m.;374;72;0,433333333;2;79;38;79;18,05;38;1,939476034;18,05;Negocios Internacionales;Escuela de Negocios;CALCULO I (ANEC);MAT1100;3 Temas Parcial 1 Cálculo I;36;1 Repaso de álgebra y geometría;4,9;1235;1 Avance entre [ 18 - 37 temas];Cumplimiento meta;4,2
202510;N;1236;N;13/01/2025 9:51:33 a. m.;202510 Pre Cálculo ANEC;Precálculo;13/01/2025 9:53:45 a. m.;332;74;0,55;2;79;35;79;24,83333333;33;1,248140651;24,83333333;Negocios Internacionales;Escuela de Negocios;CALCULO I (ANEC);MAT1100;3 Temas Parcial 1 Cálculo I;33;1 Repaso de álgebra y geometría;1,6;1236;1 Avance entre [ 18 - 37 temas];Cumplimiento meta;3,5
202510;N;1237;N;13/01/2025 2:21:33 p. m.;202510 Pre Cálculo ING-GEO-MAT-DAt;Precálculo;13/01/2025 2:23:30 p. m.;354;74;0,4;2;79;59;79;33,41666667;68;1,884989071;33,41666667;Ingeniería Eléctrica;División de Ingenierías;CALCULO I;MAT1101;4 Temas Parcial 2 Cálculo I;57;1 Repaso de álgebra y geometría;4,1;1237;2 Avance entre [ 40 - 60 temas];Cumplimiento meta;4,5
202510;N;1238;N;13/01/2025 2:20:49 p. m.;202510 Pre Cálculo ING-GEO-MAT-DAt;Precálculo;13/01/2025 2:23:10 p. m.;316;62;0,533333333;2;79;32;79;17,9;24;1,285135576;17,9;Ingeniería Civil;División de Ingenierías;CALCULO I;MAT1101;3 Temas Parcial 1 Cálculo I;30;1 Repaso de álgebra y geometría;3,1;1238;1 Avance entre [ 19 - 40 temas];Cumplimiento meta;3,8
202510;N;1239;N;13/01/2025 2:20:55 p. m.;202510 Pre Cálculo ING-GEO-MAT-DAt;Precálculo;13/01/2025 2:22:13 p. m.;352;61;0,383333333;2;79;38;79;9,783333333;27;2,248658471;9,783333333;Ciencia de Datos;División de Ciencias Básicas;CALCULO I;MAT1101;3 Temas Parcial 1 Cálculo I;36;1 Repaso de álgebra y geometría;4,1;1239;1 Avance entre [ 19 - 40 temas];Cumplimiento meta;3,5
202510;N;1240;N;13/01/2025 8:53:20 a. m.;202510 Pre Cálculo ING-GEO-MAT-DAt;Precálculo;13/01/2025 8:55:33 a. m.;347;71;1,233333333;2;79;24;79;13,85;25;1,589116957;13,85;Ingeniería Sistemas Y Computac;División de Ingenierías;CALCULO I;MAT1101;2 Ecuaciones y desigualdades;22;1 Repaso de álgebra y geometría;3,5;1240;1 Avance entre [ 19 - 40 temas];No alcanzo meta;4,1
202510;N;1241;N;13/01/2025 9:12:54 a. m.;202510 Pre Cálculo ING-GEO-MAT-DAt;Precálculo;13/01/2025 9:14:36 a. m.;318;59;0,7;2;79;25;79;12,08333333;29;1,90428003;12,08333333;Ingeniería Sistemas Y Computac;División de Ingenierías;CALCULO I;MAT1101;2 Ecuaciones y desigualdades;23;1 Repaso de álgebra y geometría;2,5;1241;1 Avance entre [ 19 - 40 temas];No alcanzo meta;3
202510;N;1242;N;13/01/2025 2:21:19 p. m.;202510 Pre Cálculo ING-GEO-MAT-DAt;Precálculo;13/01/2025 2:22:54 p. m.;346;68;0,216666667;2;79;14;79;7,4;14;1,620526671;7,4;Ingeniería Civil;División de Ingenierías;CALCULO I;MAT1101;2 Ecuaciones y desigualdades;12;1 Repaso de álgebra y geometría;2,6;1242;0 Avance menor a 19 temas;No alcanzo meta;3
202510;N;1243;N;14/01/2025 1:36:45 p. m.;202510 Pre Cálculo ING-GEO-MAT-DAt;Precálculo;14/01/2025 1:38:54 p. m.;268;58;0,816666667;2;79;4;79;2,583333333;2;0,775360758;2,583333333;Ingeniería Industrial;División de Ingenierías;CALCULO I;MAT1101;1 Repaso de Álgebra y Geometría;2;1 Repaso de álgebra y geometría;2;1243;0 Avance menor a 19 temas;No alcanzo meta;1,5
202510;N;1244;N;15/01/2025 1:43:32 p. m.;202510 Pre Cálculo ING-GEO-MAT-DAt;Precálculo;15/01/2025 1:45:19 p. m.;315;61;0,633333333;2;79;17;79;23,33333333;26;0,98563215;23,33333333;Ciencia de Datos;División de Ciencias Básicas;CALCULO I;MAT1101;2 Ecuaciones y desigualdades;15;1 Repaso de álgebra y geometría;3;1244;0 Avance menor a 19 temas;No alcanzo meta;3,2
202530;N;1245;N;14/07/2025 9:07:36 a. m.;202530 Pre Cálculo ANEC;Precálculo;14/07/2025 9:14:05 a. m.;275;54;0,383333333;2;79;31;79;19,76666667;26;1,163182738;19,76666667;Administración de Empresas;Escuela de Negocios;CALCULO I (ANEC);MAT1100;3 Temas Parcial 1 Cálculo I;29;1 Repaso de álgebra y geometría;3,7;1245;1 Avance entre [ 18 - 37 temas];Cumplimiento meta;3,4
202530;N;1246;N;16/07/2025 8:27:24 a. m.;202530 Pre Cálculo ANEC;Precálculo;16/07/2025 8:33:06 a. m.;307;62;0,55;2;79;27;79;28,33333333;28;0,882525985;28,33333333;Negocios Internacionales;Escuela de Negocios;CALCULO I (ANEC);MAT1100;2 Ecuaciones y desigualdades;25;1 Repaso de álgebra y geometría;3,1;1246;1 Avance entre [ 18 - 37 temas];No alcanzo meta;3,7
202530;N;1247;N;15/07/2025 8:36:08 a. m.;202530 Pre Cálculo ANEC;Precálculo;15/07/2025 8:40:24 a. m.;307;59;0,266666667;2;79;52;79;34,05;56;1,497626311;34,05;Negocios Internacionales;Escuela de Negocios;CALCULO I (ANEC);MAT1100;3 Temas Parcial 1 Cálculo I;50;1 Repaso de álgebra y geometría;4,9;1247;2 Avance entre [ 37 - 55 temas];Cumplimiento meta;4,1
202530;N;1248;N;14/07/2025 9:07:20 a. m.;202530 Pre Cálculo ANEC;Precálculo;14/07/2025 9:10:23 a. m.;359;82;0,366666667;2;79;30;79;24,15;35;1,283584836;24,15;Economía;Div Humanidades, Artes y Cs. S;CALCULO I (ANEC);MAT1100;2 Ecuaciones y desigualdades;28;1 Repaso de álgebra y geometría;4,6;1248;1 Avance entre [ 18 - 37 temas];No alcanzo meta;3,9
202530;N;1249;N;14/07/2025 9:10:03 a. m.;202530 Pre Cálculo ANEC;Precálculo;14/07/2025 9:15:28 a. m.;336;63;0,233333333;2;79;31;79;20,8;33;1,442577405;20,8;Negocios Internacionales;Escuela de Negocios;CALCULO I (ANEC);MAT1100;3 Temas Parcial 1 Cálculo I;29;1 Repaso de álgebra y geometría;4,8;1249;1 Avance entre [ 18 - 37 temas];Cumplimiento meta;3,5
202530;N;1250;N;14/07/2025 3:08:23 p. m.;202530 Pre Cálculo ING-GEO-DAT;Precálculo;14/07/2025 3:13:02 p. m.;380;75;0,583333333;2;79;38;79;14,71666667;37;2,445098483;14,71666667;Ingeniería Sistemas Y Computac;División de Ingenierías;CALCULO I;MAT1101;3 Temas Parcial 1 Cálculo I;36;1 Repaso de álgebra y geometría;4,6;1250;1 Avance entre [ 19 - 40 temas];Cumplimiento meta;4,3
202530;N;1251;N;14/07/2025 3:13:59 p. m.;202530 Pre Cálculo ING-GEO-DAT;Precálculo;14/07/2025 3:18:01 p. m.;347;73;0,266666667;2;79;64;79;45,75;71;1,39913647;45,75;Ciencia de Datos;División de Ciencias Básicas;CALCULO I;MAT1101;4 Temas Parcial 2 Cálculo I;62;1 Repaso de álgebra y geometría;5;1251;3 Avance superior a 60 temas;Cumplimiento meta;4,1
202530;N;1252;N;14/07/2025 3:16:34 p. m.;202530 Pre Cálculo ING-GEO-DAT;Precálculo;14/07/2025 3:20:00 p. m.;303;62;1,316666667;2;79;40;79;27,43333333;27;0,874803827;27,43333333;Ingeniería Civil;División de Ingenierías;CALCULO I;MAT1101;3 Temas Parcial 1 Cálculo I;38;1 Repaso de álgebra y geometría;2,7;1252;1 Avance entre [ 19 - 40 temas];Cumplimiento meta;4,1
202530;N;1253;N;14/07/2025 3:08:04 p. m.;202530 Pre Cálculo ING-GEO-DAT;Precálculo;14/07/2025 3:12:35 p. m.;359;69;0,166666667;2;79;22;79;11,45;22;1,745962462;11,45;Ingeniería Industrial;División de Ingenierías;CALCULO I;MAT1101;2 Ecuaciones y desigualdades;20;1 Repaso de álgebra y geometría;2,3;1253;1 Avance entre [ 19 - 40 temas];No alcanzo meta;2,5
202530;N;1254;N;14/07/2025 3:07:55 p. m.;202530 Pre Cálculo ING-GEO-DAT;Precálculo;14/07/2025 3:11:43 p. m.;368;73;0,3;2;79;74;79;49,03333333;77;1,468272401;49,03333333;Ingeniería Industrial;División de Ingenierías;CALCULO I;MAT1101;4 Temas Parcial 2 Cálculo I;72;1 Repaso de álgebra y geometría;4,5;1254;3 Avance superior a 60 temas;Cumplimiento meta;4,1
202530;N;1255;N;14/07/2025 3:06:37 p. m.;202530 Pre Cálculo ING-GEO-DAT;Precálculo;14/07/2025 3:12:08 p. m.;373;68;0,383333333;2;79;45;79;16,1;56;3,167975153;16,1;Ingeniería Industrial;División de Ingenierías;CALCULO I;MAT1101;3 Temas Parcial 1 Cálculo I;43;1 Repaso de álgebra y geometría;3,9;1255;2 Avance entre [ 40 - 60 temas];Cumplimiento meta;3,9
202530;N;1256;N;14/07/2025 3:07:55 p. m.;202530 Pre Cálculo ING-GEO-DAT;Precálculo;14/07/2025 3:13:08 p. m.;401;71;0,366666667;2;79;37;79;26,46666667;40;1,322390378;26,46666667;Ingeniería Industrial;División de Ingenierías;CALCULO I;MAT1101;3 Temas Parcial 1 Cálculo I;35;1 Repaso de álgebra y geometría;4,1;1256;1 Avance entre [ 19 - 40 temas];Cumplimiento meta;3,9
202530;N;1257;N;14/07/2025 3:07:54 p. m.;202530 Pre Cálculo ING-GEO-DAT;Precálculo;14/07/2025 3:10:59 p. m.;382;78;0,266666667;2;79;32;79;24,05;46;1,49663949;24,05;Ingeniería Industrial;División de Ingenierías;CALCULO I;MAT1101;3 Temas Parcial 1 Cálculo I;30;1 Repaso de álgebra y geometría;3,1;1257;1 Avance entre [ 19 - 40 temas];Cumplimiento meta;3,1
202530;N;1258;N;14/07/2025 3:07:27 p. m.;202530 Pre Cálculo ING-GEO-DAT;Precálculo;14/07/2025 3:12:01 p. m.;382;71;0,5;2;79;34;79;13,7;35;2,33510358;13,7;Ingeniería Sistemas Y Computac;División de Ingenierías;CALCULO I;MAT1101;3 Temas Parcial 1 Cálculo I;32;1 Repaso de álgebra y geometría;2,6;1258;1 Avance entre [ 19 - 40 temas];Cumplimiento meta;3
202530;N;1259;N;14/07/2025 3:06:20 p. m.;202530 Pre Cálculo ING-GEO-DAT;Precálculo;14/07/2025 3:11:54 p. m.;382;77;0,383333333;2;79;33;79;8,466666667;34;3,664061987;8,466666667;Ingeniería Sistemas Y Computac;División de Ingenierías;CALCULO I;MAT1101;3 Temas Parcial 1 Cálculo I;31;1 Repaso de álgebra y geometría;5;1259;1 Avance entre [ 19 - 40 temas];Cumplimiento meta;4,6
202530;N;1260;N;14/07/2025 3:16:40 p. m.;202530 Pre Cálculo ING-GEO-DAT;Precálculo;14/07/2025 3:21:20 p. m.;311;62;0,45;2;79;46;79;27,6;43;1,448867066;27,6;Geología;División de Ciencias Básicas;CALCULO I;MAT1101;3 Temas Parcial 1 Cálculo I;44;1 Repaso de álgebra y geometría;1;1260;2 Avance entre [ 40 - 60 temas];Cumplimiento meta;1,5
202310;N;1261;N;13/01/2023 9:01:08 a. m.;202310 Pre-Cálculo ANEC Uninorte;Precálculo;13/01/2023 9:04:07 a. m.;388;70;0,183333333;1;79;13;79;8,316666667;13;1,443174985;8,316666667;Negocios Internacionales;Escuela de Negocios;CALCULO I (ANEC);MAT1100;2 Ecuaciones y desigualdades;12;1 Repaso de álgebra y geometría;3,9;1261;0 Avance menor a 18 temas;No alcanzo meta;3,5
202310;N;1262;N;13/01/2023 9:18:46 a. m.;202310 Pre-Cálculo ANEC Uninorte;Precálculo;13/01/2023 9:24:53 a. m.;363;72;0,3;1;79;26;79;11,56666667;27;2,16211022;11,56666667;Negocios Internacionales;Escuela de Negocios;CALCULO I (ANEC);MAT1100;2 Ecuaciones y desigualdades;25;1 Repaso de álgebra y geometría;5;1262;1 Avance entre [ 18 - 37 temas];No alcanzo meta;4,5
202310;N;1263;N;13/01/2023 8:57:56 a. m.;202310 Pre-Cálculo ANEC Uninorte;Precálculo;13/01/2023 9:05:21 a. m.;387;100;0,25;1;79;19;79;14,08333333;22;1,349804634;14,08333333;Negocios Internacionales;Escuela de Negocios;CALCULO I (ANEC);MAT1100;2 Ecuaciones y desigualdades;18;1 Repaso de álgebra y geometría;3,6;1263;1 Avance entre [ 18 - 37 temas];No alcanzo meta;4,4
202310;N;1264;N;13/01/2023 8:52:27 a. m.;202310 Pre-Cálculo ANEC Uninorte;Precálculo;13/01/2023 8:55:24 a. m.;311;66;0,35;1;79;33;79;24,86666667;36;1,286834521;24,86666667;Administración de Empresas;Escuela de Negocios;CALCULO I (ANEC);MAT1100;3 Temas Parcial 1 Cálculo I;32;1 Repaso de álgebra y geometría;2,4;1264;1 Avance entre [ 18 - 37 temas];Cumplimiento meta;3
202310;N;1265;N;14/01/2023 9:03:15 a. m.;202310 Pre-Cálculo ANEC Uninorte;Precálculo;14/01/2023 9:07:33 a. m.;276;57;0,4;1;79;4;79;2,966666667;4;1,009817672;2,966666667;Administración de Empresas;Escuela de Negocios;CALCULO I (ANEC);MAT1100;1 Repaso de Álgebra y Geometría;3;1 Repaso de álgebra y geometría;2,5;1265;0 Avance menor a 18 temas;No alcanzo meta;2,6
202310;N;1266;N;13/01/2023 8:58:00 a. m.;202310 Pre-Cálculo ANEC Uninorte;Precálculo;13/01/2023 9:04:44 a. m.;293;60;0,566666667;1;79;4;79;5,9;5;0,508091833;5,9;Economía;Div Humanidades, Artes y Cs. S;CALCULO I (ANEC);MAT1100;1 Repaso de Álgebra y Geometría;3;1 Repaso de álgebra y geometría;3;1266;0 Avance menor a 18 temas;No alcanzo meta;3,3
202310;N;1267;N;13/01/2023 9:04:52 a. m.;202310 Pre-Cálculo ANEC Uninorte;Precálculo;13/01/2023 9:08:23 a. m.;303;68;0,3;1;79;4;79;3,05;4;0,986031224;3,05;Administración de Empresas;Escuela de Negocios;CALCULO I (ANEC);MAT1100;1 Repaso de Álgebra y Geometría;3;1 Repaso de álgebra y geometría;3,4;1267;0 Avance menor a 18 temas;No alcanzo meta;3,2
202310;N;1268;N;13/01/2023 8:58:00 a. m.;202310 Pre-Cálculo ANEC Uninorte;Precálculo;13/01/2023 9:04:45 a. m.;217;55;0,266666667;1;79;4;79;7,65;4;0,392171103;7,65;Economía;Div Humanidades, Artes y Cs. S;CALCULO I (ANEC);MAT1100;1 Repaso de Álgebra y Geometría;3;1 Repaso de álgebra y geometría;2,3;1268;0 Avance menor a 18 temas;No alcanzo meta;1,5
202310;N;1269;N;13/01/2023 9:06:29 a. m.;202310 Pre-Cálculo ANEC Uninorte;Precálculo;13/01/2023 9:09:37 a. m.;323;69;0,566666667;1;79;5;79;6,766666667;6;0,590987442;6,766666667;Contaduría Pública;Escuela de Negocios;CALCULO I (ANEC);MAT1100;1 Repaso de Álgebra y Geometría;4;1 Repaso de álgebra y geometría;2;1269;0 Avance menor a 18 temas;No alcanzo meta;3
202310;N;1270;N;13/01/2023 8:59:15 a. m.;202310 Pre-Cálculo ANEC Uninorte;Precálculo;13/01/2023 9:08:01 a. m.;277;52;0,316666667;1;79;6;79;8,75;10;0,571428571;8,75;Administración de Empresas;Escuela de Negocios;CALCULO I (ANEC);MAT1100;1 Repaso de Álgebra y Geometría;5;1 Repaso de álgebra y geometría;1,7;1270;0 Avance menor a 18 temas;No alcanzo meta;2,5
202310;N;1271;N;13/01/2023 9:15:49 a. m.;202310 Pre-Cálculo ANEC Uninorte;Precálculo;13/01/2023 9:20:20 a. m.;345;72;0,116666667;1;79;6;79;3,483333333;5;1,437470053;3,483333333;Negocios Internacionales;Escuela de Negocios;CALCULO I (ANEC);MAT1100;1 Repaso de Álgebra y Geometría;5;1 Repaso de álgebra y geometría;4,5;1271;0 Avance menor a 18 temas;No alcanzo meta;3,8
202310;N;1272;N;13/01/2023 8:58:01 a. m.;202310 Pre-Cálculo ANEC Uninorte;Precálculo;13/01/2023 9:02:46 a. m.;307;58;0,15;1;79;10;79;5,6;9;1,60602756;5,6;Negocios Internacionales;Escuela de Negocios;CALCULO I (ANEC);MAT1100;1 Repaso de Álgebra y Geometría;9;1 Repaso de álgebra y geometría;4,3;1272;0 Avance menor a 18 temas;No alcanzo meta;3,6
202310;N;1273;N;13/01/2023 8:50:50 a. m.;202310 Pre-Cálculo ANEC Uninorte;Precálculo;13/01/2023 8:54:57 a. m.;306;62;0,416666667;1;79;10;79;5,766666667;11;1,56046814;5,766666667;Administración de Empresas;Escuela de Negocios;CALCULO I (ANEC);MAT1100;1 Repaso de Álgebra y Geometría;9;1 Repaso de álgebra y geometría;1,4;1273;0 Avance menor a 18 temas;No alcanzo meta;1,5
202310;N;1274;N;13/01/2023 8:58:52 a. m.;202310 Pre-Cálculo ANEC Uninorte;Precálculo;13/01/2023 9:02:43 a. m.;319;69;0,333333333;1;79;10;79;4,95;10;1,820224719;4,95;Negocios Internacionales;Escuela de Negocios;CALCULO I (ANEC);MAT1100;1 Repaso de Álgebra y Geometría;9;1 Repaso de álgebra y geometría;4,7;1274;0 Avance menor a 18 temas;No alcanzo meta;3,3
202310;N;1275;N;13/01/2023 9:16:27 a. m.;202310 Pre-Cálculo ANEC Uninorte;Precálculo;13/01/2023 9:22:36 a. m.;304;68;0,45;1;79;11;79;4,85;11;2,065049045;4,85;Negocios Internacionales;Escuela de Negocios;CALCULO I (ANEC);MAT1100;2 Ecuaciones y desigualdades;10;1 Repaso de álgebra y geometría;2,4;1275;0 Avance menor a 18 temas;No alcanzo meta;3,6
202310;N;1276;N;14/01/2023 8:49:29 a. m.;202310 Pre-Cálculo ANEC Uninorte;Precálculo;14/01/2023 9:05:11 a. m.;360;80;0,25;1;79;11;79;8,283333333;12;1,206838753;8,283333333;Negocios Internacionales;Escuela de Negocios;CALCULO I (ANEC);MAT1100;2 Ecuaciones y desigualdades;10;1 Repaso de álgebra y geometría;4,3;1276;0 Avance menor a 18 temas;No alcanzo meta;3,7
202310;N;1277;N;13/01/2023 8:52:48 a. m.;202310 Pre-Cálculo ANEC Uninorte;Precálculo;13/01/2023 8:57:15 a. m.;338;75;0,2;1;79;12;79;5,266666667;13;2,087616638;5,266666667;Administración de Empresas;Escuela de Negocios;CALCULO I (ANEC);MAT1100;2 Ecuaciones y desigualdades;11;1 Repaso de álgebra y geometría;1;1277;0 Avance menor a 18 temas;No alcanzo meta;1,5
202310;N;1278;N;13/01/2023 8:50:04 a. m.;202310 Pre-Cálculo ANEC Uninorte;Precálculo;13/01/2023 8:54:23 a. m.;338;67;0,416666667;1;79;23;79;12,11666667;22;1,651262528;12,11666667;Administración de Empresas;Escuela de Negocios;CALCULO I (ANEC);MAT1100;2 Ecuaciones y desigualdades;22;1 Repaso de álgebra y geometría;4,4;1278;1 Avance entre [ 18 - 37 temas];No alcanzo meta;3,6
202310;N;1279;N;20/01/2023 8:30:14 a. m.;202310 Pre-Cálculo ANEC Uninorte;Precálculo;20/01/2023 8:33:57 a. m.;329;69;0,183333333;1;79;25;79;9,033333333;25;2,656336469;9,033333333;Negocios Internacionales;Escuela de Negocios;CALCULO I (ANEC);MAT1100;2 Ecuaciones y desigualdades;24;1 Repaso de álgebra y geometría;3;1279;1 Avance entre [ 18 - 37 temas];No alcanzo meta;3,9
202310;N;1280;N;14/01/2023 9:00:01 a. m.;202310 Precálculo ING-GEO;Precálculo;14/01/2023 9:04:13 a. m.;304;52;0,6;1;79;26;79;15,18333333;35;1,975706132;15,18333333;Ingeniería Mecánica;División de Ingenierías;CALCULO I;MAT1101;2 Ecuaciones y desigualdades;25;1 Repaso de álgebra y geometría;2,2;1280;1 Avance entre [ 19 - 40 temas];No alcanzo meta;3
202310;N;1281;N;13/01/2023 8:48:01 a. m.;202310 Precálculo ING-GEO;Precálculo;13/01/2023 8:51:50 a. m.;299;67;0,283333333;1;79;35;79;22,33333333;36;1,567105705;22,33333333;Ingeniería Civil;División de Ingenierías;CALCULO I;MAT1101;3 Temas Parcial 1 Cálculo I;34;1 Repaso de álgebra y geometría;4,6;1281;1 Avance entre [ 19 - 40 temas];Cumplimiento meta;3,4
202310;N;1282;N;16/01/2023 8:39:10 a. m.;202310 Precálculo ING-GEO;Precálculo;16/01/2023 8:45:06 a. m.;323;70;0,366666667;1;79;25;79;14,26666667;28;1,611521993;14,26666667;Ingeniería Industrial;División de Ingenierías;CALCULO I;MAT1101;2 Ecuaciones y desigualdades;24;1 Repaso de álgebra y geometría;3,9;1282;1 Avance entre [ 19 - 40 temas];No alcanzo meta;3,6
202310;N;1283;N;13/01/2023 8:56:35 a. m.;202310 Precálculo ING-GEO;Precálculo;13/01/2023 9:00:25 a. m.;338;69;0,25;1;79;27;79;16,85;25;1,306262473;16,85;Ingeniería Civil;División de Ingenierías;CALCULO I;MAT1101;2 Ecuaciones y desigualdades;26;1 Repaso de álgebra y geometría;1,9;1283;1 Avance entre [ 19 - 40 temas];No alcanzo meta;2,5
202310;N;1284;N;13/01/2023 8:57:25 a. m.;202310 Precálculo ING-GEO;Precálculo;13/01/2023 9:02:11 a. m.;349;76;0,233333333;1;79;35;79;27,05;39;1,219674959;27,05;Geología;División de Ciencias Básicas;CALCULO I;MAT1101;3 Temas Parcial 1 Cálculo I;34;1 Repaso de álgebra y geometría;3;1284;1 Avance entre [ 19 - 40 temas];Cumplimiento meta;3,7
202310;N;1285;N;13/01/2023 8:54:10 a. m.;202310 Precálculo ING-GEO;Precálculo;13/01/2023 8:59:13 a. m.;342;72;1,2;1;79;20;79;10,81666667;21;1,755917236;10,81666667;Ingeniería Electrónica;División de Ingenierías;CALCULO I;MAT1101;2 Ecuaciones y desigualdades;19;1 Repaso de álgebra y geometría;3;1285;1 Avance entre [ 19 - 40 temas];No alcanzo meta;3,1
202310;N;1286;N;13/01/2023 8:49:28 a. m.;202310 Precálculo ING-GEO;Precálculo;13/01/2023 8:58:54 a. m.;300;66;0,25;1;79;30;79;15,21666667;33;1,970946784;15,21666667;Ingeniería Industrial;División de Ingenierías;CALCULO I;MAT1101;2 Ecuaciones y desigualdades;29;1 Repaso de álgebra y geometría;3,3;1286;1 Avance entre [ 19 - 40 temas];No alcanzo meta;3
202310;N;1287;N;13/01/2023 8:57:41 a. m.;202310 Precálculo ING-GEO;Precálculo;13/01/2023 9:02:31 a. m.;302;57;0,166666667;1;79;33;79;17,66666667;41;1,81100753;17,66666667;Ingeniería Sistemas Y Computac;División de Ingenierías;CALCULO I;MAT1101;3 Temas Parcial 1 Cálculo I;32;1 Repaso de álgebra y geometría;3,8;1287;1 Avance entre [ 19 - 40 temas];Cumplimiento meta;3,4
202310;N;1288;N;13/01/2023 9:00:19 a. m.;202310 Precálculo ING-GEO;Precálculo;13/01/2023 9:03:08 a. m.;356;69;0,183333333;1;79;29;79;18,26666667;37;1,642210902;18,26666667;Ingeniería Sistemas Y Computac;División de Ingenierías;CALCULO I;MAT1101;2 Ecuaciones y desigualdades;28;1 Repaso de álgebra y geometría;3,5;1288;1 Avance entre [ 19 - 40 temas];No alcanzo meta;4,2
202310;N;1289;N;14/01/2023 8:58:22 a. m.;202310 Precálculo ING-GEO;Precálculo;14/01/2023 9:08:18 a. m.;375;75;1,016666667;1;79;30;79;13,7;26;1,679581322;13,7;Ingeniería Industrial;División de Ingenierías;CALCULO I;MAT1101;2 Ecuaciones y desigualdades;29;1 Repaso de álgebra y geometría;3,7;1289;1 Avance entre [ 19 - 40 temas];No alcanzo meta;3,6
202310;N;1290;N;13/01/2023 8:58:27 a. m.;202310 Precálculo ING-GEO;Precálculo;13/01/2023 9:06:12 a. m.;221;67;0,533333333;1;79;4;79;12,68333333;16;0,236681204;12,68333333;Ingeniería Sistemas Y Computac;División de Ingenierías;CALCULO I;MAT1101;1 Repaso de Álgebra y Geometría;3;1 Repaso de álgebra y geometría;1,2;1290;0 Avance menor a 19 temas;No alcanzo meta;2
202310;N;1291;N;13/01/2023 8:48:59 a. m.;202310 Precálculo ING-GEO;Precálculo;13/01/2023 8:52:19 a. m.;398;77;0,383333333;1;79;42;79;23,88333333;44;1,465218504;23,88333333;Ingeniería Industrial;División de Ingenierías;CALCULO I;MAT1101;3 Temas Parcial 1 Cálculo I;41;1 Repaso de álgebra y geometría;3,8;1291;2 Avance entre [ 40 - 60 temas];Cumplimiento meta;4,1
202310;N;1292;N;20/01/2023 1:55:31 p. m.;202310 Precálculo ING-GEO;Precálculo;20/01/2023 2:02:34 p. m.;217;36;0,216666667;1;79;2;79;3,3;2;0,302368554;3,3;Geología;División de Ciencias Básicas;CALCULO I;MAT1101;1 Repaso de Álgebra y Geometría;1;1 Repaso de álgebra y geometría;0,8;1292;0 Avance menor a 19 temas;No alcanzo meta;1,5
202310;N;1293;N;13/01/2023 8:57:45 a. m.;202310 Precálculo ING-GEO;Precálculo;13/01/2023 9:01:43 a. m.;345;74;0,3;1;79;4;79;2,916666667;4;1,025738437;2,916666667;Ingeniería Sistemas Y Computac;División de Ingenierías;CALCULO I;MAT1101;1 Repaso de Álgebra y Geometría;3;1 Repaso de álgebra y geometría;2,4;1293;0 Avance menor a 19 temas;No alcanzo meta;3
202310;N;1294;N;13/01/2023 8:57:37 a. m.;202310 Precálculo ING-GEO;Precálculo;13/01/2023 9:01:14 a. m.;360;79;0,35;1;79;4;79;2,866666667;4;1,048340128;2,866666667;Ingeniería Sistemas Y Computac;División de Ingenierías;CALCULO I;MAT1101;1 Repaso de Álgebra y Geometría;3;1 Repaso de álgebra y geometría;5;1294;0 Avance menor a 19 temas;No alcanzo meta;3,5
202310;N;1295;N;14/01/2023 8:52:50 a. m.;202310 Precálculo ING-GEO;Precálculo;14/01/2023 9:03:09 a. m.;355;72;0,45;1;79;4;79;3,166666667;4;0,946206413;3,166666667;Ingeniería Civil;División de Ingenierías;CALCULO I;MAT1101;1 Repaso de Álgebra y Geometría;3;1 Repaso de álgebra y geometría;2,3;1295;0 Avance menor a 19 temas;No alcanzo meta;3
202310;N;1296;N;13/01/2023 8:48:37 a. m.;202310 Precálculo ING-GEO;Precálculo;13/01/2023 8:53:32 a. m.;320;67;0,216666667;1;79;5;79;4,216666667;5;0,947243784;4,216666667;Geología;División de Ciencias Básicas;CALCULO I;MAT1101;1 Repaso de Álgebra y Geometría;4;1 Repaso de álgebra y geometría;1,8;1296;0 Avance menor a 19 temas;No alcanzo meta;1,5
202310;N;1297;N;13/01/2023 9:02:23 a. m.;202310 Precálculo ING-GEO;Precálculo;13/01/2023 9:06:35 a. m.;329;71;0,883333333;1;79;5;79;3,666666667;4;1,089670829;3,666666667;Ingeniería Mecánica;División de Ingenierías;CALCULO I;MAT1101;1 Repaso de Álgebra y Geometría;4;1 Repaso de álgebra y geometría;1,6;1297;0 Avance menor a 19 temas;No alcanzo meta;1,5
202310;N;1298;N;13/01/2023 8:57:12 a. m.;202310 Precálculo ING-GEO;Precálculo;13/01/2023 9:02:46 a. m.;345;68;0,283333333;1;79;5;79;7,516666667;5;0,531639962;7,516666667;Ingeniería Civil;División de Ingenierías;CALCULO I;MAT1101;1 Repaso de Álgebra y Geometría;4;1 Repaso de álgebra y geometría;1,7;1298;0 Avance menor a 19 temas;No alcanzo meta;2,3
202310;N;1299;N;13/01/2023 9:02:35 a. m.;202310 Precálculo ING-GEO;Precálculo;13/01/2023 9:06:56 a. m.;351;69;0,35;1;79;5;79;8;8;0,500417014;8;Ingeniería Electrónica;División de Ingenierías;CALCULO I;MAT1101;1 Repaso de Álgebra y Geometría;4;1 Repaso de álgebra y geometría;2;1299;0 Avance menor a 19 temas;No alcanzo meta;2,6
202310;N;1300;N;13/01/2023 8:55:40 a. m.;202310 Precálculo ING-GEO;Precálculo;13/01/2023 9:07:56 a. m.;254;54;0,383333333;1;79;7;79;5,8;7;1,033146793;5,8;Ingeniería Sistemas Y Computac;División de Ingenierías;CALCULO I;MAT1101;1 Repaso de Álgebra y Geometría;6;1 Repaso de álgebra y geometría;1,6;1300;0 Avance menor a 19 temas;No alcanzo meta;3,2
202310;N;1301;N;16/01/2023 8:22:39 a. m.;202310 Precálculo ING-GEO;Precálculo;16/01/2023 8:29:02 a. m.;312;62;0,383333333;1;79;9;79;3,6;8;2,221193892;3,6;Ingeniería Sistemas Y Computac;División de Ingenierías;CALCULO I;MAT1101;1 Repaso de Álgebra y Geometría;8;1 Repaso de álgebra y geometría;2;1301;0 Avance menor a 19 temas;No alcanzo meta;1,5
202310;N;1302;N;13/01/2023 8:48:09 a. m.;202310 Precálculo ING-GEO;Precálculo;13/01/2023 8:52:43 a. m.;321;63;0,183333333;1;79;13;79;4,633333333;12;2,5879111;4,633333333;Ingeniería Civil;División de Ingenierías;CALCULO I;MAT1101;2 Ecuaciones y desigualdades;12;1 Repaso de álgebra y geometría;0,7;1302;0 Avance menor a 19 temas;No alcanzo meta;1,5
202310;N;1303;N;13/01/2023 8:56:48 a. m.;202310 Precálculo ING-GEO;Precálculo;13/01/2023 9:02:04 a. m.;384;71;0,35;1;79;13;79;10,1;15;1,188739991;10,1;Ingeniería Sistemas Y Computac;División de Ingenierías;CALCULO I;MAT1101;2 Ecuaciones y desigualdades;12;1 Repaso de álgebra y geometría;2,5;1303;0 Avance menor a 19 temas;No alcanzo meta;3,1
202310;N;1304;N;13/01/2023 8:51:57 a. m.;202310 Precálculo ING-GEO;Precálculo;13/01/2023 8:57:03 a. m.;399;81;0,483333333;1;79;14;79;6,483333333;15;2,004797807;6,483333333;Ingeniería Industrial;División de Ingenierías;CALCULO I;MAT1101;2 Ecuaciones y desigualdades;13;1 Repaso de álgebra y geometría;4,4;1304;0 Avance menor a 19 temas;No alcanzo meta;3,9
202310;N;1305;N;13/01/2023 8:50:07 a. m.;202310 Precálculo ING-GEO;Precálculo;13/01/2023 8:56:26 a. m.;338;69;0,433333333;1;79;22;79;8,133333333;21;2,579764545;8,133333333;Ingeniería Industrial;División de Ingenierías;CALCULO I;MAT1101;2 Ecuaciones y desigualdades;21;1 Repaso de álgebra y geometría;4,8;1305;1 Avance entre [ 19 - 40 temas];No alcanzo meta;3,6
202310;N;1306;N;13/01/2023 8:57:32 a. m.;202310 Precálculo ING-GEO;Precálculo;13/01/2023 9:00:40 a. m.;257;37;0,35;1;79;24;79;15,65;25;1,470274877;15,65;Ingeniería Sistemas Y Computac;División de Ingenierías;CALCULO I;MAT1101;2 Ecuaciones y desigualdades;23;1 Repaso de álgebra y geometría;2,4;1306;1 Avance entre [ 19 - 40 temas];No alcanzo meta;3
202310;N;1307;N;13/01/2023 9:06:23 a. m.;202310 Precálculo ING-GEO;Precálculo;13/01/2023 9:12:51 a. m.;320;60;0,933333333;1;79;24;79;10,01666667;23;2,295027441;10,01666667;Ingeniería Industrial;División de Ingenierías;CALCULO I;MAT1101;2 Ecuaciones y desigualdades;23;1 Repaso de álgebra y geometría;3,6;1307;1 Avance entre [ 19 - 40 temas];No alcanzo meta;3,3
202310;N;1308;N;13/01/2023 8:44:01 a. m.;202310 Precálculo ING-GEO;Precálculo;13/01/2023 8:47:56 a. m.;434;100;0,183333333;1;79;29;79;8,5;28;3,29218107;8,5;Ingeniería Mecánica;División de Ingenierías;CALCULO I;MAT1101;2 Ecuaciones y desigualdades;28;1 Repaso de álgebra y geometría;4,6;1308;1 Avance entre [ 19 - 40 temas];No alcanzo meta;3,8
202310;N;1309;N;13/01/2023 8:57:42 a. m.;202310 Precálculo ING-GEO;Precálculo;13/01/2023 9:02:42 a. m.;371;100;0,466666667;1;79;32;79;24,15;32;1,242093157;24,15;Ingeniería Sistemas Y Computac;División de Ingenierías;CALCULO I;MAT1101;3 Temas Parcial 1 Cálculo I;31;1 Repaso de álgebra y geometría;3;1309;1 Avance entre [ 19 - 40 temas];Cumplimiento meta;1,5
202310;N;1310;N;13/01/2023 8:49:52 a. m.;202310 Precálculo ING-GEO;Precálculo;13/01/2023 8:56:31 a. m.;349;64;0,35;1;79;33;79;14,35;32;2,091280522;14,35;Ingeniería Industrial;División de Ingenierías;CALCULO I;MAT1101;3 Temas Parcial 1 Cálculo I;32;1 Repaso de álgebra y geometría;3,7;1310;1 Avance entre [ 19 - 40 temas];Cumplimiento meta;3,7
202310;N;1311;N;13/01/2023 8:48:35 a. m.;202310 Precálculo ING-GEO;Precálculo;13/01/2023 8:52:38 a. m.;366;73;0,416666667;1;79;34;79;15,06666667;35;2,256096437;15,06666667;Ingeniería Civil;División de Ingenierías;CALCULO I;MAT1101;3 Temas Parcial 1 Cálculo I;33;1 Repaso de álgebra y geometría;3,1;1311;1 Avance entre [ 19 - 40 temas];Cumplimiento meta;3,2
202310;N;1312;N;13/01/2023 8:57:26 a. m.;202310 Precálculo ING-GEO;Precálculo;13/01/2023 9:01:14 a. m.;387;77;0,216666667;1;79;36;79;8,416666667;29;3,207709062;8,416666667;Ingeniería Sistemas Y Computac;División de Ingenierías;CALCULO I;MAT1101;3 Temas Parcial 1 Cálculo I;35;1 Repaso de álgebra y geometría;4,6;1312;1 Avance entre [ 19 - 40 temas];Cumplimiento meta;3,9
202310;N;1313;N;13/01/2023 8:43:13 a. m.;202310 Precálculo ING-GEO;Precálculo;13/01/2023 8:46:27 a. m.;382;70;0,383333333;1;79;42;79;21,16666667;46;1,937694459;21,16666667;Ingeniería Mecánica;División de Ingenierías;CALCULO I;MAT1101;3 Temas Parcial 1 Cálculo I;41;1 Repaso de álgebra y geometría;3,4;1313;2 Avance entre [ 40 - 60 temas];Cumplimiento meta;3,2
202330;N;1314;N;26/06/2023 9:15:46 a. m.;202330 Pre-Cálculo ANEC;Precálculo;26/06/2023 9:22:07 a. m.;287;64;0,45;1;79;30;79;42,93333333;35;0,628792486;42,93333333;Administración de Empresas;Escuela de Negocios;CALCULO I (ANEC);MAT1100;2 Ecuaciones y desigualdades;29;1 Repaso de álgebra y geometría;2,7;1314;1 Avance entre [ 18 - 37 temas];No alcanzo meta;3,2
202330;N;1315;N;26/06/2023 9:12:38 a. m.;202330 Pre-Cálculo ANEC;Precálculo;26/06/2023 9:20:01 a. m.;333;70;0,316666667;1;79;34;79;23,16666667;42;1,511026899;23,16666667;Negocios Internacionales;Escuela de Negocios;CALCULO I (ANEC);MAT1100;3 Temas Parcial 1 Cálculo I;33;1 Repaso de álgebra y geometría;3,9;1315;1 Avance entre [ 18 - 37 temas];Cumplimiento meta;3,8
202330;N;1316;N;26/06/2023 9:13:17 a. m.;202330 Pre-Cálculo ANEC;Precálculo;26/06/2023 9:20:10 a. m.;337;64;0,266666667;1;79;39;79;33,48333333;54;1,433430112;33,48333333;Negocios Internacionales;Escuela de Negocios;CALCULO I (ANEC);MAT1100;3 Temas Parcial 1 Cálculo I;38;1 Repaso de álgebra y geometría;3,1;1316;2 Avance entre [ 37 - 55 temas];Cumplimiento meta;2,6
202330;N;1317;N;10/07/2023 9:40:52 a. m.;202330 Pre-Cálculo ANEC;Precálculo;10/07/2023 9:48:31 a. m.;277;58;0,583333333;1;79;10;79;7,566666667;11;1,188554659;7,566666667;Negocios Internacionales;Escuela de Negocios;CALCULO I (ANEC);MAT1100;1 Repaso de Álgebra y Geometría;9;1 Repaso de álgebra y geometría;4,8;1317;0 Avance menor a 18 temas;No alcanzo meta;3,6
202330;N;1318;N;10/07/2023 9:39:58 a. m.;202330 Pre-Cálculo ANEC;Precálculo;10/07/2023 9:45:26 a. m.;317;60;0,283333333;1;79;19;79;15,05;18;1,196211995;15,05;Negocios Internacionales;Escuela de Negocios;CALCULO I (ANEC);MAT1100;2 Ecuaciones y desigualdades;18;1 Repaso de álgebra y geometría;4,3;1318;1 Avance entre [ 18 - 37 temas];No alcanzo meta;3,5
202330;N;1319;N;10/07/2023 9:39:50 a. m.;202330 Pre-Cálculo ANEC;Precálculo;10/07/2023 9:45:39 a. m.;323;67;0,25;1;79;31;79;18,35;38;1,7983379;18,35;Negocios Internacionales;Escuela de Negocios;CALCULO I (ANEC);MAT1100;3 Temas Parcial 1 Cálculo I;30;1 Repaso de álgebra y geometría;4,2;1319;1 Avance entre [ 18 - 37 temas];Cumplimiento meta;4,1
202330;N;1320;N;21/07/2023 8:43:22 a. m.;202330 Pre-Cálculo ANEC;Precálculo;21/07/2023 8:48:14 a. m.;345;69;0,233333333;1;79;12;79;5,816666667;11;1,890846584;5,816666667;Negocios Internacionales;Escuela de Negocios;CALCULO I (ANEC);MAT1100;2 Ecuaciones y desigualdades;11;1 Repaso de álgebra y geometría;4,5;1320;0 Avance menor a 18 temas;No alcanzo meta;4,7
202330;N;1321;N;11/07/2023 8:57:31 a. m.;202330 Pre-Cálculo ANEC;Precálculo;11/07/2023 9:06:02 a. m.;303;60;0,183333333;1;79;7;79;4,366666667;8;1,374308074;4,366666667;Administración de Empresas;Escuela de Negocios;CALCULO I (ANEC);MAT1100;1 Repaso de Álgebra y Geometría;6;1 Repaso de álgebra y geometría;5;1321;0 Avance menor a 18 temas;No alcanzo meta;4,1
202330;N;1322;N;28/06/2023 8:39:22 a. m.;202330 Pre-Cálculo ANEC;Precálculo;28/06/2023 8:56:43 a. m.;235;55;0,316666667;1;79;31;79;47,46666667;46;0,716283751;47,46666667;Contaduría Pública;Escuela de Negocios;CALCULO I (ANEC);MAT1100;3 Temas Parcial 1 Cálculo I;30;1 Repaso de álgebra y geometría;2,3;1322;1 Avance entre [ 18 - 37 temas];Cumplimiento meta;3,1
202330;N;1323;N;26/06/2023 9:12:08 a. m.;202330 Pre-Cálculo ANEC;Precálculo;26/06/2023 9:19:57 a. m.;368;70;0,283333333;1;79;79;79;40,96666667;97;2,196654847;40,96666667;Negocios Internacionales;Escuela de Negocios;CALCULO I (ANEC);MAT1100;4 Temas Parcial 2 Cálculo I;78;1 Repaso de álgebra y geometría;5;1323;3 Avance superior a 55 temas;Cumplimiento meta;4
202330;N;1324;N;21/07/2023 2:35:13 p. m.;202330 Pre-Cálculo ANEC;Precálculo;21/07/2023 2:41:02 p. m.;335;72;0,583333333;1;79;4;79;2,2;4;1,362088536;2,2;Economía;Div Humanidades, Artes y Cs. S;CALCULO I (ANEC);MAT1100;1 Repaso de Álgebra y Geometría;3;1 Repaso de álgebra y geometría;3,6;1324;0 Avance menor a 18 temas;No alcanzo meta;4,1
202330;N;1325;N;10/07/2023 9:39:56 a. m.;202330 Pre-Cálculo ANEC;Precálculo;10/07/2023 9:44:28 a. m.;315;69;0,2;1;79;7;79;8,966666667;12;0,66968438;8,966666667;Administración de Empresas;Escuela de Negocios;CALCULO I (ANEC);MAT1100;1 Repaso de Álgebra y Geometría;6;1 Repaso de álgebra y geometría;2,1;1325;0 Avance menor a 18 temas;No alcanzo meta;3
202330;N;1326;N;21/07/2023 8:44:11 a. m.;202330 Pre-Cálculo ANEC;Precálculo;21/07/2023 8:49:57 a. m.;303;61;0,166666667;1;79;13;79;12,63333333;13;0,950181458;12,63333333;Contaduría Pública;Escuela de Negocios;CALCULO I (ANEC);MAT1100;2 Ecuaciones y desigualdades;12;1 Repaso de álgebra y geometría;3,7;1326;0 Avance menor a 18 temas;No alcanzo meta;3,8
202330;N;1327;N;4/07/2023 8:52:24 a. m.;202330 Pre-Cálculo ANEC;Precálculo;4/07/2023 8:58:30 a. m.;289;62;0,383333333;1;79;32;79;15,01666667;35;2,130807931;15,01666667;Negocios Internacionales;Escuela de Negocios;CALCULO I (ANEC);MAT1100;3 Temas Parcial 1 Cálculo I;31;1 Repaso de álgebra y geometría;4,6;1327;1 Avance entre [ 18 - 37 temas];Cumplimiento meta;4,5
202330;N;1328;N;26/06/2023 9:13:13 a. m.;202330 Pre-Cálculo ANEC;Precálculo;26/06/2023 9:20:12 a. m.;350;73;0,483333333;1;79;42;79;32,56666667;62;1,320593755;32,56666667;Negocios Internacionales;Escuela de Negocios;CALCULO I (ANEC);MAT1100;3 Temas Parcial 1 Cálculo I;41;1 Repaso de álgebra y geometría;2,7;1328;2 Avance entre [ 37 - 55 temas];Cumplimiento meta;4,2
202330;N;341;N;21/07/2023 2:12:20 p. m.;202330 Pre-Cálculo ANEC;Precálculo;21/07/2023 2:28:14 p. m.;347;76;0,683333333;1;79;10;79;5,233333333;9;1,719197708;5,233333333;Negocios Internacionales;Escuela de Negocios;CALCULO I (ANEC);MAT1100;1 Repaso de Álgebra y Geometría;9;1 Repaso de álgebra y geometría;5;341;0 Avance menor a 18 temas;No alcanzo meta;4,7
202330;N;1329;N;26/06/2023 9:13:13 a. m.;202330 Pre-Cálculo ANEC;Precálculo;26/06/2023 9:20:09 a. m.;350;72;0,1;1;79;27;79;19,75;39;1,569487807;19,75;Administración de Empresas;Escuela de Negocios;CALCULO I (ANEC);MAT1100;2 Ecuaciones y desigualdades;26;1 Repaso de álgebra y geometría;4,4;1329;1 Avance entre [ 18 - 37 temas];No alcanzo meta;4,2
202330;N;1330;N;17/07/2023 8:58:27 a. m.;202330 Pre-Cálculo ANEC;Precálculo;17/07/2023 9:06:34 a. m.;280;68;0,066666667;1;79;3;79;4,066666667;3;0,491232858;4,066666667;Administración de Empresas;Escuela de Negocios;CALCULO I (ANEC);MAT1100;1 Repaso de Álgebra y Geometría;2;1 Repaso de álgebra y geometría;2,2;1330;0 Avance menor a 18 temas;No alcanzo meta;2,4
202330;N;1331;N;26/06/2023 9:14:07 a. m.;202330 Pre-Cálculo ANEC;Precálculo;26/06/2023 9:19:56 a. m.;335;69;0,183333333;1;79;42;79;40,63333333;56;1,107563565;40,63333333;Negocios Internacionales;Escuela de Negocios;CALCULO I (ANEC);MAT1100;3 Temas Parcial 1 Cálculo I;41;1 Repaso de álgebra y geometría;3,7;1331;2 Avance entre [ 37 - 55 temas];Cumplimiento meta;4,4
202330;N;1332;N;29/06/2023 9:06:14 a. m.;202330 Precálculo ING-GEO;Precálculo;29/06/2023 9:09:40 a. m.;363;70;0,183333333;1;79;60;79;54,6;88;1,465119473;54,6;Ingeniería Sistemas Y Computac;División de Ingenierías;CALCULO I;MAT1101;4 Temas Parcial 2 Cálculo I;59;1 Repaso de álgebra y geometría;1,7;1332;2 Avance entre [ 40 - 60 temas];Cumplimiento meta;3
202330;N;1333;N;17/07/2023 8:47:29 a. m.;202330 Precálculo ING-GEO;Precálculo;17/07/2023 8:52:14 a. m.;357;63;0,283333333;1;79;5;79;1,85;4;2,158273381;1,85;Ingeniería Sistemas Y Computac;División de Ingenierías;CALCULO I;MAT1101;1 Repaso de Álgebra y Geometría;4;1 Repaso de álgebra y geometría;3,3;1333;0 Avance menor a 19 temas;No alcanzo meta;2,1
202330;N;1334;N;12/07/2023 8:21:55 a. m.;202330 Precálculo ING-GEO;Precálculo;12/07/2023 8:27:18 a. m.;358;72;0,25;1;79;36;79;11,15;35;3,048643802;11,15;Ingeniería Sistemas Y Computac;División de Ingenierías;CALCULO I;MAT1101;3 Temas Parcial 1 Cálculo I;35;1 Repaso de álgebra y geometría;4,5;1334;1 Avance entre [ 19 - 40 temas];Cumplimiento meta;4,1
202330;N;1335;N;10/07/2023 8:45:39 a. m.;202330 Precálculo ING-GEO;Precálculo;10/07/2023 8:55:16 a. m.;329;73;0,533333333;1;79;22;79;19,18333333;25;1,146729216;19,18333333;Ingeniería Sistemas Y Computac;División de Ingenierías;CALCULO I;MAT1101;2 Ecuaciones y desigualdades;21;1 Repaso de álgebra y geometría;2,8;1335;1 Avance entre [ 19 - 40 temas];No alcanzo meta;3,3
202330;N;1336;N;11/08/2023 9:19:01 p. m.;202330 Precálculo ING-GEO;Precálculo;12/08/2023 5:39:35 p. m.;279;60;0,05;1;79;3;79;2,5;3;0,798668885;2,5;Ingeniería Sistemas Y Computac;División de Ingenierías;CALCULO I;MAT1101;1 Repaso de Álgebra y Geometría;2;1 Repaso de álgebra y geometría;1,7;1336;0 Avance menor a 19 temas;No alcanzo meta;1,5
202330;N;1337;N;21/07/2023 8:08:37 a. m.;202330 Precálculo ING-GEO;Precálculo;21/07/2023 8:22:31 a. m.;291;65;0,5;1;79;1;79;5,833333333;5;0;5,833333333;Ingeniería Sistemas Y Computac;División de Ingenierías;CALCULO I;MAT1101;1 Repaso de Álgebra y Geometría;0;1 Repaso de álgebra y geometría;1,3;1337;0 Avance menor a 19 temas;No alcanzo meta;1,5
202330;N;1338;N;10/07/2023 8:44:37 a. m.;202330 Precálculo ING-GEO;Precálculo;10/07/2023 8:49:14 a. m.;351;65;0,133333333;1;79;31;79;14,05;33;2,205882353;14,05;Ingeniería Industrial;División de Ingenierías;CALCULO I;MAT1101;3 Temas Parcial 1 Cálculo I;30;1 Repaso de álgebra y geometría;4,3;1338;1 Avance entre [ 19 - 40 temas];Cumplimiento meta;4
202330;N;1339;N;21/07/2023 1:55:25 p. m.;202330 Precálculo ING-GEO;Precálculo;21/07/2023 2:07:04 p. m.;348;77;0,583333333;1;79;19;79;16,15;21;1,114474408;16,15;Ingeniería Civil;División de Ingenierías;CALCULO I;MAT1101;2 Ecuaciones y desigualdades;18;1 Repaso de álgebra y geometría;3;1339;0 Avance menor a 19 temas;No alcanzo meta;3
202330;N;1340;N;7/07/2023 9:00:58 a. m.;202330 Precálculo ING-GEO;Precálculo;7/07/2023 9:04:31 a. m.;373;75;0,233333333;1;79;24;79;11,86666667;26;1,939246317;11,86666667;Ingeniería Sistemas Y Computac;División de Ingenierías;CALCULO I;MAT1101;2 Ecuaciones y desigualdades;23;1 Repaso de álgebra y geometría;3,2;1340;1 Avance entre [ 19 - 40 temas];No alcanzo meta;3
202330;N;1341;N;6/07/2023 8:38:52 a. m.;202330 Precálculo ING-GEO;Precálculo;6/07/2023 8:43:45 a. m.;332;68;0,133333333;1;79;60;79;35,15;65;1,593499534;35,15;Ingeniería Industrial;División de Ingenierías;CALCULO I;MAT1101;4 Temas Parcial 2 Cálculo I;59;1 Repaso de álgebra y geometría;3,9;1341;2 Avance entre [ 40 - 60 temas];Cumplimiento meta;4
202330;N;1342;N;13/07/2023 9:07:22 a. m.;202330 Precálculo ING-GEO;Precálculo;13/07/2023 9:10:19 a. m.;299;58;0,25;1;79;8;79;3,866666667;8;1,810865191;3,866666667;Ingeniería Sistemas Y Computac;División de Ingenierías;CALCULO I;MAT1101;1 Repaso de Álgebra y Geometría;7;1 Repaso de álgebra y geometría;2,2;1342;0 Avance menor a 19 temas;No alcanzo meta;1,5
202330;N;1343;N;10/07/2023 8:27:41 a. m.;202330 Precálculo ING-GEO;Precálculo;10/07/2023 8:30:52 a. m.;349;73;0,4;1;79;43;79;41,08333333;50;1,022471378;41,08333333;Ingeniería Sistemas Y Computac;División de Ingenierías;CALCULO I;MAT1101;3 Temas Parcial 1 Cálculo I;42;1 Repaso de álgebra y geometría;3,1;1343;2 Avance entre [ 40 - 60 temas];Cumplimiento meta;3,3
202330;N;1344;N;21/07/2023 2:12:45 p. m.;202330 Precálculo ING-GEO;Precálculo;21/07/2023 2:18:21 p. m.;338;75;0,383333333;1;79;2;79;1,8;2;0,555641303;1,8;Geología;División de Ciencias Básicas;CALCULO I;MAT1101;1 Repaso de Álgebra y Geometría;1;1 Repaso de álgebra y geometría;2,9;1344;0 Avance menor a 19 temas;No alcanzo meta;3
202330;N;1345;N;29/06/2023 9:06:17 a. m.;202330 Precálculo ING-GEO;Precálculo;29/06/2023 9:10:12 a. m.;319;65;0,366666667;1;79;60;79;30,43333333;68;2,136361976;30,43333333;Ingeniería Mecánica;División de Ingenierías;CALCULO I;MAT1101;4 Temas Parcial 2 Cálculo I;59;1 Repaso de álgebra y geometría;4,5;1345;2 Avance entre [ 40 - 60 temas];Cumplimiento meta;3,8
202330;N;1346;N;14/07/2023 8:30:51 a. m.;202330 Precálculo ING-GEO;Precálculo;14/07/2023 8:36:59 a. m.;358;76;0,383333333;1;79;26;79;9,283333333;28;2,69380425;9,283333333;Ingeniería Sistemas Y Computac;División de Ingenierías;CALCULO I;MAT1101;2 Ecuaciones y desigualdades;25;1 Repaso de álgebra y geometría;2,8;1346;1 Avance entre [ 19 - 40 temas];No alcanzo meta;3,1
202330;N;1347;N;10/07/2023 8:45:59 a. m.;202330 Precálculo ING-GEO;Precálculo;10/07/2023 8:49:14 a. m.;334;60;0,283333333;1;79;38;79;18,13333333;40;2,039566362;18,13333333;Ingeniería Industrial;División de Ingenierías;CALCULO I;MAT1101;3 Temas Parcial 1 Cálculo I;37;1 Repaso de álgebra y geometría;4,8;1347;1 Avance entre [ 19 - 40 temas];Cumplimiento meta;4,5
202330;N;1348;N;6/07/2023 8:38:26 a. m.;202330 Precálculo ING-GEO;Precálculo;6/07/2023 8:42:56 a. m.;363;74;0,35;1;79;77;79;41,58333333;79;1,827997221;41,58333333;Ingeniería Sistemas Y Computac;División de Ingenierías;CALCULO I;MAT1101;4 Temas Parcial 2 Cálculo I;76;1 Repaso de álgebra y geometría;5;1348;3 Avance superior a 60 temas;Cumplimiento meta;5
202330;N;1349;N;29/06/2023 9:06:17 a. m.;202330 Precálculo ING-GEO;Precálculo;29/06/2023 9:11:21 a. m.;323;65;0,35;1;79;57;79;33,75;77;1,836916088;33,75;Ingeniería Electrónica;División de Ingenierías;CALCULO I;MAT1101;4 Temas Parcial 2 Cálculo I;56;1 Repaso de álgebra y geometría;2,8;1349;2 Avance entre [ 40 - 60 temas];Cumplimiento meta;3,2
202330;N;1350;N;21/07/2023 8:46:45 a. m.;202330 Precálculo ING-GEO;Precálculo;21/07/2023 8:52:36 a. m.;366;71;0,25;1;79;31;79;14,38333333;23;1,460756656;14,38333333;Ingeniería Sistemas Y Computac;División de Ingenierías;CALCULO I;MAT1101;3 Temas Parcial 1 Cálculo I;30;1 Repaso de álgebra y geometría;4,3;1350;1 Avance entre [ 19 - 40 temas];Cumplimiento meta;4
202330;N;1351;N;14/07/2023 9:23:51 a. m.;202330 Precálculo ING-GEO;Precálculo;14/07/2023 9:27:48 a. m.;367;72;0,266666667;1;79;20;79;11,85;21;1,688317779;11,85;Ingeniería Sistemas Y Computac;División de Ingenierías;CALCULO I;MAT1101;2 Ecuaciones y desigualdades;19;1 Repaso de álgebra y geometría;2;1351;1 Avance entre [ 19 - 40 temas];No alcanzo meta;2
202410;N;1352;N;11/01/2024 2:13:08 p. m.;202410 Pre-Cálculo ANEC;Precálculo;11/01/2024 2:17:05 p. m.;378;76;0,35;1;79;77;79;37,86666667;79;2,033764004;37,86666667;Negocios Internacionales;Escuela de Negocios;CALCULO I (ANEC);MAT1100;4 Temas Parcial 2 Cálculo I;76;1 Repaso de álgebra y geometría;4,9;1352;3 Avance superior a 55 temas;Cumplimiento meta;4,8
202410;N;1353;N;11/01/2024 2:13:30 p. m.;202410 Pre-Cálculo ANEC;Precálculo;11/01/2024 2:19:37 p. m.;363;79;0,1;1;79;36;79;30,75;36;1,040866666;30,75;Negocios Internacionales;Escuela de Negocios;CALCULO I (ANEC);MAT1100;3 Temas Parcial 1 Cálculo I;35;1 Repaso de álgebra y geometría;4,9;1353;1 Avance entre [ 18 - 37 temas];Cumplimiento meta;4,1
202410;N;1354;N;15/01/2024 9:46:34 a. m.;202410 Pre-Cálculo ANEC;Precálculo;15/01/2024 9:53:48 a. m.;418;75;0,25;1;79;34;79;29,96666667;35;1,101121513;29,96666667;Negocios Internacionales;Escuela de Negocios;CALCULO I (ANEC);MAT1100;3 Temas Parcial 1 Cálculo I;33;1 Repaso de álgebra y geometría;4,9;1354;1 Avance entre [ 18 - 37 temas];Cumplimiento meta;3,8
202410;N;1355;N;15/01/2024 9:47:49 a. m.;202410 Pre-Cálculo ANEC;Precálculo;15/01/2024 9:51:14 a. m.;355;74;0,45;1;79;32;79;35,8;38;0,977494356;35,8;Negocios Internacionales;Escuela de Negocios;CALCULO I (ANEC);MAT1100;3 Temas Parcial 1 Cálculo I;31;1 Repaso de álgebra y geometría;3,7;1355;1 Avance entre [ 18 - 37 temas];Cumplimiento meta;3,2
202410;N;1356;N;11/01/2024 2:16:48 p. m.;202410 Pre-Cálculo ANEC;Precálculo;11/01/2024 2:21:59 p. m.;312;61;0,383333333;1;79;20;79;31,38333333;28;0,605331162;31,38333333;Negocios Internacionales;Escuela de Negocios;CALCULO I (ANEC);MAT1100;2 Ecuaciones y desigualdades;19;1 Repaso de álgebra y geometría;3,4;1356;1 Avance entre [ 18 - 37 temas];No alcanzo meta;3,4
202410;N;1357;N;11/01/2024 2:08:36 p. m.;202410 Pre-Cálculo ANEC;Precálculo;11/01/2024 2:14:17 p. m.;318;64;0,416666667;1;79;34;79;39,93333333;55;0,926640927;39,93333333;Administración de Empresas;Escuela de Negocios;CALCULO I (ANEC);MAT1100;3 Temas Parcial 1 Cálculo I;33;1 Repaso de álgebra y geometría;3,4;1357;1 Avance entre [ 18 - 37 temas];Cumplimiento meta;3,6
202410;N;1358;N;15/01/2024 9:03:12 a. m.;202410 Pre-Cálculo ANEC;Precálculo;15/01/2024 9:08:34 a. m.;319;66;0,916666667;1;79;8;79;7,366666667;8;0,951302378;7,366666667;Administración de Empresas;Escuela de Negocios;CALCULO I (ANEC);MAT1100;1 Repaso de Álgebra y Geometría;7;1 Repaso de álgebra y geometría;2,5;1358;0 Avance menor a 18 temas;No alcanzo meta;3
202410;N;1359;N;15/01/2024 1:49:32 p. m.;202410 Pre-Cálculo ANEC;Precálculo;16/01/2024 8:36:49 a. m.;305;63;0,416666667;1;79;26;79;12,48333333;26;2,002982218;12,48333333;Negocios Internacionales;Escuela de Negocios;CALCULO I (ANEC);MAT1100;2 Ecuaciones y desigualdades;25;1 Repaso de álgebra y geometría;1,7;1359;1 Avance entre [ 18 - 37 temas];No alcanzo meta;1,5
202410;N;1360;N;11/01/2024 2:18:50 p. m.;202410 Pre-Cálculo ANEC;Precálculo;11/01/2024 2:23:33 p. m.;333;67;0,55;1;79;8;79;9,966666667;12;0,702223708;9,966666667;Negocios Internacionales;Escuela de Negocios;CALCULO I (ANEC);MAT1100;1 Repaso de Álgebra y Geometría;7;1 Repaso de álgebra y geometría;4,8;1360;0 Avance menor a 18 temas;No alcanzo meta;3
202410;N;1361;N;15/01/2024 9:32:13 a. m.;202410 Pre-Cálculo ANEC;Precálculo;15/01/2024 9:45:17 a. m.;345;74;0,566666667;1;79;36;79;31,16666667;32;0,962601162;31,16666667;Negocios Internacionales;Escuela de Negocios;CALCULO I (ANEC);MAT1100;3 Temas Parcial 1 Cálculo I;35;1 Repaso de álgebra y geometría;5;1361;1 Avance entre [ 18 - 37 temas];Cumplimiento meta;3,4
202410;N;1362;N;15/01/2024 9:03:26 a. m.;202410 Pre-Cálculo ANEC;Precálculo;15/01/2024 9:08:55 a. m.;287;57;0,483333333;1;79;34;79;24,56666667;43;1,628535562;24,56666667;Administración de Empresas;Escuela de Negocios;CALCULO I (ANEC);MAT1100;3 Temas Parcial 1 Cálculo I;33;1 Repaso de álgebra y geometría;4,2;1362;1 Avance entre [ 18 - 37 temas];Cumplimiento meta;3,6
202410;N;1363;N;16/01/2024 8:56:52 a. m.;202410 Pre-Cálculo ANEC;Precálculo;16/01/2024 9:04:24 a. m.;307;64;0,2;1;79;5;79;5,133333333;5;0,779094303;5,133333333;Contaduría Pública;Escuela de Negocios;CALCULO I (ANEC);MAT1100;1 Repaso de Álgebra y Geometría;4;1 Repaso de álgebra y geometría;1,1;1363;0 Avance menor a 18 temas;No alcanzo meta;1,5
202410;N;1364;N;11/01/2024 2:18:55 p. m.;202410 Pre-Cálculo ANEC;Precálculo;11/01/2024 2:24:46 p. m.;356;64;0,35;1;79;41;79;26,36666667;41;1,402991363;26,36666667;Negocios Internacionales;Escuela de Negocios;CALCULO I (ANEC);MAT1100;3 Temas Parcial 1 Cálculo I;40;1 Repaso de álgebra y geometría;4,9;1364;2 Avance entre [ 37 - 55 temas];Cumplimiento meta;3,6
202410;N;1365;N;11/01/2024 2:10:29 p. m.;202410 Pre-Cálculo ANEC;Precálculo;11/01/2024 2:16:39 p. m.;364;72;0,533333333;1;79;35;79;32,38333333;42;1,142680667;32,38333333;Administración de Empresas;Escuela de Negocios;CALCULO I (ANEC);MAT1100;3 Temas Parcial 1 Cálculo I;34;1 Repaso de álgebra y geometría;3,9;1365;1 Avance entre [ 18 - 37 temas];Cumplimiento meta;3,2
202410;N;1366;N;15/01/2024 9:50:44 a. m.;202410 Pre-Cálculo ANEC;Precálculo;15/01/2024 9:55:40 a. m.;385;80;0,616666667;1;79;38;79;32,06666667;46;1,309521747;32,06666667;Negocios Internacionales;Escuela de Negocios;CALCULO I (ANEC);MAT1100;3 Temas Parcial 1 Cálculo I;37;1 Repaso de álgebra y geometría;3,2;1366;2 Avance entre [ 37 - 55 temas];Cumplimiento meta;3,3
202410;N;1367;N;11/01/2024 2:08:51 p. m.;202410 Pre-Cálculo ANEC;Precálculo;11/01/2024 2:14:34 p. m.;368;77;0,333333333;1;79;79;79;47,28333333;88;1,776221887;47,28333333;Economía;Div Humanidades, Artes y Cs. S;CALCULO I (ANEC);MAT1100;4 Temas Parcial 2 Cálculo I;78;1 Repaso de álgebra y geometría;5;1367;3 Avance superior a 55 temas;Cumplimiento meta;5
202410;N;1368;N;11/01/2024 2:18:12 p. m.;202410 Pre-Cálculo ANEC;Precálculo;11/01/2024 2:22:23 p. m.;355;74;0,366666667;1;79;37;79;40,88333333;48;0,929638338;40,88333333;Negocios Internacionales;Escuela de Negocios;CALCULO I (ANEC);MAT1100;3 Temas Parcial 1 Cálculo I;36;1 Repaso de álgebra y geometría;3,5;1368;1 Avance entre [ 18 - 37 temas];Cumplimiento meta;3,4
202410;N;1369;N;11/01/2024 2:11:41 p. m.;202410 Pre-Cálculo ANEC;Precálculo;11/01/2024 2:18:01 p. m.;320;69;0,466666667;1;79;52;79;25,65;48;1,715343881;25,65;Economía;Div Humanidades, Artes y Cs. S;CALCULO I (ANEC);MAT1100;3 Temas Parcial 1 Cálculo I;51;1 Repaso de álgebra y geometría;3;1369;2 Avance entre [ 37 - 55 temas];Cumplimiento meta;2,8
202410;N;1370;N;11/01/2024 2:10:26 p. m.;202410 Pre-Cálculo ANEC;Precálculo;11/01/2024 2:16:46 p. m.;327;64;0,316666667;1;79;33;79;28,08333333;39;1,174806918;28,08333333;Contaduría Pública;Escuela de Negocios;CALCULO I (ANEC);MAT1100;3 Temas Parcial 1 Cálculo I;32;1 Repaso de álgebra y geometría;4,4;1370;1 Avance entre [ 18 - 37 temas];Cumplimiento meta;4
202410;N;1371;N;11/01/2024 2:18:56 p. m.;202410 Pre-Cálculo ANEC;Precálculo;11/01/2024 2:24:47 p. m.;275;56;0,3;1;79;45;79;28,91666667;39;1,21052581;28,91666667;Negocios Internacionales;Escuela de Negocios;CALCULO I (ANEC);MAT1100;3 Temas Parcial 1 Cálculo I;44;1 Repaso de álgebra y geometría;2,4;1371;2 Avance entre [ 37 - 55 temas];Cumplimiento meta;2,1
202410;N;1372;N;17/01/2024 8:39:44 a. m.;202410 Pre-Cálculo ANEC;Precálculo;17/01/2024 8:46:41 a. m.;266;60;0,333333333;1;79;3;79;8,366666667;6;0,238932767;8,366666667;Administración de Empresas;Escuela de Negocios;CALCULO I (ANEC);MAT1100;1 Repaso de Álgebra y Geometría;2;1 Repaso de álgebra y geometría;1,1;1372;0 Avance menor a 18 temas;No alcanzo meta;1,5
202410;N;1373;N;15/01/2024 9:51:10 a. m.;202410 Pre-Cálculo ANEC;Precálculo;15/01/2024 9:57:35 a. m.;339;68;0,3;1;79;47;79;27,93333333;47;1,682912274;27,93333333;Negocios Internacionales;Escuela de Negocios;CALCULO I (ANEC);MAT1100;3 Temas Parcial 1 Cálculo I;46;1 Repaso de álgebra y geometría;4;1373;2 Avance entre [ 37 - 55 temas];Cumplimiento meta;3,7
202410;N;1374;N;15/01/2024 9:49:00 a. m.;202410 Pre-Cálculo ANEC;Precálculo;15/01/2024 9:52:28 a. m.;367;72;0,366666667;1;79;24;79;24,7;29;1,011849886;24,7;Negocios Internacionales;Escuela de Negocios;CALCULO I (ANEC);MAT1100;2 Ecuaciones y desigualdades;23;1 Repaso de álgebra y geometría;3;1374;1 Avance entre [ 18 - 37 temas];No alcanzo meta;1,5
202410;N;1375;N;11/01/2024 9:06:45 a. m.;202410 Pre-Cálculo ING-GEO;Precálculo;11/01/2024 9:28:17 a. m.;348;63;0,383333333;1;79;79;79;42,75;94;2,104975929;42,75;Ingeniería Eléctrica;División de Ingenierías;CALCULO I;MAT1101;4 Temas Parcial 2 Cálculo I;78;1 Repaso de álgebra y geometría;2,4;1375;3 Avance superior a 60 temas;Cumplimiento meta;4,1
202410;N;1376;N;15/01/2024 9:24:41 a. m.;202410 Pre-Cálculo ING-GEO;Precálculo;15/01/2024 9:28:46 a. m.;326;67;0,5;1;79;9;79;5,966666667;9;1,339472583;5,966666667;Ingeniería Sistemas Y Computac;División de Ingenierías;CALCULO I;MAT1101;1 Repaso de Álgebra y Geometría;8;1 Repaso de álgebra y geometría;2,2;1376;0 Avance menor a 19 temas;No alcanzo meta;1,5
202410;N;1377;N;15/01/2024 9:07:53 a. m.;202410 Pre-Cálculo ING-GEO;Precálculo;15/01/2024 9:11:34 a. m.;355;66;0,35;1;79;34;79;17,96666667;37;1,948172429;17,96666667;Ingeniería Sistemas Y Computac;División de Ingenierías;CALCULO I;MAT1101;3 Temas Parcial 1 Cálculo I;33;1 Repaso de álgebra y geometría;3;1377;1 Avance entre [ 19 - 40 temas];Cumplimiento meta;3,5
202410;N;1378;N;15/01/2024 8:48:03 a. m.;202410 Pre-Cálculo ING-GEO;Precálculo;15/01/2024 8:51:50 a. m.;350;70;0,366666667;1;79;21;79;23,13333333;22;0,864532552;23,13333333;Geología;División de Ciencias Básicas;CALCULO I;MAT1101;2 Ecuaciones y desigualdades;20;1 Repaso de álgebra y geometría;4,14;1378;1 Avance entre [ 19 - 40 temas];No alcanzo meta;3,1
202410;N;1379;N;11/01/2024 8:45:52 a. m.;202410 Pre-Cálculo ING-GEO;Precálculo;11/01/2024 9:06:49 a. m.;346;70;0,216666667;1;79;61;79;39,3;66;1,62861384;39,3;Ingeniería Sistemas Y Computac;División de Ingenierías;CALCULO I;MAT1101;4 Temas Parcial 2 Cálculo I;60;1 Repaso de álgebra y geometría;4;1379;3 Avance superior a 60 temas;Cumplimiento meta;3,8
202410;N;1380;N;11/01/2024 9:04:51 a. m.;202410 Pre-Cálculo ING-GEO;Precálculo;11/01/2024 9:07:35 a. m.;333;68;0,816666667;1;79;35;79;22,96666667;36;1,044992743;22,96666667;Ingeniería Civil;División de Ingenierías;CALCULO I;MAT1101;3 Temas Parcial 1 Cálculo I;34;1 Repaso de álgebra y geometría;3,7;1380;1 Avance entre [ 19 - 40 temas];Cumplimiento meta;3
202410;N;1381;N;15/01/2024 8:55:10 a. m.;202410 Pre-Cálculo ING-GEO;Precálculo;15/01/2024 8:59:53 a. m.;366;74;0,25;1;79;22;79;17,36666667;24;1,208942335;17,36666667;Ingeniería Mecánica;División de Ingenierías;CALCULO I;MAT1101;2 Ecuaciones y desigualdades;21;1 Repaso de álgebra y geometría;2,8;1381;1 Avance entre [ 19 - 40 temas];No alcanzo meta;1,5
202410;N;1382;N;15/01/2024 9:07:55 a. m.;202410 Pre-Cálculo ING-GEO;Precálculo;15/01/2024 9:11:15 a. m.;293;61;0,283333333;1;79;32;79;17,68333333;32;1,413383168;17,68333333;Ingeniería Sistemas Y Computac;División de Ingenierías;CALCULO I;MAT1101;3 Temas Parcial 1 Cálculo I;31;1 Repaso de álgebra y geometría;2,5;1382;1 Avance entre [ 19 - 40 temas];Cumplimiento meta;1,5
202410;N;1383;N;17/01/2024 8:45:03 a. m.;202410 Pre-Cálculo ING-GEO;Precálculo;17/01/2024 8:48:31 a. m.;356;66;0,683333333;1;79;39;79;18,43333333;38;1,953101453;18,43333333;Ingeniería Sistemas Y Computac;División de Ingenierías;CALCULO I;MAT1101;3 Temas Parcial 1 Cálculo I;38;1 Repaso de álgebra y geometría;2,6;1383;1 Avance entre [ 19 - 40 temas];Cumplimiento meta;1,5
202410;N;1384;N;15/01/2024 8:57:11 a. m.;202410 Pre-Cálculo ING-GEO;Precálculo;15/01/2024 9:01:23 a. m.;396;76;0,133333333;1;79;26;79;23,05;45;1,474716563;23,05;Negocios Internacionales;Escuela de Negocios;CALCULO I;MAT1101;2 Ecuaciones y desigualdades;25;1 Repaso de álgebra y geometría;;1384;1 Avance entre [ 19 - 40 temas];No alcanzo meta;1,5
202410;N;1385;N;11/01/2024 1:54:58 p. m.;202410 Pre-Cálculo ING-GEO;Precálculo;11/01/2024 2:00:35 p. m.;295;58;0,666666667;1;79;14;79;13,36666667;14;0,971982803;13,36666667;Ingeniería Industrial;División de Ingenierías;CALCULO I;MAT1101;2 Ecuaciones y desigualdades;13;1 Repaso de álgebra y geometría;2,1;1385;0 Avance menor a 19 temas;No alcanzo meta;1,5
202410;N;1386;N;15/01/2024 9:03:53 a. m.;202410 Pre-Cálculo ING-GEO;Precálculo;15/01/2024 9:08:04 a. m.;315;70;0,516666667;1;79;42;79;22,51666667;51;2,042628774;22,51666667;Ingeniería Sistemas Y Computac;División de Ingenierías;CALCULO I;MAT1101;3 Temas Parcial 1 Cálculo I;41;1 Repaso de álgebra y geometría;2,5;1386;2 Avance entre [ 40 - 60 temas];Cumplimiento meta;2,7
202410;N;1387;N;11/01/2024 9:02:38 a. m.;202410 Pre-Cálculo ING-GEO;Precálculo;11/01/2024 9:06:48 a. m.;360;67;0,766666667;1;79;37;79;13,11666667;33;2,210599869;13,11666667;Ingeniería Sistemas Y Computac;División de Ingenierías;CALCULO I;MAT1101;3 Temas Parcial 1 Cálculo I;36;1 Repaso de álgebra y geometría;3,9;1387;1 Avance entre [ 19 - 40 temas];Cumplimiento meta;3
202410;N;1388;N;11/01/2024 2:02:22 p. m.;202410 Pre-Cálculo ING-GEO;Precálculo;11/01/2024 2:07:25 p. m.;330;67;0,6;1;79;26;79;27,76666667;27;0,900198044;27,76666667;Ingeniería Industrial;División de Ingenierías;CALCULO I;MAT1101;2 Ecuaciones y desigualdades;25;1 Repaso de álgebra y geometría;2,2;1388;1 Avance entre [ 19 - 40 temas];No alcanzo meta;3
202410;N;1389;N;17/01/2024 8:42:32 a. m.;202410 Pre-Cálculo ING-GEO;Precálculo;17/01/2024 8:46:20 a. m.;374;73;0,433333333;1;79;31;79;20,41666667;35;1,518966667;20,41666667;Ingeniería Mecánica;División de Ingenierías;CALCULO I;MAT1101;3 Temas Parcial 1 Cálculo I;30;1 Repaso de álgebra y geometría;2,4;1389;1 Avance entre [ 19 - 40 temas];Cumplimiento meta;3
202410;N;1390;N;15/01/2024 9:07:13 a. m.;202410 Pre-Cálculo ING-GEO;Precálculo;15/01/2024 9:15:39 a. m.;357;76;0,383333333;1;79;36;79;30,85;35;1,069923268;30,85;Ingeniería Sistemas Y Computac;División de Ingenierías;CALCULO I;MAT1101;3 Temas Parcial 1 Cálculo I;35;1 Repaso de álgebra y geometría;2;1390;1 Avance entre [ 19 - 40 temas];Cumplimiento meta;3,1
202410;N;1391;N;15/01/2024 9:10:00 a. m.;202410 Pre-Cálculo ING-GEO;Precálculo;15/01/2024 9:15:26 a. m.;319;62;0,566666667;1;79;18;79;17,56666667;22;0,967390102;17,56666667;Ingeniería Sistemas Y Computac;División de Ingenierías;CALCULO I;MAT1101;2 Ecuaciones y desigualdades;17;1 Repaso de álgebra y geometría;2;1391;0 Avance menor a 19 temas;No alcanzo meta;1,5
202410;N;1392;N;15/01/2024 9:07:57 a. m.;202410 Pre-Cálculo ING-GEO;Precálculo;15/01/2024 9:12:03 a. m.;317;67;0,233333333;1;79;12;79;11,8;16;0,931830482;11,8;Ingeniería Sistemas Y Computac;División de Ingenierías;CALCULO I;MAT1101;2 Ecuaciones y desigualdades;11;1 Repaso de álgebra y geometría;1,4;1392;0 Avance menor a 19 temas;No alcanzo meta;1,5
202410;N;1393;N;15/01/2024 9:05:41 a. m.;202410 Pre-Cálculo ING-GEO;Precálculo;15/01/2024 9:11:28 a. m.;281;55;0,466666667;1;79;31;79;29,1;36;1,065383624;29,1;Ingeniería Industrial;División de Ingenierías;CALCULO I;MAT1101;3 Temas Parcial 1 Cálculo I;30;1 Repaso de álgebra y geometría;4;1393;1 Avance entre [ 19 - 40 temas];Cumplimiento meta;3,5
202410;N;1394;N;16/01/2024 1:49:56 p. m.;202410 Pre-Cálculo ING-GEO;Precálculo;16/01/2024 1:53:20 p. m.;388;77;0,1;1;79;32;79;14,13333333;40;2,405849516;14,13333333;Ingeniería Industrial;División de Ingenierías;CALCULO I;MAT1101;3 Temas Parcial 1 Cálculo I;31;1 Repaso de álgebra y geometría;4;1394;1 Avance entre [ 19 - 40 temas];Cumplimiento meta;4,1
202410;N;1395;N;15/01/2024 9:11:11 a. m.;202410 Pre-Cálculo ING-GEO;Precálculo;15/01/2024 9:18:11 a. m.;404;82;0,616666667;1;79;30;79;15,15;32;1,848794982;15,15;Ingeniería Sistemas Y Computac;División de Ingenierías;CALCULO I;MAT1101;2 Ecuaciones y desigualdades;29;1 Repaso de álgebra y geometría;4,2;1395;1 Avance entre [ 19 - 40 temas];No alcanzo meta;3,7
202410;N;1396;N;11/01/2024 8:47:04 a. m.;202410 Pre-Cálculo ING-GEO;Precálculo;11/01/2024 9:04:06 a. m.;322;65;0,666666667;1;79;33;79;33,05;41;1,088993269;33,05;Ingeniería Sistemas Y Computac;División de Ingenierías;CALCULO I;MAT1101;3 Temas Parcial 1 Cálculo I;32;1 Repaso de álgebra y geometría;3,1;1396;1 Avance entre [ 19 - 40 temas];Cumplimiento meta;3,6
202410;N;1397;N;15/01/2024 9:08:08 a. m.;202410 Pre-Cálculo ING-GEO;Precálculo;15/01/2024 9:17:21 a. m.;254;47;0,45;1;79;33;79;16,3;36;1,963591737;16,3;Ingeniería Sistemas Y Computac;División de Ingenierías;CALCULO I;MAT1101;3 Temas Parcial 1 Cálculo I;32;1 Repaso de álgebra y geometría;2;1397;1 Avance entre [ 19 - 40 temas];Cumplimiento meta;1,5
202410;N;1398;N;16/01/2024 8:35:14 a. m.;202410 Pre-Cálculo ING-GEO;Precálculo;16/01/2024 8:43:00 a. m.;239;56;0,616666667;1;79;55;79;28,28333333;52;1,732383992;28,28333333;Ingeniería Sistemas Y Computac;División de Ingenierías;CALCULO I;MAT1101;3 Temas Parcial 1 Cálculo I;54;1 Repaso de álgebra y geometría;2,2;1398;2 Avance entre [ 40 - 60 temas];Cumplimiento meta;3,1
202410;N;1399;N;16/01/2024 1:45:36 p. m.;202410 Pre-Cálculo ING-GEO;Precálculo;16/01/2024 1:48:07 p. m.;374;74;0,4;1;79;37;79;24,53333333;44;1,589583923;24,53333333;Ingeniería Civil;División de Ingenierías;CALCULO I;MAT1101;3 Temas Parcial 1 Cálculo I;36;1 Repaso de álgebra y geometría;3,5;1399;1 Avance entre [ 19 - 40 temas];Cumplimiento meta;3,9
202410;N;1400;N;15/01/2024 8:52:37 a. m.;202410 Pre-Cálculo ING-GEO;Precálculo;15/01/2024 8:56:48 a. m.;363;69;0,066666667;1;79;33;79;19,95;29;1,403469689;19,95;Ingeniería Mecánica;División de Ingenierías;CALCULO I;MAT1101;3 Temas Parcial 1 Cálculo I;32;1 Repaso de álgebra y geometría;3,8;1400;1 Avance entre [ 19 - 40 temas];Cumplimiento meta;3,3
202410;N;1401;N;15/01/2024 8:56:23 a. m.;202410 Pre-Cálculo ING-GEO;Precálculo;15/01/2024 8:58:48 a. m.;320;62;0,483333333;1;79;75;79;54,85;82;1,385723402;54,85;Ingeniería Mecánica;División de Ingenierías;CALCULO I;MAT1101;4 Temas Parcial 2 Cálculo I;74;1 Repaso de álgebra y geometría;3,7;1401;3 Avance superior a 60 temas;Cumplimiento meta;3,5
202410;N;1402;N;26/01/2024 12:42:01 p. m.;202410 Pre-Cálculo ING-GEO;Precálculo;26/01/2024 1:59:57 p. m.;305;63;0,683333333;1;79;12;79;6,95;12;1,584316863;6,95;Ingeniería Mecánica;División de Ingenierías;CALCULO I;MAT1101;2 Ecuaciones y desigualdades;11;1 Repaso de álgebra y geometría;3,9;1402;0 Avance menor a 19 temas;No alcanzo meta;3,4
202410;N;1403;N;11/01/2024 9:06:41 a. m.;202410 Pre-Cálculo ING-GEO;Precálculo;11/01/2024 9:28:06 a. m.;386;76;0,216666667;1;79;36;79;30,86666667;47;1,26369225;30,86666667;Ingeniería Electrónica;División de Ingenierías;CALCULO I;MAT1101;3 Temas Parcial 1 Cálculo I;35;1 Repaso de álgebra y geometría;2,66;1403;1 Avance entre [ 19 - 40 temas];Cumplimiento meta;3,1
202410;N;1404;N;11/01/2024 8:49:07 a. m.;202410 Pre-Cálculo ING-GEO;Precálculo;11/01/2024 9:07:02 a. m.;356;72;0,416666667;1;79;50;79;20,76666667;59;2,551313766;20,76666667;Ingeniería Sistemas Y Computac;División de Ingenierías;CALCULO I;MAT1101;3 Temas Parcial 1 Cálculo I;49;1 Repaso de álgebra y geometría;5;1404;2 Avance entre [ 40 - 60 temas];Cumplimiento meta;4,2
202410;N;1405;N;15/01/2024 8:45:32 a. m.;202410 Pre-Cálculo ING-GEO;Precálculo;15/01/2024 8:51:08 a. m.;352;68;0,35;1;79;40;79;28,86666667;44;1,420446344;28,86666667;Ingeniería Civil;División de Ingenierías;CALCULO I;MAT1101;3 Temas Parcial 1 Cálculo I;39;1 Repaso de álgebra y geometría;4,1;1405;1 Avance entre [ 19 - 40 temas];Cumplimiento meta;3
202410;N;1101;N;15/01/2024 9:01:20 a. m.;202410 Pre-Cálculo ING-GEO;Precálculo;15/01/2024 9:14:14 a. m.;355;67;1,05;1;79;1;79;2,866666667;1;0;2,866666667;Ingeniería Sistemas Y Computac;División de Ingenierías;CALCULO I;MAT1101;1 Repaso de Álgebra y Geometría;0;1 Repaso de álgebra y geometría;2,6;1101;0 Avance menor a 19 temas;No alcanzo meta;2,8
202430;N;1406;N;16/07/2024 8:24:07 a. m.;202430 Pre-Cálculo ANEC;Precálculo;16/07/2024 8:29:36 a. m.;305;66;0,116666667;1;79;14;79;9,9;13;1,31397928;9,9;Negocios Internacionales;Escuela de Negocios;CALCULO I (ANEC);MAT1100;2 Ecuaciones y desigualdades;13;1 Repaso de álgebra y geometría;2,2;1406;0 Avance menor a 18 temas;No alcanzo meta;2,4
202430;N;1407;N;8/07/2024 3:01:53 p. m.;202430 Pre-Cálculo ANEC;Precálculo;8/07/2024 3:07:32 p. m.;349;68;0,3;1;79;45;79;36,6;51;1,229657518;36,6;Negocios Internacionales;Escuela de Negocios;CALCULO I (ANEC);MAT1100;3 Temas Parcial 1 Cálculo I;44;1 Repaso de álgebra y geometría;4,6;1407;2 Avance entre [ 37 - 55 temas];Cumplimiento meta;4,4
202430;N;1408;N;23/07/2024 9:31:27 a. m.;202430 Pre-Cálculo ANEC;Precálculo;23/07/2024 9:36:34 a. m.;340;75;0,4;1;79;1;79;0,683333333;1;0;0,683333333;Administración de Empresas;Escuela de Negocios;CALCULO I (ANEC);MAT1100;1 Repaso de Álgebra y Geometría;0;1 Repaso de álgebra y geometría;3;1408;0 Avance menor a 18 temas;No alcanzo meta;3
202430;N;1409;N;15/07/2024 8:23:43 a. m.;202430 Pre-Cálculo ANEC;Precálculo;15/07/2024 8:28:35 a. m.;347;70;0,233333333;1;79;43;79;30,9;45;1,423897019;30,9;Negocios Internacionales;Escuela de Negocios;CALCULO I (ANEC);MAT1100;3 Temas Parcial 1 Cálculo I;42;1 Repaso de álgebra y geometría;5;1409;2 Avance entre [ 37 - 55 temas];Cumplimiento meta;5
202430;N;1410;N;22/07/2024 8:36:58 a. m.;202430 Pre-Cálculo ANEC;Precálculo;22/07/2024 8:41:36 a. m.;299;66;0,666666667;1;79;13;79;11,13333333;14;1,078382426;11,13333333;Administración de Empresas;Escuela de Negocios;CALCULO I (ANEC);MAT1100;2 Ecuaciones y desigualdades;12;1 Repaso de álgebra y geometría;4,9;1410;0 Avance menor a 18 temas;No alcanzo meta;4,3
202430;N;1411;N;15/07/2024 10:20:20 a. m.;202430 Pre-Cálculo ANEC;Precálculo;15/07/2024 10:23:12 a. m.;319;62;0,366666667;1;79;39;79;12,2;35;2,29638911;12,2;Negocios Internacionales;Escuela de Negocios;CALCULO I (ANEC);MAT1100;3 Temas Parcial 1 Cálculo I;38;1 Repaso de álgebra y geometría;4,3;1411;2 Avance entre [ 37 - 55 temas];Cumplimiento meta;4,2
202430;N;1412;N;8/07/2024 9:37:54 a. m.;202430 Pre-Cálculo ANEC;Precálculo;8/07/2024 10:09:19 a. m.;282;59;0,216666667;1;79;65;79;39,26666667;62;1,477372428;39,26666667;Negocios Internacionales;Escuela de Negocios;CALCULO I (ANEC);MAT1100;4 Temas Parcial 2 Cálculo I;64;1 Repaso de álgebra y geometría;3;1412;3 Avance superior a 55 temas;Cumplimiento meta;3,2
202430;N;1413;N;8/07/2024 3:00:03 p. m.;202430 Pre-Cálculo ANEC;Precálculo;8/07/2024 3:07:43 p. m.;314;69;0,3;1;79;11;79;9,766666667;13;1,02394903;9,766666667;Negocios Internacionales;Escuela de Negocios;CALCULO I (ANEC);MAT1100;2 Ecuaciones y desigualdades;10;1 Repaso de álgebra y geometría;2,2;1413;0 Avance menor a 18 temas;No alcanzo meta;2,7
202430;N;1414;N;15/07/2024 8:13:54 a. m.;202430 Pre-Cálculo ANEC;Precálculo;15/07/2024 8:17:53 a. m.;334;69;0,05;1;79;38;79;23,53333333;31;1,317591499;23,53333333;Negocios Internacionales;Escuela de Negocios;CALCULO I (ANEC);MAT1100;3 Temas Parcial 1 Cálculo I;37;1 Repaso de álgebra y geometría;2,4;1414;2 Avance entre [ 37 - 55 temas];Cumplimiento meta;3,2
202430;N;1415;N;17/07/2024 8:23:04 a. m.;202430 Pre-Cálculo ANEC;Precálculo;17/07/2024 8:25:52 a. m.;308;67;0,25;1;79;8;79;7,7;7;0,908402725;7,7;Administración de Empresas;Escuela de Negocios;CALCULO I (ANEC);MAT1100;1 Repaso de Álgebra y Geometría;7;1 Repaso de álgebra y geometría;2;1415;0 Avance menor a 18 temas;No alcanzo meta;1,9
202430;N;1416;N;15/07/2024 2:07:02 p. m.;202430 Pre-Cálculo ANEC;Precálculo;15/07/2024 2:11:12 p. m.;332;63;0,6;1;79;30;79;19,8;31;1,515109004;19,8;Negocios Internacionales;Escuela de Negocios;CALCULO I (ANEC);MAT1100;2 Ecuaciones y desigualdades;29;1 Repaso de álgebra y geometría;3;1416;1 Avance entre [ 18 - 37 temas];No alcanzo meta;3,4
202430;N;1417;N;16/07/2024 8:32:23 a. m.;202430 Pre-Cálculo ANEC;Precálculo;16/07/2024 8:39:11 a. m.;269;49;0,5;1;79;22;79;13,01666667;22;1,612834407;13,01666667;Administración de Empresas;Escuela de Negocios;CALCULO I (ANEC);MAT1100;2 Ecuaciones y desigualdades;21;1 Repaso de álgebra y geometría;3,1;1417;1 Avance entre [ 18 - 37 temas];No alcanzo meta;3,4
202430;N;1418;N;15/07/2024 2:11:27 p. m.;202430 Pre-Cálculo ANEC;Precálculo;15/07/2024 2:15:36 p. m.;342;64;0,383333333;1;79;27;79;12,43333333;25;1,769871952;12,43333333;Administración de Empresas;Escuela de Negocios;CALCULO I (ANEC);MAT1100;2 Ecuaciones y desigualdades;26;1 Repaso de álgebra y geometría;4,4;1418;1 Avance entre [ 18 - 37 temas];No alcanzo meta;3,3
202430;N;1419;N;16/07/2024 2:28:41 p. m.;202430 Pre-Cálculo ANEC;Precálculo;16/07/2024 2:34:18 p. m.;237;42;0,066666667;1;79;4;79;6,616666667;5;0,453571879;6,616666667;Contaduría Pública;Escuela de Negocios;CALCULO I (ANEC);MAT1100;1 Repaso de Álgebra y Geometría;3;1 Repaso de álgebra y geometría;3;1419;0 Avance menor a 18 temas;No alcanzo meta;3,3
202430;N;1420;N;15/07/2024 8:13:57 a. m.;202430 Pre-Cálculo ING -GEO;Precálculo;15/07/2024 8:16:50 a. m.;336;63;0,2;1;79;13;79;7,333333333;12;1,634815516;7,333333333;Ingeniería Industrial;División de Ingenierías;CALCULO I;MAT1101;2 Ecuaciones y desigualdades;12;1 Repaso de álgebra y geometría;2;1420;0 Avance menor a 19 temas;No alcanzo meta;1,5
202430;N;1421;N;18/07/2024 1:40:11 p. m.;202430 Pre-Cálculo ING -GEO;Precálculo;18/07/2024 1:44:14 p. m.;357;70;0,183333333;1;79;18;79;24,08333333;20;0,705809086;24,08333333;Ingeniería Mecánica;División de Ingenierías;CALCULO I;MAT1101;2 Ecuaciones y desigualdades;17;1 Repaso de álgebra y geometría;3,8;1421;0 Avance menor a 19 temas;No alcanzo meta;3,3
202430;N;1422;N;8/07/2024 10:04:32 a. m.;202430 Pre-Cálculo ING -GEO;Precálculo;8/07/2024 10:11:16 a. m.;302;64;0,283333333;1;79;18;79;11,53333333;24;1,473775466;11,53333333;Ingeniería Civil;División de Ingenierías;CALCULO I;MAT1101;2 Ecuaciones y desigualdades;17;1 Repaso de álgebra y geometría;3,9;1422;0 Avance menor a 19 temas;No alcanzo meta;3
202430;N;1423;N;8/07/2024 2:59:34 p. m.;202430 Pre-Cálculo ING -GEO;Precálculo;8/07/2024 3:06:58 p. m.;348;72;0,216666667;1;79;32;79;48,61666667;37;0,699468541;48,61666667;Geología;División de Ciencias Básicas;CALCULO I;MAT1101;3 Temas Parcial 1 Cálculo I;31;1 Repaso de álgebra y geometría;2,3;1423;1 Avance entre [ 19 - 40 temas];Cumplimiento meta;1,5
202430;N;1424;N;1/08/2024 2:23:50 p. m.;202430 Pre-Cálculo ING -GEO;Precálculo;1/08/2024 2:27:56 p. m.;355;68;0,183333333;1;79;1;79;0,266666667;0;0;0,266666667;Arquitectura;Escuela Arquitectura Urb y Dis;CALCULO I;MAT1101;1 Repaso de Álgebra y Geometría;0;1 Repaso de álgebra y geometría;;1424;0 Avance menor a 19 temas;No alcanzo meta;1,5
202430;N;1425;N;16/07/2024 1:32:48 p. m.;202430 Pre-Cálculo ING -GEO;Precálculo;16/07/2024 1:35:09 p. m.;372;73;0,483333333;1;79;74;79;31,75;76;2,267399139;31,75;Ingeniería Civil;División de Ingenierías;CALCULO I;MAT1101;4 Temas Parcial 2 Cálculo I;73;1 Repaso de álgebra y geometría;4,6;1425;3 Avance superior a 60 temas;Cumplimiento meta;4,5
202430;N;1426;N;8/07/2024 9:42:16 a. m.;202430 Pre-Cálculo ING -GEO;Precálculo;8/07/2024 10:09:09 a. m.;264;52;0,183333333;1;79;35;79;47,46666667;64;1,011295137;47,46666667;Ingeniería Sistemas Y Computac;División de Ingenierías;CALCULO I;MAT1101;3 Temas Parcial 1 Cálculo I;34;1 Repaso de álgebra y geometría;1,6;1426;1 Avance entre [ 19 - 40 temas];Cumplimiento meta;1,6
202430;N;1427;N;22/07/2024 7:57:30 a. m.;202430 Pre-Cálculo ING -GEO;Precálculo;22/07/2024 8:02:02 a. m.;377;73;0,483333333;1;79;60;79;26,68333333;63;2,285523974;26,68333333;Ingeniería Sistemas Y Computac;División de Ingenierías;CALCULO I;MAT1101;4 Temas Parcial 2 Cálculo I;59;1 Repaso de álgebra y geometría;3,6;1427;2 Avance entre [ 40 - 60 temas];Cumplimiento meta;3,9
202430;N;1428;N;8/07/2024 9:36:48 a. m.;202430 Pre-Cálculo ING -GEO;Precálculo;8/07/2024 10:07:39 a. m.;323;81;0,3;1;79;32;79;21,15;51;1,844431891;21,15;Ingeniería Civil;División de Ingenierías;CALCULO I;MAT1101;3 Temas Parcial 1 Cálculo I;31;1 Repaso de álgebra y geometría;2,3;1428;1 Avance entre [ 19 - 40 temas];Cumplimiento meta;1,5
202430;N;1429;N;8/07/2024 9:39:49 a. m.;202430 Pre-Cálculo ING -GEO;Precálculo;8/07/2024 10:05:43 a. m.;332;65;0,133333333;1;79;29;79;22,93333333;35;1,133364008;22,93333333;Ingeniería Sistemas Y Computac;División de Ingenierías;CALCULO I;MAT1101;2 Ecuaciones y desigualdades;28;1 Repaso de álgebra y geometría;1,2;1429;1 Avance entre [ 19 - 40 temas];No alcanzo meta;1,5
202430;N;1430;N;8/07/2024 9:42:03 a. m.;202430 Pre-Cálculo ING -GEO;Precálculo;8/07/2024 10:10:27 a. m.;346;68;0,283333333;1;79;44;79;22,1;52;1,94548128;22,1;Ingeniería Sistemas Y Computac;División de Ingenierías;CALCULO I;MAT1101;3 Temas Parcial 1 Cálculo I;43;1 Repaso de álgebra y geometría;2,8;1430;2 Avance entre [ 40 - 60 temas];Cumplimiento meta;3
202510;N;1431;N;14/01/2025 8:27:54 a. m.;202510 Pre Cálculo ANEC;Precálculo;14/01/2025 8:29:59 a. m.;238;62;0,483333333;1;79;43;79;14,26666667;40;2,5949737;14,26666667;Administración de Empresas;Escuela de Negocios;CALCULO I (ANEC);MAT1100;3 Temas Parcial 1 Cálculo I;42;1 Repaso de álgebra y geometría;3,8;1431;2 Avance entre [ 37 - 55 temas];Cumplimiento meta;3,1
202510;N;1432;N;13/01/2025 9:51:23 a. m.;202510 Pre Cálculo ANEC;Precálculo;13/01/2025 9:55:38 a. m.;319;60;0,516666667;1;79;33;79;27;30;1,037079715;27;Negocios Internacionales;Escuela de Negocios;CALCULO I (ANEC);MAT1100;3 Temas Parcial 1 Cálculo I;32;1 Repaso de álgebra y geometría;1,8;1432;1 Avance entre [ 18 - 37 temas];Cumplimiento meta;3,2
202510;N;1433;N;13/01/2025 9:53:01 a. m.;202510 Pre Cálculo ANEC;Precálculo;13/01/2025 9:54:41 a. m.;341;65;0,25;1;79;23;79;13,73333333;33;1,965939889;13,73333333;Negocios Internacionales;Escuela de Negocios;CALCULO I (ANEC);MAT1100;2 Ecuaciones y desigualdades;22;1 Repaso de álgebra y geometría;4,8;1433;1 Avance entre [ 18 - 37 temas];No alcanzo meta;3,9
202510;N;1434;N;13/01/2025 9:52:10 a. m.;202510 Pre Cálculo ANEC;Precálculo;13/01/2025 9:53:01 a. m.;304;55;0,183333333;1;79;37;79;22,83333333;35;1,401425756;22,83333333;Contaduría Pública;Escuela de Negocios;CALCULO I (ANEC);MAT1100;3 Temas Parcial 1 Cálculo I;36;1 Repaso de álgebra y geometría;4,1;1434;1 Avance entre [ 18 - 37 temas];Cumplimiento meta;4
202510;N;1435;N;14/01/2025 8:21:13 a. m.;202510 Pre Cálculo ANEC;Precálculo;14/01/2025 8:24:12 a. m.;312;63;1,316666667;1;79;28;79;34,48333333;28;0,783037412;34,48333333;Contaduría Pública;Escuela de Negocios;CALCULO I (ANEC);MAT1100;2 Ecuaciones y desigualdades;27;1 Repaso de álgebra y geometría;3,3;1435;1 Avance entre [ 18 - 37 temas];No alcanzo meta;4,1
202510;N;1436;N;13/01/2025 9:53:22 a. m.;202510 Pre Cálculo ANEC;Precálculo;13/01/2025 9:54:08 a. m.;325;67;0,383333333;1;79;31;79;24,58333333;31;1,098106557;24,58333333;Negocios Internacionales;Escuela de Negocios;CALCULO I (ANEC);MAT1100;3 Temas Parcial 1 Cálculo I;30;1 Repaso de álgebra y geometría;1,2;1436;1 Avance entre [ 18 - 37 temas];Cumplimiento meta;3,1
202510;N;1437;N;13/01/2025 9:53:23 a. m.;202510 Pre Cálculo ANEC;Precálculo;13/01/2025 9:55:38 a. m.;306;65;0,333333333;1;79;26;79;21,93333333;29;1,18538031;21,93333333;Negocios Internacionales;Escuela de Negocios;CALCULO I (ANEC);MAT1100;2 Ecuaciones y desigualdades;25;1 Repaso de álgebra y geometría;3,9;1437;1 Avance entre [ 18 - 37 temas];No alcanzo meta;3,4
202510;N;1438;N;13/01/2025 9:51:20 a. m.;202510 Pre Cálculo ANEC;Precálculo;13/01/2025 9:52:56 a. m.;333;70;0,333333333;1;79;21;79;24,03333333;27;0,832418059;24,03333333;Negocios Internacionales;Escuela de Negocios;CALCULO I (ANEC);MAT1100;2 Ecuaciones y desigualdades;20;1 Repaso de álgebra y geometría;2,2;1438;1 Avance entre [ 18 - 37 temas];No alcanzo meta;3,3
202510;N;1439;N;13/01/2025 9:51:14 a. m.;202510 Pre Cálculo ANEC;Precálculo;13/01/2025 9:54:29 a. m.;337;63;0,483333333;1;79;32;79;21,13333333;34;1,420062325;21,13333333;Negocios Internacionales;Escuela de Negocios;CALCULO I (ANEC);MAT1100;3 Temas Parcial 1 Cálculo I;31;1 Repaso de álgebra y geometría;3,72;1439;1 Avance entre [ 18 - 37 temas];Cumplimiento meta;4
202510;N;1440;N;13/01/2025 9:50:53 a. m.;202510 Pre Cálculo ANEC;Precálculo;13/01/2025 9:52:50 a. m.;311;65;0,95;1;79;36;79;26,31666667;39;1,367925524;26,31666667;Administración de Empresas;Escuela de Negocios;CALCULO I (ANEC);MAT1100;3 Temas Parcial 1 Cálculo I;35;1 Repaso de álgebra y geometría;4,5;1440;1 Avance entre [ 18 - 37 temas];Cumplimiento meta;4,6
202510;N;1441;N;13/01/2025 9:52:24 a. m.;202510 Pre Cálculo ANEC;Precálculo;13/01/2025 9:56:01 a. m.;323;55;0,216666667;1;79;35;79;26,46666667;37;1,284971917;26,46666667;Negocios Internacionales;Escuela de Negocios;CALCULO I (ANEC);MAT1100;3 Temas Parcial 1 Cálculo I;34;1 Repaso de álgebra y geometría;4,9;1441;1 Avance entre [ 18 - 37 temas];Cumplimiento meta;3,7
202510;N;1442;N;13/01/2025 9:53:21 a. m.;202510 Pre Cálculo ANEC;Precálculo;13/01/2025 9:56:07 a. m.;343;77;0,433333333;1;79;35;79;21,76666667;37;1,470025266;21,76666667;Negocios Internacionales;Escuela de Negocios;CALCULO I (ANEC);MAT1100;3 Temas Parcial 1 Cálculo I;34;1 Repaso de álgebra y geometría;2,8;1442;1 Avance entre [ 18 - 37 temas];Cumplimiento meta;3,4
202510;N;1443;N;13/01/2025 9:53:25 a. m.;202510 Pre Cálculo ANEC;Precálculo;13/01/2025 9:55:13 a. m.;353;73;0,383333333;1;79;55;79;25,28333333;49;1,740276862;25,28333333;Negocios Internacionales;Escuela de Negocios;CALCULO I (ANEC);MAT1100;3 Temas Parcial 1 Cálculo I;54;1 Repaso de álgebra y geometría;4,6;1443;2 Avance entre [ 37 - 55 temas];Cumplimiento meta;3,6
202510;N;1444;N;13/01/2025 9:56:49 a. m.;202510 Pre Cálculo ANEC;Precálculo;13/01/2025 9:57:50 a. m.;349;100;0,5;1;79;13;79;15,83333333;15;0,757934628;15,83333333;Administración de Empresas;Escuela de Negocios;CALCULO I (ANEC);MAT1100;2 Ecuaciones y desigualdades;12;1 Repaso de álgebra y geometría;1,7;1444;0 Avance menor a 18 temas;No alcanzo meta;3
202510;N;1445;N;13/01/2025 9:51:22 a. m.;202510 Pre Cálculo ANEC;Precálculo;13/01/2025 9:52:17 a. m.;357;75;0,533333333;1;79;11;79;5,883333333;12;1,701082077;5,883333333;Negocios Internacionales;Escuela de Negocios;CALCULO I (ANEC);MAT1100;2 Ecuaciones y desigualdades;10;1 Repaso de álgebra y geometría;2,28;1445;0 Avance menor a 18 temas;No alcanzo meta;3,1
202510;N;1446;N;13/01/2025 2:23:18 p. m.;202510 Pre Cálculo ANEC;Precálculo;13/01/2025 2:25:22 p. m.;345;85;0,4;1;79;11;79;8,1;12;1,234398574;8,1;Economía;Div Humanidades, Artes y Cs. S;CALCULO I (ANEC);MAT1100;2 Ecuaciones y desigualdades;10;1 Repaso de álgebra y geometría;4,2;1446;0 Avance menor a 18 temas;No alcanzo meta;3,8
202510;N;1447;N;13/01/2025 9:51:34 a. m.;202510 Pre Cálculo ANEC;Precálculo;13/01/2025 9:53:22 a. m.;292;60;0,483333333;1;79;35;79;21;36;1,428495847;21;Básico Negoc Internacionales;Centro de Educ. Continuada;CALCULO I (ANEC);MAT1100;3 Temas Parcial 1 Cálculo I;34;1 Repaso de álgebra y geometría;2,76;1447;1 Avance entre [ 18 - 37 temas];Cumplimiento meta;3,7
202510;N;1448;N;13/01/2025 9:49:15 a. m.;202510 Pre Cálculo ANEC;Precálculo;13/01/2025 9:50:49 a. m.;335;68;0,3;1;79;9;79;5,033333333;8;1,589754913;5,033333333;Negocios Internacionales;Escuela de Negocios;CALCULO I (ANEC);MAT1100;1 Repaso de Álgebra y Geometría;8;1 Repaso de álgebra y geometría;4,9;1448;0 Avance menor a 18 temas;No alcanzo meta;4,2
202510;N;1449;N;13/01/2025 9:52:47 a. m.;202510 Pre Cálculo ANEC;Precálculo;13/01/2025 9:53:47 a. m.;280;59;0,25;1;79;22;79;25,53333333;23;0,822722821;25,53333333;Negocios Internacionales;Escuela de Negocios;CALCULO I (ANEC);MAT1100;2 Ecuaciones y desigualdades;21;1 Repaso de álgebra y geometría;3,24;1449;1 Avance entre [ 18 - 37 temas];No alcanzo meta;1,5
202510;N;1450;N;13/01/2025 9:52:30 a. m.;202510 Pre Cálculo ANEC;Precálculo;13/01/2025 9:55:07 a. m.;347;74;0,483333333;1;79;23;79;21,25;23;1,082635983;21,25;Negocios Internacionales;Escuela de Negocios;CALCULO I (ANEC);MAT1100;2 Ecuaciones y desigualdades;22;1 Repaso de álgebra y geometría;3,9;1450;1 Avance entre [ 18 - 37 temas];No alcanzo meta;3
202510;N;1451;N;13/01/2025 8:51:16 a. m.;202510 Pre Cálculo ING-GEO-MAT-DAt;Precálculo;13/01/2025 8:52:00 a. m.;344;73;0,25;1;79;49;79;26,4;57;1,894298163;26,4;Ingeniería Sistemas Y Computac;División de Ingenierías;CALCULO I;MAT1101;3 Temas Parcial 1 Cálculo I;48;1 Repaso de álgebra y geometría;2,8;1451;2 Avance entre [ 40 - 60 temas];Cumplimiento meta;3
202510;N;1452;N;13/01/2025 9:04:48 a. m.;202510 Pre Cálculo ING-GEO-MAT-DAt;Precálculo;13/01/2025 9:07:48 a. m.;333;69;0,2;1;79;12;79;24,13333333;14;0,455806351;24,13333333;Ingeniería Eléctrica;División de Ingenierías;CALCULO I;MAT1101;2 Ecuaciones y desigualdades;11;1 Repaso de álgebra y geometría;1,4;1452;0 Avance menor a 19 temas;No alcanzo meta;3
202510;N;1453;N;13/01/2025 9:18:10 a. m.;202510 Pre Cálculo ING-GEO-MAT-DAt;Precálculo;13/01/2025 9:19:24 a. m.;372;76;0,283333333;1;79;31;79;13,63333333;34;2,27268099;13,63333333;Ingeniería Electrónica;División de Ingenierías;CALCULO I;MAT1101;3 Temas Parcial 1 Cálculo I;30;1 Repaso de álgebra y geometría;3,2;1453;1 Avance entre [ 19 - 40 temas];Cumplimiento meta;3,6
202510;N;1454;N;13/01/2025 2:18:37 p. m.;202510 Pre Cálculo ING-GEO-MAT-DAt;Precálculo;13/01/2025 2:23:19 p. m.;308;55;0,366666667;1;79;12;79;18,31666667;14;0,600491311;18,31666667;Ingeniería Industrial;División de Ingenierías;CALCULO I;MAT1101;2 Ecuaciones y desigualdades;11;1 Repaso de álgebra y geometría;2,6;1454;0 Avance menor a 19 temas;No alcanzo meta;1,5
202510;N;1455;N;13/01/2025 2:21:39 p. m.;202510 Pre Cálculo ING-GEO-MAT-DAt;Precálculo;13/01/2025 2:23:03 p. m.;337;68;0,766666667;1;79;33;79;36,08333333;43;0,997590695;36,08333333;Ingeniería Industrial;División de Ingenierías;CALCULO I;MAT1101;3 Temas Parcial 1 Cálculo I;32;1 Repaso de álgebra y geometría;3,6;1455;1 Avance entre [ 19 - 40 temas];Cumplimiento meta;3,7
202510;N;1456;N;13/01/2025 8:56:07 a. m.;202510 Pre Cálculo ING-GEO-MAT-DAt;Precálculo;13/01/2025 8:57:06 a. m.;342;64;0,333333333;1;79;30;79;20,53333333;32;1,314774987;20,53333333;Ingeniería Eléctrica;División de Ingenierías;CALCULO I;MAT1101;2 Ecuaciones y desigualdades;29;1 Repaso de álgebra y geometría;3,3;1456;1 Avance entre [ 19 - 40 temas];No alcanzo meta;3,9
202510;N;1457;N;13/01/2025 2:22:10 p. m.;202510 Pre Cálculo ING-GEO-MAT-DAt;Precálculo;13/01/2025 2:23:38 p. m.;433;76;0,233333333;1;79;30;79;13,25;33;2,189229995;13,25;Ciencia de Datos;División de Ciencias Básicas;CALCULO I;MAT1101;2 Ecuaciones y desigualdades;29;1 Repaso de álgebra y geometría;3,4;1457;1 Avance entre [ 19 - 40 temas];No alcanzo meta;3,3
202510;N;1458;N;13/01/2025 2:22:36 p. m.;202510 Pre Cálculo ING-GEO-MAT-DAt;Precálculo;13/01/2025 2:23:31 p. m.;352;70;0,2;1;79;20;79;11,08333333;21;1,713727357;11,08333333;Ingeniería Industrial;División de Ingenierías;CALCULO I;MAT1101;2 Ecuaciones y desigualdades;19;1 Repaso de álgebra y geometría;3,4;1458;1 Avance entre [ 19 - 40 temas];No alcanzo meta;3,3
202510;N;1459;N;13/01/2025 8:55:11 a. m.;202510 Pre Cálculo ING-GEO-MAT-DAt;Precálculo;13/01/2025 8:56:55 a. m.;273;54;0,3;1;79;36;79;17,05;22;1,17277214;17,05;Ingeniería Sistemas Y Computac;División de Ingenierías;CALCULO I;MAT1101;3 Temas Parcial 1 Cálculo I;35;1 Repaso de álgebra y geometría;3,9;1459;1 Avance entre [ 19 - 40 temas];Cumplimiento meta;3
202510;N;1460;N;13/01/2025 8:54:41 a. m.;202510 Pre Cálculo ING-GEO-MAT-DAt;Precálculo;13/01/2025 8:56:19 a. m.;382;75;0,266666667;1;79;51;79;17,65;52;2,605535189;17,65;Ingeniería Sistemas Y Computac;División de Ingenierías;CALCULO I;MAT1101;3 Temas Parcial 1 Cálculo I;50;1 Repaso de álgebra y geometría;5;1460;2 Avance entre [ 40 - 60 temas];Cumplimiento meta;4,4
202510;N;1461;N;13/01/2025 9:03:58 a. m.;202510 Pre Cálculo ING-GEO-MAT-DAt;Precálculo;13/01/2025 9:05:05 a. m.;435;72;0,25;1;79;28;79;13,11666667;36;2,363155109;13,11666667;Ingeniería Mecánica;División de Ingenierías;CALCULO I;MAT1101;2 Ecuaciones y desigualdades;27;1 Repaso de álgebra y geometría;3,3;1461;1 Avance entre [ 19 - 40 temas];No alcanzo meta;3,2
202510;N;1462;N;13/01/2025 9:15:16 a. m.;202510 Pre Cálculo ING-GEO-MAT-DAt;Precálculo;13/01/2025 9:16:41 a. m.;386;75;0,55;1;79;45;79;29,73333333;49;1,513353947;29,73333333;Ingeniería Sistemas Y Computac;División de Ingenierías;CALCULO I;MAT1101;3 Temas Parcial 1 Cálculo I;44;1 Repaso de álgebra y geometría;4,2;1462;2 Avance entre [ 40 - 60 temas];Cumplimiento meta;3,5
202510;N;1463;N;13/01/2025 2:20:24 p. m.;202510 Pre Cálculo ING-GEO-MAT-DAt;Precálculo;13/01/2025 2:23:20 p. m.;379;76;0,233333333;1;79;12;79;6,5;13;1,69295883;6,5;Geología;División de Ciencias Básicas;CALCULO I;MAT1101;2 Ecuaciones y desigualdades;11;1 Repaso de álgebra y geometría;3;1463;0 Avance menor a 19 temas;No alcanzo meta;3,8
202510;N;1464;N;13/01/2025 2:23:26 p. m.;202510 Pre Cálculo ING-GEO-MAT-DAt;Precálculo;13/01/2025 2:26:30 p. m.;366;72;0,233333333;1;79;36;79;19,76666667;36;1,669406855;19,76666667;Ciencia de Datos;División de Ciencias Básicas;CALCULO I;MAT1101;3 Temas Parcial 1 Cálculo I;35;1 Repaso de álgebra y geometría;3,3;1464;1 Avance entre [ 19 - 40 temas];Cumplimiento meta;3,7
202510;N;1465;N;13/01/2025 9:07:53 a. m.;202510 Pre Cálculo ING-GEO-MAT-DAt;Precálculo;13/01/2025 9:11:17 a. m.;349;70;0,4;1;79;27;79;16,15;31;1,795789184;16,15;Ingeniería Eléctrica;División de Ingenierías;CALCULO I;MAT1101;2 Ecuaciones y desigualdades;26;1 Repaso de álgebra y geometría;2,8;1465;1 Avance entre [ 19 - 40 temas];No alcanzo meta;3
202510;N;1466;N;13/01/2025 9:10:50 a. m.;202510 Pre Cálculo ING-GEO-MAT-DAt;Precálculo;13/01/2025 9:11:57 a. m.;344;67;0,283333333;1;79;40;79;43,1;51;0,951196407;43,1;Ingeniería Sistemas Y Computac;División de Ingenierías;CALCULO I;MAT1101;3 Temas Parcial 1 Cálculo I;39;1 Repaso de álgebra y geometría;2,5;1466;1 Avance entre [ 19 - 40 temas];Cumplimiento meta;1,5
202510;N;1467;N;17/01/2025 8:28:51 a. m.;202510 Pre Cálculo ING-GEO-MAT-DAt;Precálculo;17/01/2025 8:30:34 a. m.;355;69;0,25;1;79;29;79;7,2;23;3,052964305;7,2;Ingeniería Industrial;División de Ingenierías;CALCULO I;MAT1101;2 Ecuaciones y desigualdades;28;1 Repaso de álgebra y geometría;3,8;1467;1 Avance entre [ 19 - 40 temas];No alcanzo meta;4,3
202510;N;1468;N;15/01/2025 1:50:57 p. m.;202510 Pre Cálculo ING-GEO-MAT-DAt;Precálculo;15/01/2025 1:53:16 p. m.;364;68;0,15;1;79;30;79;6,566666667;26;3,959893387;6,566666667;Geología;División de Ciencias Básicas;CALCULO I;MAT1101;2 Ecuaciones y desigualdades;29;1 Repaso de álgebra y geometría;3,6;1468;1 Avance entre [ 19 - 40 temas];No alcanzo meta;3,8
202510;N;1469;N;13/01/2025 2:22:35 p. m.;202510 Pre Cálculo ING-GEO-MAT-DAt;Precálculo;13/01/2025 2:24:38 p. m.;337;65;0,316666667;1;79;34;79;21,36666667;40;1,544180726;21,36666667;Ingeniería Industrial;División de Ingenierías;CALCULO I;MAT1101;3 Temas Parcial 1 Cálculo I;33;1 Repaso de álgebra y geometría;4;1469;1 Avance entre [ 19 - 40 temas];Cumplimiento meta;4
202510;N;1470;N;13/01/2025 9:03:54 a. m.;202510 Pre Cálculo ING-GEO-MAT-DAt;Precálculo;13/01/2025 9:05:43 a. m.;272;53;0,333333333;1;79;22;79;17,98333333;25;1,111797406;17,98333333;Ingeniería Sistemas Y Computac;División de Ingenierías;CALCULO I;MAT1101;2 Ecuaciones y desigualdades;21;1 Repaso de álgebra y geometría;2,5;1470;1 Avance entre [ 19 - 40 temas];No alcanzo meta;1,5
202510;N;1471;N;13/01/2025 8:53:19 a. m.;202510 Pre Cálculo ING-GEO-MAT-DAt;Precálculo;13/01/2025 8:55:39 a. m.;390;79;0,7;1;79;30;79;15,98333333;33;1,689670758;15,98333333;Ingeniería Sistemas Y Computac;División de Ingenierías;CALCULO I;MAT1101;2 Ecuaciones y desigualdades;29;1 Repaso de álgebra y geometría;2;1471;1 Avance entre [ 19 - 40 temas];No alcanzo meta;1,5
202510;N;1472;N;13/01/2025 8:53:18 a. m.;202510 Pre Cálculo ING-GEO-MAT-DAt;Precálculo;13/01/2025 8:55:59 a. m.;341;65;0,283333333;1;79;68;79;37,58333333;75;1,942680574;37,58333333;Ingeniería Sistemas Y Computac;División de Ingenierías;CALCULO I;MAT1101;4 Temas Parcial 2 Cálculo I;67;1 Repaso de álgebra y geometría;3,8;1472;3 Avance superior a 60 temas;Cumplimiento meta;4,2
202510;N;1473;N;14/01/2025 8:26:06 a. m.;202510 Pre Cálculo ING-GEO-MAT-DAt;Precálculo;14/01/2025 8:26:55 a. m.;355;68;0,133333333;1;79;9;79;6,1;10;1,312072893;6,1;Ingeniería Electrónica;División de Ingenierías;CALCULO I;MAT1101;1 Repaso de Álgebra y Geometría;8;1 Repaso de álgebra y geometría;1,9;1473;0 Avance menor a 19 temas;No alcanzo meta;2,3
202510;N;1474;N;13/01/2025 2:23:16 p. m.;202510 Pre Cálculo ING-GEO-MAT-DAt;Precálculo;13/01/2025 2:24:44 p. m.;312;65;0,283333333;1;79;23;79;12,83333333;27;1,871142393;12,83333333;Ingeniería Civil;División de Ingenierías;CALCULO I;MAT1101;2 Ecuaciones y desigualdades;22;1 Repaso de álgebra y geometría;2,9;1474;1 Avance entre [ 19 - 40 temas];No alcanzo meta;3
202530;N;1475;N;14/07/2025 9:07:57 a. m.;202530 Pre Cálculo ANEC;Precálculo;14/07/2025 9:12:21 a. m.;300;69;0,366666667;1;79;54;79;37,45;63;1,548467477;37,45;Negocios Internacionales;Escuela de Negocios;CALCULO I (ANEC);MAT1100;3 Temas Parcial 1 Cálculo I;53;1 Repaso de álgebra y geometría;4,5;1475;2 Avance entre [ 37 - 55 temas];Cumplimiento meta;3,3
202530;N;1476;N;14/07/2025 9:08:06 a. m.;202530 Pre Cálculo ANEC;Precálculo;14/07/2025 9:11:11 a. m.;327;61;0,2;1;79;43;79;10,03333333;39;3,684749232;10,03333333;Administración de Empresas;Escuela de Negocios;CALCULO I (ANEC);MAT1100;3 Temas Parcial 1 Cálculo I;42;1 Repaso de álgebra y geometría;3,7;1476;2 Avance entre [ 37 - 55 temas];Cumplimiento meta;3,6
202530;N;1477;N;14/07/2025 9:07:17 a. m.;202530 Pre Cálculo ANEC;Precálculo;14/07/2025 9:10:27 a. m.;334;69;0,566666667;1;79;14;79;9,35;14;1,391283667;9,35;Administración de Empresas;Escuela de Negocios;CALCULO I (ANEC);MAT1100;2 Ecuaciones y desigualdades;13;1 Repaso de álgebra y geometría;3,6;1477;0 Avance menor a 18 temas;No alcanzo meta;3,2
202530;N;1478;N;14/07/2025 9:09:00 a. m.;202530 Pre Cálculo ANEC;Precálculo;14/07/2025 9:14:49 a. m.;343;58;0,316666667;1;79;30;79;24,65;33;1,21736778;24,65;Negocios Internacionales;Escuela de Negocios;CALCULO I (ANEC);MAT1100;2 Ecuaciones y desigualdades;29;1 Repaso de álgebra y geometría;4,6;1478;1 Avance entre [ 18 - 37 temas];No alcanzo meta;3,4
202530;N;1479;N;14/07/2025 9:07:46 a. m.;202530 Pre Cálculo ANEC;Precálculo;14/07/2025 9:12:30 a. m.;386;100;0,283333333;1;79;46;79;24,21666667;54;1,899692562;24,21666667;Negocios Internacionales;Escuela de Negocios;CALCULO I (ANEC);MAT1100;3 Temas Parcial 1 Cálculo I;45;1 Repaso de álgebra y geometría;5;1479;2 Avance entre [ 37 - 55 temas];Cumplimiento meta;4,7
202530;N;1480;N;14/07/2025 9:12:49 a. m.;202530 Pre Cálculo ANEC;Precálculo;14/07/2025 9:19:41 a. m.;316;62;0,433333333;1;79;27;79;20,71666667;27;1,254876724;20,71666667;Negocios Internacionales;Escuela de Negocios;CALCULO I (ANEC);MAT1100;2 Ecuaciones y desigualdades;26;1 Repaso de álgebra y geometría;2,9;1480;1 Avance entre [ 18 - 37 temas];No alcanzo meta;3,2
202530;N;1481;N;14/07/2025 9:07:15 a. m.;202530 Pre Cálculo ANEC;Precálculo;14/07/2025 9:10:31 a. m.;372;79;0,15;1;79;35;79;30,03333333;41;1,19865706;30,03333333;Administración de Empresas;Escuela de Negocios;CALCULO I (ANEC);MAT1100;3 Temas Parcial 1 Cálculo I;34;1 Repaso de álgebra y geometría;4,7;1481;1 Avance entre [ 18 - 37 temas];Cumplimiento meta;3,8
202530;N;1482;N;14/07/2025 9:10:08 a. m.;202530 Pre Cálculo ANEC;Precálculo;14/07/2025 9:15:25 a. m.;277;65;0,5;1;79;8;79;5,433333333;9;1,286896129;5,433333333;Administración de Empresas;Escuela de Negocios;CALCULO I (ANEC);MAT1100;1 Repaso de Álgebra y Geometría;7;1 Repaso de álgebra y geometría;2,3;1482;0 Avance menor a 18 temas;No alcanzo meta;3
202530;N;1483;N;14/07/2025 9:07:14 a. m.;202530 Pre Cálculo ANEC;Precálculo;14/07/2025 9:10:34 a. m.;307;67;0,2;1;79;10;79;6,666666667;11;1,349044427;6,666666667;Administración de Empresas;Escuela de Negocios;CALCULO I (ANEC);MAT1100;1 Repaso de Álgebra y Geometría;9;1 Repaso de álgebra y geometría;4,2;1483;0 Avance menor a 18 temas;No alcanzo meta;4
202530;N;1484;N;15/07/2025 8:11:45 a. m.;202530 Pre Cálculo ANEC;Precálculo;15/07/2025 8:18:58 a. m.;334;67;0,55;1;79;25;79;10,81666667;20;1,85009122;10,81666667;Negocios Internacionales;Escuela de Negocios;CALCULO I (ANEC);MAT1100;2 Ecuaciones y desigualdades;24;1 Repaso de álgebra y geometría;2,3;1484;1 Avance entre [ 18 - 37 temas];No alcanzo meta;3,2
202530;N;1485;N;14/07/2025 9:07:16 a. m.;202530 Pre Cálculo ANEC;Precálculo;14/07/2025 9:14:01 a. m.;227;48;0,133333333;1;79;5;79;4,216666667;6;0,949429683;4,216666667;Administración de Empresas;Escuela de Negocios;CALCULO I (ANEC);MAT1100;1 Repaso de Álgebra y Geometría;4;1 Repaso de álgebra y geometría;2,1;1485;0 Avance menor a 18 temas;No alcanzo meta;2,6
202530;N;1486;N;14/07/2025 9:07:43 a. m.;202530 Pre Cálculo ANEC;Precálculo;14/07/2025 9:13:45 a. m.;333;64;0,216666667;1;79;14;79;14,66666667;17;0,886229359;14,66666667;Negocios Internacionales;Escuela de Negocios;CALCULO I (ANEC);MAT1100;2 Ecuaciones y desigualdades;13;1 Repaso de álgebra y geometría;3,9;1486;0 Avance menor a 18 temas;No alcanzo meta;2,2
202530;N;1487;N;14/07/2025 9:07:47 a. m.;202530 Pre Cálculo ANEC;Precálculo;14/07/2025 9:13:24 a. m.;343;67;0,133333333;1;79;56;79;36,43333333;63;1,591645386;36,43333333;Negocios Internacionales;Escuela de Negocios;CALCULO I (ANEC);MAT1100;3 Temas Parcial 1 Cálculo I;55;1 Repaso de álgebra y geometría;4,7;1487;3 Avance superior a 55 temas;Cumplimiento meta;4,8
202530;N;1488;N;14/07/2025 9:07:38 a. m.;202530 Pre Cálculo ANEC;Precálculo;14/07/2025 9:11:00 a. m.;378;72;0,25;1;79;33;79;35,25;53;1,191367315;35,25;Negocios Internacionales;Escuela de Negocios;CALCULO I (ANEC);MAT1100;3 Temas Parcial 1 Cálculo I;32;1 Repaso de álgebra y geometría;4;1488;1 Avance entre [ 18 - 37 temas];Cumplimiento meta;3,6
202530;N;1489;N;14/07/2025 9:08:17 a. m.;202530 Pre Cálculo ANEC;Precálculo;14/07/2025 9:13:54 a. m.;266;54;0,483333333;1;79;42;79;35,7;42;1,120413308;35,7;Negocios Internacionales;Escuela de Negocios;CALCULO I (ANEC);MAT1100;3 Temas Parcial 1 Cálculo I;41;1 Repaso de álgebra y geometría;2,4;1489;2 Avance entre [ 37 - 55 temas];Cumplimiento meta;4,1
202530;N;1490;N;14/07/2025 9:08:38 a. m.;202530 Pre Cálculo ANEC;Precálculo;14/07/2025 9:14:50 a. m.;362;79;0,466666667;1;79;34;79;21,43333333;25;1,026318859;21,43333333;Negocios Internacionales;Escuela de Negocios;CALCULO I (ANEC);MAT1100;3 Temas Parcial 1 Cálculo I;33;1 Repaso de álgebra y geometría;5;1490;1 Avance entre [ 18 - 37 temas];Cumplimiento meta;4,4
202530;N;1491;N;14/07/2025 9:07:19 a. m.;202530 Pre Cálculo ANEC;Precálculo;14/07/2025 9:12:03 a. m.;353;70;0,233333333;1;79;36;79;20,78333333;40;1,828950359;20,78333333;Administración de Empresas;Escuela de Negocios;CALCULO I (ANEC);MAT1100;3 Temas Parcial 1 Cálculo I;35;1 Repaso de álgebra y geometría;4,9;1491;1 Avance entre [ 18 - 37 temas];Cumplimiento meta;4
202530;N;1492;N;14/07/2025 9:11:03 a. m.;202530 Pre Cálculo ANEC;Precálculo;14/07/2025 9:20:39 a. m.;139;32;0,65;1;79;36;79;20,53333333;45;1,850198815;20,53333333;Administración de Empresas;Escuela de Negocios;CALCULO I (ANEC);MAT1100;3 Temas Parcial 1 Cálculo I;35;1 Repaso de álgebra y geometría;1,5;1492;1 Avance entre [ 18 - 37 temas];Cumplimiento meta;1,5
202530;N;1493;N;14/07/2025 3:15:29 p. m.;202530 Pre Cálculo ING-GEO-DAT;Precálculo;14/07/2025 3:20:19 p. m.;342;76;0,533333333;1;79;46;79;26,51666667;52;1,848204183;26,51666667;Ingeniería Civil;División de Ingenierías;CALCULO I;MAT1101;3 Temas Parcial 1 Cálculo I;45;1 Repaso de álgebra y geometría;3,8;1493;2 Avance entre [ 40 - 60 temas];Cumplimiento meta;3,6
202530;N;1494;N;15/07/2025 8:37:10 a. m.;202530 Pre Cálculo ING-GEO-DAT;Precálculo;15/07/2025 8:39:56 a. m.;307;65;0,583333333;1;79;48;79;34,35;37;0,989650712;34,35;Ciencia de Datos;División de Ciencias Básicas;CALCULO I;MAT1101;3 Temas Parcial 1 Cálculo I;47;1 Repaso de álgebra y geometría;3,4;1494;2 Avance entre [ 40 - 60 temas];Cumplimiento meta;3
202530;N;1495;N;14/07/2025 3:14:38 p. m.;202530 Pre Cálculo ING-GEO-DAT;Precálculo;14/07/2025 3:20:56 p. m.;404;71;0,266666667;1;79;35;79;32,48333333;38;1,046663759;32,48333333;Ciencia de Datos;División de Ciencias Básicas;CALCULO I;MAT1101;3 Temas Parcial 1 Cálculo I;34;1 Repaso de álgebra y geometría;5;1495;1 Avance entre [ 19 - 40 temas];Cumplimiento meta;3,3
202530;N;1496;N;14/07/2025 3:06:38 p. m.;202530 Pre Cálculo ING-GEO-DAT;Precálculo;14/07/2025 3:12:10 p. m.;317;65;0,683333333;1;79;44;79;21,41666667;48;2,008250954;21,41666667;Ingeniería Biomédica;División de Ingenierías;CALCULO I;MAT1101;3 Temas Parcial 1 Cálculo I;43;1 Repaso de álgebra y geometría;;1496;2 Avance entre [ 40 - 60 temas];Cumplimiento meta;1,5
202530;N;1497;N;14/07/2025 3:15:43 p. m.;202530 Pre Cálculo ING-GEO-DAT;Precálculo;14/07/2025 3:21:49 p. m.;294;63;0,566666667;1;79;12;79;19,03333333;15;0,577984062;19,03333333;Geología;División de Ciencias Básicas;CALCULO I;MAT1101;2 Ecuaciones y desigualdades;11;1 Repaso de álgebra y geometría;1;1497;0 Avance menor a 19 temas;No alcanzo meta;1,5
202530;N;1498;N;14/07/2025 3:06:39 p. m.;202530 Pre Cálculo ING-GEO-DAT;Precálculo;14/07/2025 3:11:51 p. m.;302;62;0,15;1;79;14;79;23,41666667;17;0,555041628;23,41666667;Ingeniería Sistemas Y Computac;División de Ingenierías;CALCULO I;MAT1101;2 Ecuaciones y desigualdades;13;1 Repaso de álgebra y geometría;1,1;1498;0 Avance menor a 19 temas;No alcanzo meta;1,5
202530;N;1499;N;14/07/2025 3:06:41 p. m.;202530 Pre Cálculo ING-GEO-DAT;Precálculo;14/07/2025 3:12:29 p. m.;343;67;0,466666667;1;79;39;79;31,78333333;40;1,038488772;31,78333333;Ingeniería Sistemas Y Computac;División de Ingenierías;CALCULO I;MAT1101;3 Temas Parcial 1 Cálculo I;38;1 Repaso de álgebra y geometría;1;1499;1 Avance entre [ 19 - 40 temas];Cumplimiento meta;1,5
202530;N;1500;N;14/07/2025 3:17:13 p. m.;202530 Pre Cálculo ING-GEO-DAT;Precálculo;14/07/2025 3:21:58 p. m.;263;54;0,383333333;1;79;26;79;19,2;28;1,302611011;19,2;Ingeniería Eléctrica;División de Ingenierías;CALCULO I;MAT1101;2 Ecuaciones y desigualdades;25;1 Repaso de álgebra y geometría;2,5;1500;1 Avance entre [ 19 - 40 temas];No alcanzo meta;3,2
202530;N;1501;N;14/07/2025 3:06:49 p. m.;202530 Pre Cálculo ING-GEO-DAT;Precálculo;14/07/2025 3:12:04 p. m.;376;77;0,283333333;1;79;34;79;15,2;35;2,170140475;15,2;Ingeniería Biomédica;División de Ingenierías;CALCULO I;MAT1101;3 Temas Parcial 1 Cálculo I;33;1 Repaso de álgebra y geometría;;1501;1 Avance entre [ 19 - 40 temas];Cumplimiento meta;1,5
202530;N;1502;N;14/07/2025 3:07:37 p. m.;202530 Pre Cálculo ING-GEO-DAT;Precálculo;14/07/2025 3:11:56 p. m.;370;72;0,383333333;1;79;58;79;52,68333333;64;1,138742006;52,68333333;Ingeniería Sistemas Y Computac;División de Ingenierías;CALCULO I;MAT1101;4 Temas Parcial 2 Cálculo I;57;1 Repaso de álgebra y geometría;5;1502;2 Avance entre [ 40 - 60 temas];Cumplimiento meta;5
202530;N;1503;N;14/07/2025 3:07:32 p. m.;202530 Pre Cálculo ING-GEO-DAT;Precálculo;14/07/2025 3:13:31 p. m.;364;72;0,5;1;79;39;79;28,16666667;42;1,348859681;28,16666667;Ingeniería Sistemas Y Computac;División de Ingenierías;CALCULO I;MAT1101;3 Temas Parcial 1 Cálculo I;38;1 Repaso de álgebra y geometría;3,6;1503;1 Avance entre [ 19 - 40 temas];Cumplimiento meta;3
202530;N;1504;N;14/07/2025 3:13:53 p. m.;202530 Pre Cálculo ING-GEO-DAT;Precálculo;14/07/2025 3:17:09 p. m.;380;66;0,183333333;1;79;25;79;16,73333333;33;1,791995752;16,73333333;Ciencia de Datos;División de Ciencias Básicas;CALCULO I;MAT1101;2 Ecuaciones y desigualdades;24;1 Repaso de álgebra y geometría;3,3;1504;1 Avance entre [ 19 - 40 temas];No alcanzo meta;3
202530;N;1505;N;18/07/2025 8:38:49 a. m.;202530 Pre Cálculo ING-GEO-DAT;Precálculo;18/07/2025 8:47:14 a. m.;316;61;0,6;1;79;19;79;12,7;22;1,416703105;12,7;Ingeniería Sistemas Y Computac;División de Ingenierías;CALCULO I;MAT1101;2 Ecuaciones y desigualdades;18;1 Repaso de álgebra y geometría;3,8;1505;0 Avance menor a 19 temas;No alcanzo meta;4,1
202530;N;1506;N;17/07/2025 8:19:35 a. m.;202530 Pre Cálculo ING-GEO-DAT;Precálculo;17/07/2025 8:23:08 a. m.;341;66;0,083333333;1;79;13;79;12,91666667;29;2,013379509;12,91666667;Ciencia de Datos;División de Ciencias Básicas;CALCULO I;MAT1101;2 Ecuaciones y desigualdades;12;1 Repaso de álgebra y geometría;4;1506;0 Avance menor a 19 temas;No alcanzo meta;3,1
